bank_id,scenario_id,actual_condition,predicted_condition,prob_healthy,prob_stressed,prob_critical
BANK_001,SCN_0001,Healthy,Healthy,1.0,0.0,0.0
BANK_002,SCN_0001,Healthy,Healthy,0.998,0.002,0.0
BANK_003,SCN_0001,Healthy,Healthy,0.758,0.242,0.0
BANK_004,SCN_0001,Stressed,Healthy,0.984,0.016,0.0
BANK_005,SCN_0001,Healthy,Healthy,1.0,0.0,0.0
BANK_006,SCN_0001,Stressed,Stressed,0.0,1.0,0.0
BANK_007,SCN_0001,Healthy,Healthy,1.0,0.0,0.0
BANK_008,SCN_0001,Stressed,Stressed,0.0,1.0,0.0
BANK_009,SCN_0001,Healthy,Healthy,0.768,0.232,0.0
BANK_010,SCN_0001,Stressed,Stressed,0.072,0.928,0.0
BANK_011,SCN_0001,Healthy,Healthy,1.0,0.0,0.0
BANK_012,SCN_0001,Healthy,Healthy,1.0,0.0,0.0
BANK_013,SCN_0001,Critical,Critical,0.0,0.0,1.0
BANK_014,SCN_0001,Stressed,Stressed,0.234,0.766,0.0
BANK_015,SCN_0001,Stressed,Stressed,0.0,0.624,0.376
BANK_016,SCN_0001,Healthy,Healthy,1.0,0.0,0.0
BANK_017,SCN_0001,Stressed,Stressed,0.0,0.984,0.016
BANK_018,SCN_0001,Stressed,Stressed,0.0,1.0,0.0
BANK_019,SCN_0001,Critical,Critical,0.0,0.0,1.0
BANK_020,SCN_0001,Critical,Critical,0.0,0.076,0.924
BANK_021,SCN_0001,Critical,Stressed,0.0,0.664,0.336
BANK_022,SCN_0001,Critical,Critical,0.0,0.126,0.874
BANK_023,SCN_0001,Healthy,Healthy,1.0,0.0,0.0
BANK_024,SCN_0001,Stressed,Stressed,0.0,1.0,0.0
BANK_025,SCN_0001,Stressed,Stressed,0.39,0.61,0.0
BANK_026,SCN_0001,Healthy,Healthy,0.966,0.034,0.0
BANK_027,SCN_0001,Healthy,Stressed,0.284,0.716,0.0
BANK_028,SCN_0001,Critical,Critical,0.0,0.102,0.898
BANK_029,SCN_0001,Stressed,Stressed,0.0,0.974,0.026
BANK_030,SCN_0001,Critical,Critical,0.0,0.0,1.0
BANK_031,SCN_0001,Healthy,Healthy,1.0,0.0,0.0
BANK_032,SCN_0001,Healthy,Healthy,0.988,0.012,0.0
BANK_033,SCN_0001,Critical,Stressed,0.0,0.992,0.008
BANK_034,SCN_0001,Stressed,Stressed,0.02,0.98,0.0
BANK_035,SCN_0001,Healthy,Healthy,1.0,0.0,0.0
BANK_036,SCN_0001,Stressed,Healthy,0.788,0.212,0.0
BANK_037,SCN_0001,Stressed,Stressed,0.004,0.996,0.0
BANK_038,SCN_0001,Stressed,Stressed,0.002,0.998,0.0
BANK_039,SCN_0001,Healthy,Healthy,1.0,0.0,0.0
BANK_040,SCN_0001,Healthy,Healthy,1.0,0.0,0.0
BANK_001,SCN_0003,Healthy,Healthy,1.0,0.0,0.0
BANK_002,SCN_0003,Healthy,Healthy,1.0,0.0,0.0
BANK_003,SCN_0003,Healthy,Healthy,1.0,0.0,0.0
BANK_004,SCN_0003,Healthy,Healthy,1.0,0.0,0.0
BANK_005,SCN_0003,Healthy,Healthy,1.0,0.0,0.0
BANK_006,SCN_0003,Stressed,Stressed,0.0,1.0,0.0
BANK_007,SCN_0003,Healthy,Healthy,1.0,0.0,0.0
BANK_008,SCN_0003,Stressed,Stressed,0.324,0.676,0.0
BANK_009,SCN_0003,Healthy,Healthy,1.0,0.0,0.0
BANK_010,SCN_0003,Stressed,Stressed,0.37,0.63,0.0
BANK_011,SCN_0003,Healthy,Healthy,1.0,0.0,0.0
BANK_012,SCN_0003,Healthy,Healthy,1.0,0.0,0.0
BANK_013,SCN_0003,Critical,Critical,0.0,0.0,1.0
BANK_014,SCN_0003,Healthy,Healthy,0.994,0.006,0.0
BANK_015,SCN_0003,Stressed,Stressed,0.0,1.0,0.0
BANK_016,SCN_0003,Healthy,Healthy,1.0,0.0,0.0
BANK_017,SCN_0003,Healthy,Healthy,0.648,0.352,0.0
BANK_018,SCN_0003,Healthy,Healthy,1.0,0.0,0.0
BANK_019,SCN_0003,Critical,Critical,0.0,0.0,1.0
BANK_020,SCN_0003,Stressed,Critical,0.0,0.344,0.656
BANK_021,SCN_0003,Stressed,Stressed,0.014,0.986,0.0
BANK_022,SCN_0003,Stressed,Critical,0.0,0.272,0.728
BANK_023,SCN_0003,Healthy,Healthy,1.0,0.0,0.0
BANK_024,SCN_0003,Healthy,Healthy,1.0,0.0,0.0
BANK_025,SCN_0003,Healthy,Healthy,1.0,0.0,0.0
BANK_026,SCN_0003,Healthy,Healthy,1.0,0.0,0.0
BANK_027,SCN_0003,Healthy,Healthy,1.0,0.0,0.0
BANK_028,SCN_0003,Stressed,Healthy,0.558,0.442,0.0
BANK_029,SCN_0003,Stressed,Stressed,0.0,1.0,0.0
BANK_030,SCN_0003,Critical,Critical,0.0,0.0,1.0
BANK_031,SCN_0003,Healthy,Healthy,1.0,0.0,0.0
BANK_032,SCN_0003,Healthy,Healthy,1.0,0.0,0.0
BANK_033,SCN_0003,Stressed,Stressed,0.0,1.0,0.0
BANK_034,SCN_0003,Healthy,Healthy,1.0,0.0,0.0
BANK_035,SCN_0003,Healthy,Healthy,1.0,0.0,0.0
BANK_036,SCN_0003,Healthy,Healthy,1.0,0.0,0.0
BANK_037,SCN_0003,Healthy,Healthy,1.0,0.0,0.0
BANK_038,SCN_0003,Healthy,Healthy,1.0,0.0,0.0
BANK_039,SCN_0003,Healthy,Healthy,1.0,0.0,0.0
BANK_040,SCN_0003,Healthy,Healthy,1.0,0.0,0.0
BANK_001,SCN_0010,Healthy,Healthy,1.0,0.0,0.0
BANK_002,SCN_0010,Stressed,Healthy,0.968,0.032,0.0
BANK_003,SCN_0010,Healthy,Healthy,0.642,0.358,0.0
BANK_004,SCN_0010,Healthy,Healthy,0.92,0.08,0.0
BANK_005,SCN_0010,Healthy,Healthy,1.0,0.0,0.0
BANK_006,SCN_0010,Stressed,Stressed,0.0,1.0,0.0
BANK_007,SCN_0010,Healthy,Healthy,0.998,0.002,0.0
BANK_008,SCN_0010,Stressed,Stressed,0.0,1.0,0.0
BANK_009,SCN_0010,Healthy,Stressed,0.28,0.72,0.0
BANK_010,SCN_0010,Stressed,Stressed,0.002,0.998,0.0
BANK_011,SCN_0010,Healthy,Stressed,0.366,0.634,0.0
BANK_012,SCN_0010,Healthy,Healthy,1.0,0.0,0.0
BANK_013,SCN_0010,Critical,Critical,0.0,0.0,1.0
BANK_014,SCN_0010,Stressed,Critical,0.012,0.436,0.552
BANK_015,SCN_0010,Stressed,Critical,0.0,0.242,0.758
BANK_016,SCN_0010,Healthy,Healthy,1.0,0.0,0.0
BANK_017,SCN_0010,Stressed,Stressed,0.0,0.91,0.09
BANK_018,SCN_0010,Stressed,Stressed,0.0,1.0,0.0
BANK_019,SCN_0010,Critical,Critical,0.0,0.0,1.0
BANK_020,SCN_0010,Critical,Critical,0.0,0.0,1.0
BANK_021,SCN_0010,Critical,Stressed,0.0,0.6,0.4
BANK_022,SCN_0010,Critical,Critical,0.0,0.088,0.912
BANK_023,SCN_0010,Healthy,Healthy,1.0,0.0,0.0
BANK_024,SCN_0010,Stressed,Stressed,0.0,1.0,0.0
BANK_025,SCN_0010,Stressed,Stressed,0.154,0.846,0.0
BANK_026,SCN_0010,Healthy,Healthy,0.73,0.27,0.0
BANK_027,SCN_0010,Healthy,Healthy,0.636,0.364,0.0
BANK_028,SCN_0010,Stressed,Critical,0.0,0.204,0.796
BANK_029,SCN_0010,Critical,Stressed,0.0,0.626,0.374
BANK_030,SCN_0010,Critical,Critical,0.0,0.0,1.0
BANK_031,SCN_0010,Healthy,Healthy,1.0,0.0,0.0
BANK_032,SCN_0010,Healthy,Healthy,0.926,0.074,0.0
BANK_033,SCN_0010,Critical,Critical,0.0,0.254,0.746
BANK_034,SCN_0010,Stressed,Healthy,0.67,0.33,0.0
BANK_035,SCN_0010,Healthy,Healthy,1.0,0.0,0.0
BANK_036,SCN_0010,Healthy,Healthy,0.946,0.054,0.0
BANK_037,SCN_0010,Healthy,Healthy,0.832,0.168,0.0
BANK_038,SCN_0010,Stressed,Stressed,0.0,0.998,0.002
BANK_039,SCN_0010,Healthy,Healthy,1.0,0.0,0.0
BANK_040,SCN_0010,Healthy,Healthy,1.0,0.0,0.0
BANK_001,SCN_0012,Healthy,Healthy,1.0,0.0,0.0
BANK_002,SCN_0012,Healthy,Healthy,1.0,0.0,0.0
BANK_003,SCN_0012,Healthy,Healthy,1.0,0.0,0.0
BANK_004,SCN_0012,Healthy,Healthy,1.0,0.0,0.0
BANK_005,SCN_0012,Healthy,Healthy,1.0,0.0,0.0
BANK_006,SCN_0012,Stressed,Stressed,0.0,1.0,0.0
BANK_007,SCN_0012,Healthy,Healthy,1.0,0.0,0.0
BANK_008,SCN_0012,Healthy,Healthy,1.0,0.0,0.0
BANK_009,SCN_0012,Healthy,Healthy,1.0,0.0,0.0
BANK_010,SCN_0012,Healthy,Healthy,0.998,0.002,0.0
BANK_011,SCN_0012,Healthy,Healthy,1.0,0.0,0.0
BANK_012,SCN_0012,Healthy,Healthy,1.0,0.0,0.0
BANK_013,SCN_0012,Critical,Critical,0.0,0.0,1.0
BANK_014,SCN_0012,Healthy,Healthy,1.0,0.0,0.0
BANK_015,SCN_0012,Stressed,Stressed,0.0,1.0,0.0
BANK_016,SCN_0012,Healthy,Healthy,1.0,0.0,0.0
BANK_017,SCN_0012,Stressed,Stressed,0.002,0.998,0.0
BANK_018,SCN_0012,Healthy,Healthy,1.0,0.0,0.0
BANK_019,SCN_0012,Critical,Critical,0.0,0.0,1.0
BANK_020,SCN_0012,Stressed,Stressed,0.0,1.0,0.0
BANK_021,SCN_0012,Stressed,Stressed,0.0,1.0,0.0
BANK_022,SCN_0012,Stressed,Stressed,0.0,0.99,0.01
BANK_023,SCN_0012,Healthy,Healthy,1.0,0.0,0.0
BANK_024,SCN_0012,Healthy,Healthy,1.0,0.0,0.0
BANK_025,SCN_0012,Healthy,Healthy,1.0,0.0,0.0
BANK_026,SCN_0012,Healthy,Healthy,1.0,0.0,0.0
BANK_027,SCN_0012,Healthy,Healthy,1.0,0.0,0.0
BANK_028,SCN_0012,Stressed,Stressed,0.0,1.0,0.0
BANK_029,SCN_0012,Stressed,Stressed,0.234,0.766,0.0
BANK_030,SCN_0012,Critical,Critical,0.0,0.0,1.0
BANK_031,SCN_0012,Healthy,Healthy,1.0,0.0,0.0
BANK_032,SCN_0012,Healthy,Healthy,1.0,0.0,0.0
BANK_033,SCN_0012,Stressed,Stressed,0.002,0.998,0.0
BANK_034,SCN_0012,Healthy,Healthy,1.0,0.0,0.0
BANK_035,SCN_0012,Healthy,Healthy,1.0,0.0,0.0
BANK_036,SCN_0012,Healthy,Healthy,1.0,0.0,0.0
BANK_037,SCN_0012,Healthy,Healthy,1.0,0.0,0.0
BANK_038,SCN_0012,Healthy,Healthy,1.0,0.0,0.0
BANK_039,SCN_0012,Healthy,Healthy,1.0,0.0,0.0
BANK_040,SCN_0012,Healthy,Healthy,1.0,0.0,0.0
BANK_001,SCN_0016,Healthy,Healthy,1.0,0.0,0.0
BANK_002,SCN_0016,Stressed,Healthy,0.716,0.284,0.0
BANK_003,SCN_0016,Stressed,Stressed,0.036,0.964,0.0
BANK_004,SCN_0016,Healthy,Stressed,0.294,0.706,0.0
BANK_005,SCN_0016,Healthy,Healthy,1.0,0.0,0.0
BANK_006,SCN_0016,Stressed,Stressed,0.0,1.0,0.0
BANK_007,SCN_0016,Healthy,Healthy,1.0,0.0,0.0
BANK_008,SCN_0016,Stressed,Stressed,0.0,1.0,0.0
BANK_009,SCN_0016,Stressed,Stressed,0.274,0.726,0.0
BANK_010,SCN_0016,Critical,Critical,0.0,0.142,0.858
BANK_011,SCN_0016,Stressed,Stressed,0.346,0.654,0.0
BANK_012,SCN_0016,Healthy,Healthy,1.0,0.0,0.0
BANK_013,SCN_0016,Critical,Critical,0.0,0.0,1.0
BANK_014,SCN_0016,Stressed,Critical,0.006,0.382,0.612
BANK_015,SCN_0016,Critical,Stressed,0.0,0.724,0.276
BANK_016,SCN_0016,Healthy,Healthy,1.0,0.0,0.0
BANK_017,SCN_0016,Critical,Stressed,0.0,0.684,0.316
BANK_018,SCN_0016,Stressed,Stressed,0.0,1.0,0.0
BANK_019,SCN_0016,Critical,Critical,0.0,0.0,1.0
BANK_020,SCN_0016,Critical,Critical,0.0,0.0,1.0
BANK_021,SCN_0016,Stressed,Critical,0.0,0.254,0.746
BANK_022,SCN_0016,Critical,Critical,0.0,0.012,0.988
BANK_023,SCN_0016,Stressed,Healthy,0.778,0.222,0.0
BANK_024,SCN_0016,Stressed,Stressed,0.0,1.0,0.0
BANK_025,SCN_0016,Stressed,Healthy,0.654,0.346,0.0
BANK_026,SCN_0016,Stressed,Stressed,0.34,0.66,0.0
BANK_027,SCN_0016,Stressed,Stressed,0.034,0.966,0.0
BANK_028,SCN_0016,Stressed,Critical,0.0,0.128,0.872
BANK_029,SCN_0016,Critical,Critical,0.0,0.25,0.75
BANK_030,SCN_0016,Critical,Critical,0.0,0.0,1.0
BANK_031,SCN_0016,Healthy,Healthy,1.0,0.0,0.0
BANK_032,SCN_0016,Stressed,Healthy,0.96,0.04,0.0
BANK_033,SCN_0016,Critical,Critical,0.0,0.308,0.692
BANK_034,SCN_0016,Stressed,Stressed,0.0,0.912,0.088
BANK_035,SCN_0016,Healthy,Healthy,1.0,0.0,0.0
BANK_036,SCN_0016,Healthy,Healthy,0.902,0.098,0.0
BANK_037,SCN_0016,Stressed,Critical,0.0,0.326,0.674
BANK_038,SCN_0016,Stressed,Stressed,0.0,1.0,0.0
BANK_039,SCN_0016,Healthy,Healthy,0.98,0.02,0.0
BANK_040,SCN_0016,Healthy,Stressed,0.33,0.67,0.0
BANK_001,SCN_0019,Healthy,Healthy,1.0,0.0,0.0
BANK_002,SCN_0019,Healthy,Healthy,0.998,0.002,0.0
BANK_003,SCN_0019,Healthy,Stressed,0.39,0.61,0.0
BANK_004,SCN_0019,Healthy,Healthy,1.0,0.0,0.0
BANK_005,SCN_0019,Healthy,Healthy,1.0,0.0,0.0
BANK_006,SCN_0019,Stressed,Stressed,0.0,1.0,0.0
BANK_007,SCN_0019,Healthy,Healthy,1.0,0.0,0.0
BANK_008,SCN_0019,Stressed,Stressed,0.0,1.0,0.0
BANK_009,SCN_0019,Healthy,Healthy,1.0,0.0,0.0
BANK_010,SCN_0019,Stressed,Stressed,0.038,0.962,0.0
BANK_011,SCN_0019,Healthy,Healthy,1.0,0.0,0.0
BANK_012,SCN_0019,Healthy,Healthy,1.0,0.0,0.0
BANK_013,SCN_0019,Critical,Critical,0.0,0.0,1.0
BANK_014,SCN_0019,Stressed,Stressed,0.018,0.982,0.0
BANK_015,SCN_0019,Stressed,Stressed,0.0,1.0,0.0
BANK_016,SCN_0019,Healthy,Healthy,1.0,0.0,0.0
BANK_017,SCN_0019,Stressed,Stressed,0.0,0.906,0.094
BANK_018,SCN_0019,Healthy,Healthy,1.0,0.0,0.0
BANK_019,SCN_0019,Critical,Critical,0.0,0.0,1.0
BANK_020,SCN_0019,Critical,Critical,0.0,0.096,0.904
BANK_021,SCN_0019,Stressed,Stressed,0.0,0.996,0.004
BANK_022,SCN_0019,Stressed,Critical,0.0,0.006,0.994
BANK_023,SCN_0019,Healthy,Healthy,1.0,0.0,0.0
BANK_024,SCN_0019,Healthy,Healthy,0.998,0.002,0.0
BANK_025,SCN_0019,Healthy,Healthy,0.894,0.106,0.0
BANK_026,SCN_0019,Healthy,Healthy,1.0,0.0,0.0
BANK_027,SCN_0019,Healthy,Healthy,1.0,0.0,0.0
BANK_028,SCN_0019,Critical,Stressed,0.0,1.0,0.0
BANK_029,SCN_0019,Critical,Stressed,0.0,1.0,0.0
BANK_030,SCN_0019,Critical,Critical,0.0,0.0,1.0
BANK_031,SCN_0019,Healthy,Healthy,1.0,0.0,0.0
BANK_032,SCN_0019,Healthy,Healthy,1.0,0.0,0.0
BANK_033,SCN_0019,Stressed,Stressed,0.0,1.0,0.0
BANK_034,SCN_0019,Healthy,Stressed,0.1,0.9,0.0
BANK_035,SCN_0019,Healthy,Healthy,1.0,0.0,0.0
BANK_036,SCN_0019,Healthy,Healthy,1.0,0.0,0.0
BANK_037,SCN_0019,Healthy,Stressed,0.0,1.0,0.0
BANK_038,SCN_0019,Healthy,Healthy,1.0,0.0,0.0
BANK_039,SCN_0019,Healthy,Healthy,1.0,0.0,0.0
BANK_040,SCN_0019,Healthy,Healthy,1.0,0.0,0.0
BANK_001,SCN_0023,Healthy,Healthy,0.996,0.004,0.0
BANK_002,SCN_0023,Stressed,Healthy,0.862,0.138,0.0
BANK_003,SCN_0023,Healthy,Stressed,0.228,0.768,0.004
BANK_004,SCN_0023,Stressed,Healthy,0.682,0.318,0.0
BANK_005,SCN_0023,Healthy,Healthy,1.0,0.0,0.0
BANK_006,SCN_0023,Stressed,Stressed,0.0,1.0,0.0
BANK_007,SCN_0023,Healthy,Healthy,1.0,0.0,0.0
BANK_008,SCN_0023,Stressed,Stressed,0.0,0.764,0.236
BANK_009,SCN_0023,Healthy,Healthy,0.98,0.02,0.0
BANK_010,SCN_0023,Critical,Stressed,0.0,0.658,0.342
BANK_011,SCN_0023,Healthy,Stressed,0.034,0.966,0.0
BANK_012,SCN_0023,Healthy,Healthy,1.0,0.0,0.0
BANK_013,SCN_0023,Critical,Critical,0.0,0.0,1.0
BANK_014,SCN_0023,Critical,Stressed,0.0,0.752,0.248
BANK_015,SCN_0023,Critical,Critical,0.0,0.0,1.0
BANK_016,SCN_0023,Healthy,Healthy,1.0,0.0,0.0
BANK_017,SCN_0023,Critical,Critical,0.0,0.268,0.732
BANK_018,SCN_0023,Stressed,Stressed,0.0,1.0,0.0
BANK_019,SCN_0023,Critical,Critical,0.0,0.0,1.0
BANK_020,SCN_0023,Critical,Critical,0.0,0.0,1.0
BANK_021,SCN_0023,Critical,Critical,0.0,0.018,0.982
BANK_022,SCN_0023,Critical,Critical,0.0,0.0,1.0
BANK_023,SCN_0023,Stressed,Stressed,0.0,1.0,0.0
BANK_024,SCN_0023,Stressed,Stressed,0.0,1.0,0.0
BANK_025,SCN_0023,Stressed,Critical,0.008,0.284,0.708
BANK_026,SCN_0023,Stressed,Healthy,0.874,0.126,0.0
BANK_027,SCN_0023,Healthy,Healthy,0.892,0.04,0.068
BANK_028,SCN_0023,Critical,Stressed,0.0,0.874,0.126
BANK_029,SCN_0023,Critical,Stressed,0.0,0.644,0.356
BANK_030,SCN_0023,Critical,Critical,0.0,0.0,1.0
BANK_031,SCN_0023,Healthy,Healthy,1.0,0.0,0.0
BANK_032,SCN_0023,Stressed,Stressed,0.0,1.0,0.0
BANK_033,SCN_0023,Critical,Critical,0.0,0.12,0.88
BANK_034,SCN_0023,Critical,Stressed,0.0,0.992,0.008
BANK_035,SCN_0023,Healthy,Healthy,1.0,0.0,0.0
BANK_036,SCN_0023,Stressed,Healthy,0.884,0.116,0.0
BANK_037,SCN_0023,Stressed,Stressed,0.08,0.92,0.0
BANK_038,SCN_0023,Stressed,Stressed,0.0,1.0,0.0
BANK_039,SCN_0023,Healthy,Healthy,1.0,0.0,0.0
BANK_040,SCN_0023,Stressed,Stressed,0.034,0.966,0.0
BANK_001,SCN_0031,Healthy,Healthy,1.0,0.0,0.0
BANK_002,SCN_0031,Healthy,Healthy,0.986,0.014,0.0
BANK_003,SCN_0031,Healthy,Stressed,0.358,0.642,0.0
BANK_004,SCN_0031,Healthy,Stressed,0.29,0.71,0.0
BANK_005,SCN_0031,Healthy,Healthy,1.0,0.0,0.0
BANK_006,SCN_0031,Stressed,Stressed,0.0,1.0,0.0
BANK_007,SCN_0031,Healthy,Healthy,1.0,0.0,0.0
BANK_008,SCN_0031,Stressed,Stressed,0.0,1.0,0.0
BANK_009,SCN_0031,Healthy,Healthy,0.992,0.008,0.0
BANK_010,SCN_0031,Stressed,Stressed,0.238,0.76,0.002
BANK_011,SCN_0031,Healthy,Healthy,1.0,0.0,0.0
BANK_012,SCN_0031,Healthy,Healthy,1.0,0.0,0.0
BANK_013,SCN_0031,Critical,Critical,0.0,0.0,1.0
BANK_014,SCN_0031,Stressed,Healthy,0.646,0.354,0.0
BANK_015,SCN_0031,Stressed,Stressed,0.0,0.706,0.294
BANK_016,SCN_0031,Healthy,Healthy,1.0,0.0,0.0
BANK_017,SCN_0031,Stressed,Stressed,0.24,0.728,0.032
BANK_018,SCN_0031,Stressed,Stressed,0.236,0.764,0.0
BANK_019,SCN_0031,Critical,Critical,0.0,0.0,1.0
BANK_020,SCN_0031,Critical,Critical,0.0,0.236,0.764
BANK_021,SCN_0031,Critical,Stressed,0.0,0.996,0.004
BANK_022,SCN_0031,Critical,Critical,0.0,0.0,1.0
BANK_023,SCN_0031,Healthy,Healthy,1.0,0.0,0.0
BANK_024,SCN_0031,Stressed,Stressed,0.0,1.0,0.0
BANK_025,SCN_0031,Stressed,Stressed,0.222,0.778,0.0
BANK_026,SCN_0031,Healthy,Healthy,0.99,0.01,0.0
BANK_027,SCN_0031,Healthy,Healthy,1.0,0.0,0.0
BANK_028,SCN_0031,Stressed,Stressed,0.0,0.906,0.094
BANK_029,SCN_0031,Stressed,Stressed,0.0,0.99,0.01
BANK_030,SCN_0031,Critical,Critical,0.0,0.0,1.0
BANK_031,SCN_0031,Healthy,Healthy,1.0,0.0,0.0
BANK_032,SCN_0031,Healthy,Healthy,1.0,0.0,0.0
BANK_033,SCN_0031,Stressed,Stressed,0.0,0.71,0.29
BANK_034,SCN_0031,Stressed,Healthy,0.958,0.042,0.0
BANK_035,SCN_0031,Healthy,Healthy,1.0,0.0,0.0
BANK_036,SCN_0031,Healthy,Healthy,0.988,0.012,0.0
BANK_037,SCN_0031,Healthy,Stressed,0.0,1.0,0.0
BANK_038,SCN_0031,Stressed,Healthy,0.71,0.29,0.0
BANK_039,SCN_0031,Healthy,Healthy,1.0,0.0,0.0
BANK_040,SCN_0031,Healthy,Healthy,1.0,0.0,0.0
BANK_001,SCN_0034,Healthy,Healthy,1.0,0.0,0.0
BANK_002,SCN_0034,Healthy,Critical,0.058,0.304,0.638
BANK_003,SCN_0034,Stressed,Stressed,0.272,0.728,0.0
BANK_004,SCN_0034,Stressed,Healthy,0.676,0.324,0.0
BANK_005,SCN_0034,Healthy,Healthy,1.0,0.0,0.0
BANK_006,SCN_0034,Stressed,Stressed,0.0,1.0,0.0
BANK_007,SCN_0034,Healthy,Healthy,1.0,0.0,0.0
BANK_008,SCN_0034,Stressed,Stressed,0.0,1.0,0.0
BANK_009,SCN_0034,Stressed,Healthy,0.72,0.28,0.0
BANK_010,SCN_0034,Stressed,Critical,0.0,0.14,0.86
BANK_011,SCN_0034,Healthy,Healthy,0.992,0.008,0.0
BANK_012,SCN_0034,Healthy,Healthy,1.0,0.0,0.0
BANK_013,SCN_0034,Critical,Critical,0.0,0.0,1.0
BANK_014,SCN_0034,Stressed,Critical,0.0,0.39,0.61
BANK_015,SCN_0034,Critical,Critical,0.0,0.0,1.0
BANK_016,SCN_0034,Healthy,Healthy,1.0,0.0,0.0
BANK_017,SCN_0034,Critical,Critical,0.0,0.268,0.732
BANK_018,SCN_0034,Stressed,Stressed,0.0,1.0,0.0
BANK_019,SCN_0034,Critical,Critical,0.0,0.0,1.0
BANK_020,SCN_0034,Critical,Critical,0.0,0.0,1.0
BANK_021,SCN_0034,Critical,Critical,0.0,0.026,0.974
BANK_022,SCN_0034,Critical,Critical,0.0,0.0,1.0
BANK_023,SCN_0034,Stressed,Stressed,0.0,1.0,0.0
BANK_024,SCN_0034,Stressed,Stressed,0.0,1.0,0.0
BANK_025,SCN_0034,Stressed,Stressed,0.044,0.956,0.0
BANK_026,SCN_0034,Healthy,Stressed,0.02,0.98,0.0
BANK_027,SCN_0034,Stressed,Stressed,0.002,0.998,0.0
BANK_028,SCN_0034,Critical,Critical,0.0,0.02,0.98
BANK_029,SCN_0034,Stressed,Critical,0.0,0.358,0.642
BANK_030,SCN_0034,Critical,Critical,0.0,0.0,1.0
BANK_031,SCN_0034,Healthy,Healthy,1.0,0.0,0.0
BANK_032,SCN_0034,Stressed,Stressed,0.0,1.0,0.0
BANK_033,SCN_0034,Stressed,Critical,0.0,0.092,0.908
BANK_034,SCN_0034,Stressed,Stressed,0.0,0.998,0.002
BANK_035,SCN_0034,Healthy,Healthy,1.0,0.0,0.0
BANK_036,SCN_0034,Stressed,Healthy,0.728,0.272,0.0
BANK_037,SCN_0034,Stressed,Stressed,0.0,0.926,0.074
BANK_038,SCN_0034,Stressed,Stressed,0.0,1.0,0.0
BANK_039,SCN_0034,Healthy,Healthy,1.0,0.0,0.0
BANK_040,SCN_0034,Stressed,Healthy,0.898,0.102,0.0
BANK_001,SCN_0040,Healthy,Healthy,1.0,0.0,0.0
BANK_002,SCN_0040,Stressed,Healthy,0.98,0.02,0.0
BANK_003,SCN_0040,Healthy,Stressed,0.338,0.662,0.0
BANK_004,SCN_0040,Healthy,Healthy,0.998,0.002,0.0
BANK_005,SCN_0040,Healthy,Healthy,1.0,0.0,0.0
BANK_006,SCN_0040,Stressed,Stressed,0.0,1.0,0.0
BANK_007,SCN_0040,Healthy,Healthy,1.0,0.0,0.0
BANK_008,SCN_0040,Stressed,Stressed,0.0,1.0,0.0
BANK_009,SCN_0040,Healthy,Healthy,0.994,0.006,0.0
BANK_010,SCN_0040,Stressed,Healthy,0.624,0.376,0.0
BANK_011,SCN_0040,Healthy,Healthy,1.0,0.0,0.0
BANK_012,SCN_0040,Healthy,Healthy,1.0,0.0,0.0
BANK_013,SCN_0040,Critical,Critical,0.0,0.0,1.0
BANK_014,SCN_0040,Stressed,Healthy,0.664,0.336,0.0
BANK_015,SCN_0040,Stressed,Stressed,0.0,0.99,0.01
BANK_016,SCN_0040,Healthy,Healthy,1.0,0.0,0.0
BANK_017,SCN_0040,Stressed,Stressed,0.0,1.0,0.0
BANK_018,SCN_0040,Healthy,Healthy,0.956,0.044,0.0
BANK_019,SCN_0040,Critical,Critical,0.0,0.0,1.0
BANK_020,SCN_0040,Critical,Stressed,0.0,0.612,0.388
BANK_021,SCN_0040,Stressed,Stressed,0.0,0.93,0.07
BANK_022,SCN_0040,Critical,Critical,0.0,0.21,0.79
BANK_023,SCN_0040,Healthy,Healthy,1.0,0.0,0.0
BANK_024,SCN_0040,Stressed,Stressed,0.25,0.75,0.0
BANK_025,SCN_0040,Stressed,Stressed,0.36,0.64,0.0
BANK_026,SCN_0040,Healthy,Healthy,0.998,0.002,0.0
BANK_027,SCN_0040,Healthy,Healthy,0.79,0.21,0.0
BANK_028,SCN_0040,Stressed,Stressed,0.0,1.0,0.0
BANK_029,SCN_0040,Stressed,Stressed,0.0,1.0,0.0
BANK_030,SCN_0040,Critical,Critical,0.0,0.0,1.0
BANK_031,SCN_0040,Healthy,Healthy,1.0,0.0,0.0
BANK_032,SCN_0040,Healthy,Healthy,1.0,0.0,0.0
BANK_033,SCN_0040,Stressed,Stressed,0.0,1.0,0.0
BANK_034,SCN_0040,Healthy,Stressed,0.31,0.69,0.0
BANK_035,SCN_0040,Healthy,Healthy,1.0,0.0,0.0
BANK_036,SCN_0040,Healthy,Healthy,1.0,0.0,0.0
BANK_037,SCN_0040,Stressed,Stressed,0.022,0.978,0.0
BANK_038,SCN_0040,Healthy,Healthy,0.95,0.05,0.0
BANK_039,SCN_0040,Healthy,Healthy,1.0,0.0,0.0
BANK_040,SCN_0040,Healthy,Healthy,1.0,0.0,0.0
BANK_001,SCN_0047,Healthy,Healthy,1.0,0.0,0.0
BANK_002,SCN_0047,Healthy,Healthy,1.0,0.0,0.0
BANK_003,SCN_0047,Healthy,Healthy,1.0,0.0,0.0
BANK_004,SCN_0047,Healthy,Healthy,1.0,0.0,0.0
BANK_005,SCN_0047,Healthy,Healthy,1.0,0.0,0.0
BANK_006,SCN_0047,Stressed,Stressed,0.0,1.0,0.0
BANK_007,SCN_0047,Healthy,Healthy,1.0,0.0,0.0
BANK_008,SCN_0047,Stressed,Stressed,0.106,0.894,0.0
BANK_009,SCN_0047,Healthy,Healthy,1.0,0.0,0.0
BANK_010,SCN_0047,Healthy,Stressed,0.13,0.87,0.0
BANK_011,SCN_0047,Healthy,Healthy,1.0,0.0,0.0
BANK_012,SCN_0047,Healthy,Healthy,1.0,0.0,0.0
BANK_013,SCN_0047,Critical,Critical,0.0,0.0,1.0
BANK_014,SCN_0047,Healthy,Stressed,0.366,0.634,0.0
BANK_015,SCN_0047,Stressed,Stressed,0.0,1.0,0.0
BANK_016,SCN_0047,Healthy,Healthy,1.0,0.0,0.0
BANK_017,SCN_0047,Stressed,Stressed,0.068,0.932,0.0
BANK_018,SCN_0047,Healthy,Healthy,1.0,0.0,0.0
BANK_019,SCN_0047,Critical,Critical,0.0,0.0,1.0
BANK_020,SCN_0047,Stressed,Stressed,0.0,0.998,0.002
BANK_021,SCN_0047,Stressed,Stressed,0.0,1.0,0.0
BANK_022,SCN_0047,Stressed,Stressed,0.0,0.956,0.044
BANK_023,SCN_0047,Healthy,Healthy,1.0,0.0,0.0
BANK_024,SCN_0047,Healthy,Healthy,1.0,0.0,0.0
BANK_025,SCN_0047,Healthy,Healthy,0.992,0.008,0.0
BANK_026,SCN_0047,Healthy,Healthy,1.0,0.0,0.0
BANK_027,SCN_0047,Healthy,Healthy,1.0,0.0,0.0
BANK_028,SCN_0047,Stressed,Stressed,0.006,0.994,0.0
BANK_029,SCN_0047,Stressed,Stressed,0.0,1.0,0.0
BANK_030,SCN_0047,Critical,Critical,0.0,0.0,1.0
BANK_031,SCN_0047,Healthy,Healthy,1.0,0.0,0.0
BANK_032,SCN_0047,Healthy,Healthy,1.0,0.0,0.0
BANK_033,SCN_0047,Stressed,Stressed,0.014,0.986,0.0
BANK_034,SCN_0047,Healthy,Healthy,0.998,0.002,0.0
BANK_035,SCN_0047,Healthy,Healthy,1.0,0.0,0.0
BANK_036,SCN_0047,Healthy,Healthy,1.0,0.0,0.0
BANK_037,SCN_0047,Healthy,Healthy,0.984,0.016,0.0
BANK_038,SCN_0047,Healthy,Healthy,0.988,0.012,0.0
BANK_039,SCN_0047,Healthy,Healthy,1.0,0.0,0.0
BANK_040,SCN_0047,Healthy,Healthy,1.0,0.0,0.0
BANK_001,SCN_0056,Healthy,Healthy,0.99,0.01,0.0
BANK_002,SCN_0056,Healthy,Stressed,0.0,1.0,0.0
BANK_003,SCN_0056,Stressed,Stressed,0.0,0.892,0.108
BANK_004,SCN_0056,Stressed,Stressed,0.272,0.728,0.0
BANK_005,SCN_0056,Healthy,Healthy,1.0,0.0,0.0
BANK_006,SCN_0056,Stressed,Stressed,0.0,1.0,0.0
BANK_007,SCN_0056,Healthy,Healthy,1.0,0.0,0.0
BANK_008,SCN_0056,Stressed,Stressed,0.0,1.0,0.0
BANK_009,SCN_0056,Healthy,Stressed,0.278,0.722,0.0
BANK_010,SCN_0056,Stressed,Critical,0.0,0.0,1.0
BANK_011,SCN_0056,Stressed,Stressed,0.286,0.714,0.0
BANK_012,SCN_0056,Healthy,Healthy,1.0,0.0,0.0
BANK_013,SCN_0056,Critical,Critical,0.0,0.0,1.0
BANK_014,SCN_0056,Stressed,Critical,0.0,0.34,0.66
BANK_015,SCN_0056,Critical,Critical,0.0,0.0,1.0
BANK_016,SCN_0056,Healthy,Healthy,1.0,0.0,0.0
BANK_017,SCN_0056,Critical,Critical,0.0,0.038,0.962
BANK_018,SCN_0056,Stressed,Stressed,0.0,1.0,0.0
BANK_019,SCN_0056,Critical,Critical,0.0,0.0,1.0
BANK_020,SCN_0056,Critical,Critical,0.0,0.0,1.0
BANK_021,SCN_0056,Stressed,Stressed,0.0,0.638,0.362
BANK_022,SCN_0056,Critical,Critical,0.0,0.0,1.0
BANK_023,SCN_0056,Stressed,Stressed,0.0,1.0,0.0
BANK_024,SCN_0056,Stressed,Stressed,0.0,1.0,0.0
BANK_025,SCN_0056,Stressed,Stressed,0.006,0.994,0.0
BANK_026,SCN_0056,Healthy,Stressed,0.258,0.742,0.0
BANK_027,SCN_0056,Stressed,Stressed,0.0,0.972,0.028
BANK_028,SCN_0056,Critical,Stressed,0.0,0.668,0.332
BANK_029,SCN_0056,Stressed,Critical,0.0,0.074,0.926
BANK_030,SCN_0056,Critical,Critical,0.0,0.0,1.0
BANK_031,SCN_0056,Healthy,Healthy,1.0,0.0,0.0
BANK_032,SCN_0056,Stressed,Stressed,0.0,1.0,0.0
BANK_033,SCN_0056,Critical,Critical,0.0,0.03,0.97
BANK_034,SCN_0056,Stressed,Stressed,0.0,0.774,0.226
BANK_035,SCN_0056,Healthy,Healthy,1.0,0.0,0.0
BANK_036,SCN_0056,Stressed,Stressed,0.35,0.65,0.0
BANK_037,SCN_0056,Stressed,Critical,0.0,0.064,0.936
BANK_038,SCN_0056,Stressed,Stressed,0.0,1.0,0.0
BANK_039,SCN_0056,Healthy,Healthy,1.0,0.0,0.0
BANK_040,SCN_0056,Stressed,Stressed,0.296,0.704,0.0
BANK_001,SCN_0064,Healthy,Healthy,1.0,0.0,0.0
BANK_002,SCN_0064,Healthy,Stressed,0.242,0.746,0.012
BANK_003,SCN_0064,Healthy,Stressed,0.118,0.66,0.222
BANK_004,SCN_0064,Stressed,Healthy,0.744,0.256,0.0
BANK_005,SCN_0064,Healthy,Healthy,1.0,0.0,0.0
BANK_006,SCN_0064,Stressed,Stressed,0.0,0.792,0.208
BANK_007,SCN_0064,Healthy,Healthy,1.0,0.0,0.0
BANK_008,SCN_0064,Stressed,Critical,0.0,0.362,0.638
BANK_009,SCN_0064,Healthy,Stressed,0.026,0.974,0.0
BANK_010,SCN_0064,Stressed,Critical,0.0,0.272,0.728
BANK_011,SCN_0064,Healthy,Stressed,0.296,0.704,0.0
BANK_012,SCN_0064,Healthy,Healthy,1.0,0.0,0.0
BANK_013,SCN_0064,Critical,Critical,0.0,0.0,1.0
BANK_014,SCN_0064,Critical,Stressed,0.0,0.996,0.004
BANK_015,SCN_0064,Critical,Critical,0.0,0.006,0.994
BANK_016,SCN_0064,Healthy,Healthy,1.0,0.0,0.0
BANK_017,SCN_0064,Stressed,Stressed,0.0,0.92,0.08
BANK_018,SCN_0064,Stressed,Stressed,0.0,1.0,0.0
BANK_019,SCN_0064,Critical,Critical,0.0,0.0,1.0
BANK_020,SCN_0064,Critical,Critical,0.0,0.0,1.0
BANK_021,SCN_0064,Stressed,Critical,0.0,0.002,0.998
BANK_022,SCN_0064,Critical,Critical,0.0,0.0,1.0
BANK_023,SCN_0064,Stressed,Stressed,0.0,1.0,0.0
BANK_024,SCN_0064,Stressed,Stressed,0.0,0.778,0.222
BANK_025,SCN_0064,Healthy,Stressed,0.0,0.742,0.258
BANK_026,SCN_0064,Healthy,Stressed,0.002,0.998,0.0
BANK_027,SCN_0064,Healthy,Healthy,0.616,0.384,0.0
BANK_028,SCN_0064,Critical,Critical,0.0,0.098,0.902
BANK_029,SCN_0064,Critical,Stressed,0.0,0.896,0.104
BANK_030,SCN_0064,Critical,Critical,0.0,0.0,1.0
BANK_031,SCN_0064,Healthy,Healthy,1.0,0.0,0.0
BANK_032,SCN_0064,Stressed,Stressed,0.0,1.0,0.0
BANK_033,SCN_0064,Critical,Stressed,0.0,0.63,0.37
BANK_034,SCN_0064,Stressed,Stressed,0.0,0.768,0.232
BANK_035,SCN_0064,Healthy,Healthy,1.0,0.0,0.0
BANK_036,SCN_0064,Stressed,Stressed,0.304,0.696,0.0
BANK_037,SCN_0064,Stressed,Stressed,0.0,0.92,0.08
BANK_038,SCN_0064,Stressed,Stressed,0.0,0.744,0.256
BANK_039,SCN_0064,Healthy,Healthy,1.0,0.0,0.0
BANK_040,SCN_0064,Healthy,Healthy,0.88,0.12,0.0
BANK_001,SCN_0069,Stressed,Healthy,0.776,0.224,0.0
BANK_002,SCN_0069,Stressed,Stressed,0.346,0.652,0.002
BANK_003,SCN_0069,Stressed,Critical,0.252,0.122,0.626
BANK_004,SCN_0069,Stressed,Healthy,0.75,0.25,0.0
BANK_005,SCN_0069,Healthy,Healthy,1.0,0.0,0.0
BANK_006,SCN_0069,Stressed,Stressed,0.0,1.0,0.0
BANK_007,SCN_0069,Healthy,Healthy,1.0,0.0,0.0
BANK_008,SCN_0069,Critical,Stressed,0.0,0.99,0.01
BANK_009,SCN_0069,Stressed,Stressed,0.368,0.63,0.002
BANK_010,SCN_0069,Critical,Stressed,0.0,0.894,0.106
BANK_011,SCN_0069,Stressed,Healthy,0.734,0.266,0.0
BANK_012,SCN_0069,Healthy,Healthy,1.0,0.0,0.0
BANK_013,SCN_0069,Critical,Critical,0.0,0.0,1.0
BANK_014,SCN_0069,Critical,Stressed,0.0,0.898,0.102
BANK_015,SCN_0069,Critical,Critical,0.0,0.0,1.0
BANK_016,SCN_0069,Healthy,Healthy,1.0,0.0,0.0
BANK_017,SCN_0069,Critical,Stressed,0.0,0.882,0.118
BANK_018,SCN_0069,Stressed,Stressed,0.0,1.0,0.0
BANK_019,SCN_0069,Critical,Critical,0.0,0.0,1.0
BANK_020,SCN_0069,Critical,Critical,0.0,0.0,1.0
BANK_021,SCN_0069,Critical,Critical,0.0,0.238,0.762
BANK_022,SCN_0069,Critical,Critical,0.0,0.0,1.0
BANK_023,SCN_0069,Stressed,Stressed,0.0,1.0,0.0
BANK_024,SCN_0069,Stressed,Stressed,0.0,1.0,0.0
BANK_025,SCN_0069,Stressed,Stressed,0.0,0.962,0.038
BANK_026,SCN_0069,Stressed,Healthy,0.746,0.254,0.0
BANK_027,SCN_0069,Healthy,Stressed,0.042,0.954,0.004
BANK_028,SCN_0069,Critical,Critical,0.0,0.06,0.94
BANK_029,SCN_0069,Stressed,Stressed,0.0,0.656,0.344
BANK_030,SCN_0069,Critical,Critical,0.0,0.0,1.0
BANK_031,SCN_0069,Healthy,Healthy,1.0,0.0,0.0
BANK_032,SCN_0069,Stressed,Stressed,0.0,1.0,0.0
BANK_033,SCN_0069,Stressed,Critical,0.0,0.108,0.892
BANK_034,SCN_0069,Stressed,Stressed,0.0,0.766,0.234
BANK_035,SCN_0069,Healthy,Healthy,1.0,0.0,0.0
BANK_036,SCN_0069,Stressed,Stressed,0.366,0.634,0.0
BANK_037,SCN_0069,Critical,Stressed,0.006,0.994,0.0
BANK_038,SCN_0069,Critical,Stressed,0.0,1.0,0.0
BANK_039,SCN_0069,Healthy,Healthy,1.0,0.0,0.0
BANK_040,SCN_0069,Stressed,Stressed,0.064,0.936,0.0
BANK_001,SCN_0070,Stressed,Healthy,0.76,0.24,0.0
BANK_002,SCN_0070,Stressed,Healthy,0.97,0.03,0.0
BANK_003,SCN_0070,Critical,Stressed,0.226,0.754,0.02
BANK_004,SCN_0070,Stressed,Healthy,0.722,0.278,0.0
BANK_005,SCN_0070,Healthy,Healthy,1.0,0.0,0.0
BANK_006,SCN_0070,Stressed,Stressed,0.0,1.0,0.0
BANK_007,SCN_0070,Healthy,Healthy,1.0,0.0,0.0
BANK_008,SCN_0070,Stressed,Stressed,0.0,0.964,0.036
BANK_009,SCN_0070,Healthy,Healthy,0.984,0.016,0.0
BANK_010,SCN_0070,Stressed,Critical,0.0,0.312,0.688
BANK_011,SCN_0070,Healthy,Healthy,0.682,0.318,0.0
BANK_012,SCN_0070,Healthy,Healthy,1.0,0.0,0.0
BANK_013,SCN_0070,Critical,Critical,0.0,0.0,1.0
BANK_014,SCN_0070,Stressed,Critical,0.0,0.326,0.674
BANK_015,SCN_0070,Critical,Critical,0.0,0.0,1.0
BANK_016,SCN_0070,Healthy,Healthy,1.0,0.0,0.0
BANK_017,SCN_0070,Critical,Critical,0.0,0.25,0.75
BANK_018,SCN_0070,Stressed,Stressed,0.0,1.0,0.0
BANK_019,SCN_0070,Critical,Critical,0.0,0.0,1.0
BANK_020,SCN_0070,Critical,Critical,0.0,0.0,1.0
BANK_021,SCN_0070,Stressed,Critical,0.0,0.264,0.736
BANK_022,SCN_0070,Critical,Critical,0.0,0.0,1.0
BANK_023,SCN_0070,Stressed,Stressed,0.0,1.0,0.0
BANK_024,SCN_0070,Stressed,Stressed,0.0,1.0,0.0
BANK_025,SCN_0070,Stressed,Stressed,0.0,0.924,0.076
BANK_026,SCN_0070,Stressed,Healthy,0.742,0.258,0.0
BANK_027,SCN_0070,Stressed,Stressed,0.138,0.86,0.002
BANK_028,SCN_0070,Stressed,Critical,0.0,0.132,0.868
BANK_029,SCN_0070,Stressed,Critical,0.0,0.118,0.882
BANK_030,SCN_0070,Critical,Critical,0.0,0.0,1.0
BANK_031,SCN_0070,Healthy,Healthy,1.0,0.0,0.0
BANK_032,SCN_0070,Stressed,Stressed,0.0,1.0,0.0
BANK_033,SCN_0070,Stressed,Stressed,0.0,0.63,0.37
BANK_034,SCN_0070,Stressed,Stressed,0.0,0.774,0.226
BANK_035,SCN_0070,Healthy,Healthy,0.998,0.002,0.0
BANK_036,SCN_0070,Stressed,Healthy,0.982,0.018,0.0
BANK_037,SCN_0070,Stressed,Stressed,0.006,0.994,0.0
BANK_038,SCN_0070,Critical,Stressed,0.0,1.0,0.0
BANK_039,SCN_0070,Healthy,Healthy,1.0,0.0,0.0
BANK_040,SCN_0070,Stressed,Healthy,0.622,0.378,0.0
BANK_001,SCN_0071,Healthy,Healthy,0.916,0.084,0.0
BANK_002,SCN_0071,Stressed,Healthy,0.97,0.03,0.0
BANK_003,SCN_0071,Stressed,Stressed,0.108,0.886,0.006
BANK_004,SCN_0071,Healthy,Healthy,0.872,0.128,0.0
BANK_005,SCN_0071,Healthy,Healthy,1.0,0.0,0.0
BANK_006,SCN_0071,Stressed,Stressed,0.0,1.0,0.0
BANK_007,SCN_0071,Healthy,Healthy,1.0,0.0,0.0
BANK_008,SCN_0071,Stressed,Stressed,0.0,0.96,0.04
BANK_009,SCN_0071,Healthy,Healthy,0.988,0.012,0.0
BANK_010,SCN_0071,Critical,Critical,0.0,0.304,0.696
BANK_011,SCN_0071,Healthy,Healthy,0.666,0.334,0.0
BANK_012,SCN_0071,Healthy,Healthy,1.0,0.0,0.0
BANK_013,SCN_0071,Critical,Critical,0.0,0.0,1.0
BANK_014,SCN_0071,Stressed,Critical,0.0,0.326,0.674
BANK_015,SCN_0071,Critical,Critical,0.0,0.0,1.0
BANK_016,SCN_0071,Healthy,Healthy,1.0,0.0,0.0
BANK_017,SCN_0071,Critical,Critical,0.0,0.116,0.884
BANK_018,SCN_0071,Stressed,Stressed,0.0,1.0,0.0
BANK_019,SCN_0071,Critical,Critical,0.0,0.0,1.0
BANK_020,SCN_0071,Critical,Critical,0.0,0.0,1.0
BANK_021,SCN_0071,Critical,Critical,0.0,0.106,0.894
BANK_022,SCN_0071,Critical,Critical,0.0,0.0,1.0
BANK_023,SCN_0071,Stressed,Stressed,0.0,1.0,0.0
BANK_024,SCN_0071,Stressed,Stressed,0.0,1.0,0.0
BANK_025,SCN_0071,Critical,Stressed,0.0,0.796,0.204
BANK_026,SCN_0071,Stressed,Healthy,0.904,0.096,0.0
BANK_027,SCN_0071,Stressed,Stressed,0.304,0.69,0.006
BANK_028,SCN_0071,Critical,Critical,0.0,0.286,0.714
BANK_029,SCN_0071,Critical,Critical,0.0,0.246,0.754
BANK_030,SCN_0071,Critical,Critical,0.0,0.0,1.0
BANK_031,SCN_0071,Healthy,Healthy,1.0,0.0,0.0
BANK_032,SCN_0071,Stressed,Stressed,0.0,1.0,0.0
BANK_033,SCN_0071,Stressed,Stressed,0.0,0.64,0.36
BANK_034,SCN_0071,Stressed,Stressed,0.0,0.902,0.098
BANK_035,SCN_0071,Healthy,Healthy,1.0,0.0,0.0
BANK_036,SCN_0071,Healthy,Healthy,0.982,0.018,0.0
BANK_037,SCN_0071,Stressed,Stressed,0.014,0.986,0.0
BANK_038,SCN_0071,Stressed,Stressed,0.0,1.0,0.0
BANK_039,SCN_0071,Healthy,Healthy,1.0,0.0,0.0
BANK_040,SCN_0071,Stressed,Healthy,0.624,0.376,0.0
BANK_001,SCN_0073,Healthy,Healthy,1.0,0.0,0.0
BANK_002,SCN_0073,Healthy,Healthy,0.916,0.084,0.0
BANK_003,SCN_0073,Healthy,Healthy,1.0,0.0,0.0
BANK_004,SCN_0073,Healthy,Healthy,1.0,0.0,0.0
BANK_005,SCN_0073,Healthy,Healthy,1.0,0.0,0.0
BANK_006,SCN_0073,Stressed,Stressed,0.0,1.0,0.0
BANK_007,SCN_0073,Healthy,Healthy,1.0,0.0,0.0
BANK_008,SCN_0073,Stressed,Stressed,0.0,1.0,0.0
BANK_009,SCN_0073,Healthy,Healthy,1.0,0.0,0.0
BANK_010,SCN_0073,Healthy,Stressed,0.326,0.674,0.0
BANK_011,SCN_0073,Healthy,Healthy,1.0,0.0,0.0
BANK_012,SCN_0073,Healthy,Healthy,1.0,0.0,0.0
BANK_013,SCN_0073,Critical,Critical,0.0,0.0,1.0
BANK_014,SCN_0073,Healthy,Stressed,0.296,0.704,0.0
BANK_015,SCN_0073,Stressed,Stressed,0.0,1.0,0.0
BANK_016,SCN_0073,Healthy,Healthy,1.0,0.0,0.0
BANK_017,SCN_0073,Stressed,Stressed,0.0,1.0,0.0
BANK_018,SCN_0073,Healthy,Healthy,1.0,0.0,0.0
BANK_019,SCN_0073,Critical,Critical,0.0,0.0,1.0
BANK_020,SCN_0073,Stressed,Critical,0.0,0.234,0.766
BANK_021,SCN_0073,Stressed,Stressed,0.028,0.972,0.0
BANK_022,SCN_0073,Critical,Critical,0.0,0.086,0.914
BANK_023,SCN_0073,Healthy,Healthy,1.0,0.0,0.0
BANK_024,SCN_0073,Healthy,Healthy,1.0,0.0,0.0
BANK_025,SCN_0073,Healthy,Healthy,1.0,0.0,0.0
BANK_026,SCN_0073,Healthy,Healthy,1.0,0.0,0.0
BANK_027,SCN_0073,Healthy,Healthy,1.0,0.0,0.0
BANK_028,SCN_0073,Stressed,Stressed,0.0,1.0,0.0
BANK_029,SCN_0073,Stressed,Stressed,0.0,1.0,0.0
BANK_030,SCN_0073,Critical,Critical,0.0,0.0,1.0
BANK_031,SCN_0073,Healthy,Healthy,1.0,0.0,0.0
BANK_032,SCN_0073,Healthy,Healthy,1.0,0.0,0.0
BANK_033,SCN_0073,Stressed,Stressed,0.0,1.0,0.0
BANK_034,SCN_0073,Stressed,Healthy,1.0,0.0,0.0
BANK_035,SCN_0073,Healthy,Healthy,1.0,0.0,0.0
BANK_036,SCN_0073,Healthy,Healthy,1.0,0.0,0.0
BANK_037,SCN_0073,Stressed,Stressed,0.316,0.684,0.0
BANK_038,SCN_0073,Healthy,Healthy,1.0,0.0,0.0
BANK_039,SCN_0073,Healthy,Healthy,1.0,0.0,0.0
BANK_040,SCN_0073,Healthy,Healthy,1.0,0.0,0.0
BANK_001,SCN_0074,Healthy,Healthy,0.992,0.008,0.0
BANK_002,SCN_0074,Stressed,Stressed,0.106,0.894,0.0
BANK_003,SCN_0074,Stressed,Stressed,0.0,0.918,0.082
BANK_004,SCN_0074,Healthy,Healthy,0.886,0.114,0.0
BANK_005,SCN_0074,Healthy,Healthy,1.0,0.0,0.0
BANK_006,SCN_0074,Stressed,Stressed,0.0,1.0,0.0
BANK_007,SCN_0074,Healthy,Healthy,1.0,0.0,0.0
BANK_008,SCN_0074,Stressed,Stressed,0.0,1.0,0.0
BANK_009,SCN_0074,Healthy,Stressed,0.352,0.648,0.0
BANK_010,SCN_0074,Critical,Stressed,0.0,0.962,0.038
BANK_011,SCN_0074,Stressed,Healthy,0.996,0.004,0.0
BANK_012,SCN_0074,Healthy,Healthy,1.0,0.0,0.0
BANK_013,SCN_0074,Critical,Critical,0.0,0.0,1.0
BANK_014,SCN_0074,Stressed,Stressed,0.0,1.0,0.0
BANK_015,SCN_0074,Stressed,Critical,0.0,0.264,0.736
BANK_016,SCN_0074,Healthy,Healthy,1.0,0.0,0.0
BANK_017,SCN_0074,Stressed,Critical,0.0,0.362,0.638
BANK_018,SCN_0074,Stressed,Stressed,0.0,1.0,0.0
BANK_019,SCN_0074,Critical,Critical,0.0,0.0,1.0
BANK_020,SCN_0074,Critical,Critical,0.0,0.0,1.0
BANK_021,SCN_0074,Stressed,Critical,0.0,0.032,0.968
BANK_022,SCN_0074,Critical,Critical,0.0,0.0,1.0
BANK_023,SCN_0074,Stressed,Stressed,0.0,1.0,0.0
BANK_024,SCN_0074,Stressed,Stressed,0.0,1.0,0.0
BANK_025,SCN_0074,Stressed,Stressed,0.0,1.0,0.0
BANK_026,SCN_0074,Healthy,Stressed,0.282,0.718,0.0
BANK_027,SCN_0074,Stressed,Stressed,0.002,0.998,0.0
BANK_028,SCN_0074,Critical,Critical,0.0,0.034,0.966
BANK_029,SCN_0074,Critical,Critical,0.0,0.04,0.96
BANK_030,SCN_0074,Critical,Critical,0.0,0.0,1.0
BANK_031,SCN_0074,Healthy,Healthy,1.0,0.0,0.0
BANK_032,SCN_0074,Stressed,Stressed,0.0,1.0,0.0
BANK_033,SCN_0074,Critical,Critical,0.0,0.358,0.642
BANK_034,SCN_0074,Stressed,Stressed,0.0,1.0,0.0
BANK_035,SCN_0074,Healthy,Healthy,1.0,0.0,0.0
BANK_036,SCN_0074,Healthy,Stressed,0.002,0.998,0.0
BANK_037,SCN_0074,Stressed,Critical,0.0,0.402,0.598
BANK_038,SCN_0074,Stressed,Stressed,0.0,1.0,0.0
BANK_039,SCN_0074,Healthy,Healthy,1.0,0.0,0.0
BANK_040,SCN_0074,Healthy,Healthy,1.0,0.0,0.0
BANK_001,SCN_0076,Healthy,Healthy,1.0,0.0,0.0
BANK_002,SCN_0076,Stressed,Healthy,0.99,0.01,0.0
BANK_003,SCN_0076,Healthy,Stressed,0.146,0.854,0.0
BANK_004,SCN_0076,Healthy,Healthy,0.998,0.002,0.0
BANK_005,SCN_0076,Healthy,Healthy,1.0,0.0,0.0
BANK_006,SCN_0076,Stressed,Stressed,0.0,1.0,0.0
BANK_007,SCN_0076,Healthy,Healthy,1.0,0.0,0.0
BANK_008,SCN_0076,Stressed,Stressed,0.0,1.0,0.0
BANK_009,SCN_0076,Healthy,Healthy,0.928,0.072,0.0
BANK_010,SCN_0076,Stressed,Stressed,0.002,0.998,0.0
BANK_011,SCN_0076,Healthy,Healthy,1.0,0.0,0.0
BANK_012,SCN_0076,Healthy,Healthy,1.0,0.0,0.0
BANK_013,SCN_0076,Critical,Critical,0.0,0.0,1.0
BANK_014,SCN_0076,Healthy,Healthy,0.718,0.282,0.0
BANK_015,SCN_0076,Stressed,Stressed,0.0,1.0,0.0
BANK_016,SCN_0076,Healthy,Healthy,1.0,0.0,0.0
BANK_017,SCN_0076,Critical,Stressed,0.0,1.0,0.0
BANK_018,SCN_0076,Healthy,Healthy,0.994,0.006,0.0
BANK_019,SCN_0076,Critical,Critical,0.0,0.0,1.0
BANK_020,SCN_0076,Critical,Critical,0.0,0.002,0.998
BANK_021,SCN_0076,Stressed,Stressed,0.0,0.898,0.102
BANK_022,SCN_0076,Critical,Critical,0.0,0.036,0.964
BANK_023,SCN_0076,Healthy,Healthy,1.0,0.0,0.0
BANK_024,SCN_0076,Healthy,Healthy,0.972,0.028,0.0
BANK_025,SCN_0076,Healthy,Healthy,0.756,0.244,0.0
BANK_026,SCN_0076,Healthy,Healthy,0.918,0.082,0.0
BANK_027,SCN_0076,Healthy,Healthy,0.998,0.002,0.0
BANK_028,SCN_0076,Stressed,Stressed,0.0,1.0,0.0
BANK_029,SCN_0076,Stressed,Stressed,0.0,1.0,0.0
BANK_030,SCN_0076,Critical,Critical,0.0,0.0,1.0
BANK_031,SCN_0076,Healthy,Healthy,1.0,0.0,0.0
BANK_032,SCN_0076,Healthy,Healthy,1.0,0.0,0.0
BANK_033,SCN_0076,Stressed,Stressed,0.0,1.0,0.0
BANK_034,SCN_0076,Healthy,Healthy,0.738,0.262,0.0
BANK_035,SCN_0076,Healthy,Healthy,1.0,0.0,0.0
BANK_036,SCN_0076,Healthy,Healthy,0.998,0.002,0.0
BANK_037,SCN_0076,Stressed,Healthy,0.724,0.276,0.0
BANK_038,SCN_0076,Healthy,Healthy,0.946,0.054,0.0
BANK_039,SCN_0076,Healthy,Healthy,1.0,0.0,0.0
BANK_040,SCN_0076,Healthy,Healthy,1.0,0.0,0.0
BANK_001,SCN_0077,Healthy,Healthy,1.0,0.0,0.0
BANK_002,SCN_0077,Healthy,Healthy,1.0,0.0,0.0
BANK_003,SCN_0077,Healthy,Healthy,1.0,0.0,0.0
BANK_004,SCN_0077,Healthy,Healthy,1.0,0.0,0.0
BANK_005,SCN_0077,Healthy,Healthy,1.0,0.0,0.0
BANK_006,SCN_0077,Stressed,Stressed,0.0,1.0,0.0
BANK_007,SCN_0077,Healthy,Healthy,1.0,0.0,0.0
BANK_008,SCN_0077,Healthy,Stressed,0.228,0.772,0.0
BANK_009,SCN_0077,Healthy,Healthy,1.0,0.0,0.0
BANK_010,SCN_0077,Stressed,Stressed,0.37,0.63,0.0
BANK_011,SCN_0077,Healthy,Healthy,1.0,0.0,0.0
BANK_012,SCN_0077,Healthy,Healthy,1.0,0.0,0.0
BANK_013,SCN_0077,Critical,Critical,0.0,0.0,1.0
BANK_014,SCN_0077,Healthy,Healthy,0.994,0.006,0.0
BANK_015,SCN_0077,Stressed,Stressed,0.0,1.0,0.0
BANK_016,SCN_0077,Healthy,Healthy,1.0,0.0,0.0
BANK_017,SCN_0077,Stressed,Healthy,0.648,0.352,0.0
BANK_018,SCN_0077,Healthy,Healthy,1.0,0.0,0.0
BANK_019,SCN_0077,Critical,Critical,0.0,0.0,1.0
BANK_020,SCN_0077,Stressed,Critical,0.0,0.316,0.684
BANK_021,SCN_0077,Stressed,Stressed,0.014,0.986,0.0
BANK_022,SCN_0077,Stressed,Critical,0.0,0.294,0.706
BANK_023,SCN_0077,Healthy,Healthy,1.0,0.0,0.0
BANK_024,SCN_0077,Healthy,Healthy,1.0,0.0,0.0
BANK_025,SCN_0077,Healthy,Healthy,1.0,0.0,0.0
BANK_026,SCN_0077,Healthy,Healthy,1.0,0.0,0.0
BANK_027,SCN_0077,Healthy,Healthy,1.0,0.0,0.0
BANK_028,SCN_0077,Stressed,Healthy,0.558,0.442,0.0
BANK_029,SCN_0077,Stressed,Stressed,0.0,1.0,0.0
BANK_030,SCN_0077,Critical,Critical,0.0,0.0,1.0
BANK_031,SCN_0077,Healthy,Healthy,1.0,0.0,0.0
BANK_032,SCN_0077,Healthy,Healthy,1.0,0.0,0.0
BANK_033,SCN_0077,Stressed,Stressed,0.0,1.0,0.0
BANK_034,SCN_0077,Healthy,Healthy,1.0,0.0,0.0
BANK_035,SCN_0077,Healthy,Healthy,1.0,0.0,0.0
BANK_036,SCN_0077,Healthy,Healthy,1.0,0.0,0.0
BANK_037,SCN_0077,Healthy,Healthy,1.0,0.0,0.0
BANK_038,SCN_0077,Healthy,Healthy,1.0,0.0,0.0
BANK_039,SCN_0077,Healthy,Healthy,1.0,0.0,0.0
BANK_040,SCN_0077,Healthy,Healthy,1.0,0.0,0.0
BANK_001,SCN_0078,Healthy,Healthy,1.0,0.0,0.0
BANK_002,SCN_0078,Healthy,Healthy,1.0,0.0,0.0
BANK_003,SCN_0078,Healthy,Healthy,1.0,0.0,0.0
BANK_004,SCN_0078,Healthy,Healthy,1.0,0.0,0.0
BANK_005,SCN_0078,Healthy,Healthy,1.0,0.0,0.0
BANK_006,SCN_0078,Stressed,Stressed,0.0,1.0,0.0
BANK_007,SCN_0078,Healthy,Healthy,1.0,0.0,0.0
BANK_008,SCN_0078,Healthy,Healthy,0.794,0.206,0.0
BANK_009,SCN_0078,Healthy,Healthy,1.0,0.0,0.0
BANK_010,SCN_0078,Healthy,Healthy,0.992,0.008,0.0
BANK_011,SCN_0078,Healthy,Healthy,1.0,0.0,0.0
BANK_012,SCN_0078,Healthy,Healthy,1.0,0.0,0.0
BANK_013,SCN_0078,Critical,Critical,0.0,0.0,1.0
BANK_014,SCN_0078,Healthy,Stressed,0.37,0.63,0.0
BANK_015,SCN_0078,Stressed,Stressed,0.0,1.0,0.0
BANK_016,SCN_0078,Healthy,Healthy,1.0,0.0,0.0
BANK_017,SCN_0078,Healthy,Stressed,0.12,0.88,0.0
BANK_018,SCN_0078,Healthy,Healthy,1.0,0.0,0.0
BANK_019,SCN_0078,Critical,Critical,0.0,0.0,1.0
BANK_020,SCN_0078,Stressed,Stressed,0.0,1.0,0.0
BANK_021,SCN_0078,Stressed,Stressed,0.0,1.0,0.0
BANK_022,SCN_0078,Stressed,Critical,0.0,0.288,0.712
BANK_023,SCN_0078,Healthy,Healthy,1.0,0.0,0.0
BANK_024,SCN_0078,Healthy,Healthy,1.0,0.0,0.0
BANK_025,SCN_0078,Healthy,Healthy,0.778,0.222,0.0
BANK_026,SCN_0078,Healthy,Healthy,1.0,0.0,0.0
BANK_027,SCN_0078,Healthy,Healthy,1.0,0.0,0.0
BANK_028,SCN_0078,Stressed,Stressed,0.0,1.0,0.0
BANK_029,SCN_0078,Stressed,Stressed,0.07,0.93,0.0
BANK_030,SCN_0078,Critical,Critical,0.0,0.0,1.0
BANK_031,SCN_0078,Healthy,Healthy,1.0,0.0,0.0
BANK_032,SCN_0078,Healthy,Healthy,1.0,0.0,0.0
BANK_033,SCN_0078,Stressed,Stressed,0.1,0.9,0.0
BANK_034,SCN_0078,Healthy,Healthy,1.0,0.0,0.0
BANK_035,SCN_0078,Healthy,Healthy,1.0,0.0,0.0
BANK_036,SCN_0078,Healthy,Healthy,1.0,0.0,0.0
BANK_037,SCN_0078,Healthy,Healthy,1.0,0.0,0.0
BANK_038,SCN_0078,Healthy,Healthy,1.0,0.0,0.0
BANK_039,SCN_0078,Healthy,Healthy,1.0,0.0,0.0
BANK_040,SCN_0078,Healthy,Healthy,1.0,0.0,0.0
BANK_001,SCN_0079,Healthy,Healthy,1.0,0.0,0.0
BANK_002,SCN_0079,Healthy,Stressed,0.008,0.992,0.0
BANK_003,SCN_0079,Stressed,Stressed,0.076,0.924,0.0
BANK_004,SCN_0079,Healthy,Healthy,0.996,0.004,0.0
BANK_005,SCN_0079,Healthy,Healthy,1.0,0.0,0.0
BANK_006,SCN_0079,Stressed,Stressed,0.0,1.0,0.0
BANK_007,SCN_0079,Healthy,Healthy,1.0,0.0,0.0
BANK_008,SCN_0079,Stressed,Stressed,0.0,1.0,0.0
BANK_009,SCN_0079,Healthy,Healthy,0.75,0.25,0.0
BANK_010,SCN_0079,Stressed,Stressed,0.0,0.904,0.096
BANK_011,SCN_0079,Healthy,Healthy,0.894,0.106,0.0
BANK_012,SCN_0079,Healthy,Healthy,1.0,0.0,0.0
BANK_013,SCN_0079,Critical,Critical,0.0,0.0,1.0
BANK_014,SCN_0079,Stressed,Stressed,0.002,0.998,0.0
BANK_015,SCN_0079,Stressed,Critical,0.0,0.248,0.752
BANK_016,SCN_0079,Healthy,Healthy,1.0,0.0,0.0
BANK_017,SCN_0079,Stressed,Stressed,0.0,0.632,0.368
BANK_018,SCN_0079,Stressed,Stressed,0.0,1.0,0.0
BANK_019,SCN_0079,Critical,Critical,0.0,0.0,1.0
BANK_020,SCN_0079,Critical,Critical,0.0,0.01,0.99
BANK_021,SCN_0079,Stressed,Stressed,0.0,0.898,0.102
BANK_022,SCN_0079,Critical,Critical,0.0,0.0,1.0
BANK_023,SCN_0079,Healthy,Healthy,1.0,0.0,0.0
BANK_024,SCN_0079,Stressed,Stressed,0.0,1.0,0.0
BANK_025,SCN_0079,Stressed,Stressed,0.106,0.894,0.0
BANK_026,SCN_0079,Healthy,Healthy,0.862,0.138,0.0
BANK_027,SCN_0079,Healthy,Healthy,0.768,0.232,0.0
BANK_028,SCN_0079,Stressed,Stressed,0.0,0.952,0.048
BANK_029,SCN_0079,Critical,Stressed,0.0,0.966,0.034
BANK_030,SCN_0079,Critical,Critical,0.0,0.0,1.0
BANK_031,SCN_0079,Healthy,Healthy,1.0,0.0,0.0
BANK_032,SCN_0079,Healthy,Healthy,1.0,0.0,0.0
BANK_033,SCN_0079,Stressed,Stressed,0.0,0.998,0.002
BANK_034,SCN_0079,Healthy,Stressed,0.0,1.0,0.0
BANK_035,SCN_0079,Healthy,Healthy,1.0,0.0,0.0
BANK_036,SCN_0079,Healthy,Healthy,0.998,0.002,0.0
BANK_037,SCN_0079,Stressed,Stressed,0.0,1.0,0.0
BANK_038,SCN_0079,Healthy,Healthy,0.652,0.348,0.0
BANK_039,SCN_0079,Healthy,Healthy,1.0,0.0,0.0
BANK_040,SCN_0079,Healthy,Healthy,1.0,0.0,0.0
BANK_001,SCN_0080,Healthy,Healthy,1.0,0.0,0.0
BANK_002,SCN_0080,Healthy,Healthy,1.0,0.0,0.0
BANK_003,SCN_0080,Healthy,Healthy,0.996,0.004,0.0
BANK_004,SCN_0080,Healthy,Healthy,1.0,0.0,0.0
BANK_005,SCN_0080,Healthy,Healthy,1.0,0.0,0.0
BANK_006,SCN_0080,Stressed,Stressed,0.0,1.0,0.0
BANK_007,SCN_0080,Healthy,Healthy,1.0,0.0,0.0
BANK_008,SCN_0080,Stressed,Stressed,0.0,1.0,0.0
BANK_009,SCN_0080,Healthy,Healthy,1.0,0.0,0.0
BANK_010,SCN_0080,Healthy,Healthy,0.75,0.25,0.0
BANK_011,SCN_0080,Healthy,Healthy,1.0,0.0,0.0
BANK_012,SCN_0080,Healthy,Healthy,1.0,0.0,0.0
BANK_013,SCN_0080,Critical,Critical,0.0,0.0,1.0
BANK_014,SCN_0080,Stressed,Healthy,0.868,0.132,0.0
BANK_015,SCN_0080,Stressed,Stressed,0.0,1.0,0.0
BANK_016,SCN_0080,Healthy,Healthy,1.0,0.0,0.0
BANK_017,SCN_0080,Stressed,Stressed,0.0,1.0,0.0
BANK_018,SCN_0080,Healthy,Healthy,1.0,0.0,0.0
BANK_019,SCN_0080,Critical,Critical,0.0,0.0,1.0
BANK_020,SCN_0080,Stressed,Stressed,0.0,0.616,0.384
BANK_021,SCN_0080,Stressed,Stressed,0.0,1.0,0.0
BANK_022,SCN_0080,Critical,Critical,0.0,0.232,0.768
BANK_023,SCN_0080,Healthy,Healthy,1.0,0.0,0.0
BANK_024,SCN_0080,Healthy,Healthy,1.0,0.0,0.0
BANK_025,SCN_0080,Healthy,Healthy,1.0,0.0,0.0
BANK_026,SCN_0080,Stressed,Healthy,1.0,0.0,0.0
BANK_027,SCN_0080,Healthy,Healthy,1.0,0.0,0.0
BANK_028,SCN_0080,Stressed,Stressed,0.0,1.0,0.0
BANK_029,SCN_0080,Stressed,Stressed,0.0,1.0,0.0
BANK_030,SCN_0080,Critical,Critical,0.0,0.0,1.0
BANK_031,SCN_0080,Healthy,Healthy,1.0,0.0,0.0
BANK_032,SCN_0080,Healthy,Healthy,1.0,0.0,0.0
BANK_033,SCN_0080,Stressed,Stressed,0.008,0.992,0.0
BANK_034,SCN_0080,Healthy,Healthy,0.992,0.008,0.0
BANK_035,SCN_0080,Healthy,Healthy,1.0,0.0,0.0
BANK_036,SCN_0080,Stressed,Healthy,1.0,0.0,0.0
BANK_037,SCN_0080,Stressed,Stressed,0.008,0.992,0.0
BANK_038,SCN_0080,Healthy,Stressed,0.314,0.686,0.0
BANK_039,SCN_0080,Healthy,Healthy,1.0,0.0,0.0
BANK_040,SCN_0080,Healthy,Healthy,1.0,0.0,0.0
BANK_001,SCN_0083,Healthy,Healthy,1.0,0.0,0.0
BANK_002,SCN_0083,Healthy,Healthy,0.922,0.078,0.0
BANK_003,SCN_0083,Healthy,Healthy,0.998,0.002,0.0
BANK_004,SCN_0083,Healthy,Healthy,0.988,0.012,0.0
BANK_005,SCN_0083,Healthy,Healthy,1.0,0.0,0.0
BANK_006,SCN_0083,Stressed,Stressed,0.0,1.0,0.0
BANK_007,SCN_0083,Healthy,Healthy,1.0,0.0,0.0
BANK_008,SCN_0083,Stressed,Stressed,0.0,1.0,0.0
BANK_009,SCN_0083,Healthy,Healthy,0.758,0.242,0.0
BANK_010,SCN_0083,Healthy,Stressed,0.0,1.0,0.0
BANK_011,SCN_0083,Healthy,Healthy,1.0,0.0,0.0
BANK_012,SCN_0083,Healthy,Healthy,1.0,0.0,0.0
BANK_013,SCN_0083,Critical,Critical,0.0,0.0,1.0
BANK_014,SCN_0083,Stressed,Stressed,0.062,0.938,0.0
BANK_015,SCN_0083,Stressed,Stressed,0.0,0.99,0.01
BANK_016,SCN_0083,Healthy,Healthy,1.0,0.0,0.0
BANK_017,SCN_0083,Stressed,Stressed,0.0,0.986,0.014
BANK_018,SCN_0083,Stressed,Stressed,0.004,0.996,0.0
BANK_019,SCN_0083,Critical,Critical,0.0,0.0,1.0
BANK_020,SCN_0083,Critical,Stressed,0.0,0.624,0.376
BANK_021,SCN_0083,Critical,Stressed,0.0,0.728,0.272
BANK_022,SCN_0083,Critical,Critical,0.0,0.224,0.776
BANK_023,SCN_0083,Healthy,Healthy,1.0,0.0,0.0
BANK_024,SCN_0083,Stressed,Stressed,0.0,1.0,0.0
BANK_025,SCN_0083,Healthy,Stressed,0.012,0.988,0.0
BANK_026,SCN_0083,Healthy,Healthy,1.0,0.0,0.0
BANK_027,SCN_0083,Healthy,Stressed,0.128,0.872,0.0
BANK_028,SCN_0083,Critical,Critical,0.0,0.348,0.652
BANK_029,SCN_0083,Stressed,Stressed,0.0,1.0,0.0
BANK_030,SCN_0083,Critical,Critical,0.0,0.0,1.0
BANK_031,SCN_0083,Healthy,Healthy,1.0,0.0,0.0
BANK_032,SCN_0083,Healthy,Healthy,1.0,0.0,0.0
BANK_033,SCN_0083,Stressed,Stressed,0.0,0.684,0.316
BANK_034,SCN_0083,Stressed,Stressed,0.164,0.836,0.0
BANK_035,SCN_0083,Healthy,Healthy,1.0,0.0,0.0
BANK_036,SCN_0083,Healthy,Healthy,1.0,0.0,0.0
BANK_037,SCN_0083,Stressed,Stressed,0.048,0.952,0.0
BANK_038,SCN_0083,Stressed,Healthy,0.886,0.114,0.0
BANK_039,SCN_0083,Healthy,Healthy,1.0,0.0,0.0
BANK_040,SCN_0083,Healthy,Healthy,1.0,0.0,0.0
BANK_001,SCN_0085,Healthy,Healthy,0.91,0.09,0.0
BANK_002,SCN_0085,Stressed,Healthy,0.992,0.008,0.0
BANK_003,SCN_0085,Healthy,Stressed,0.334,0.666,0.0
BANK_004,SCN_0085,Stressed,Healthy,0.734,0.266,0.0
BANK_005,SCN_0085,Healthy,Healthy,1.0,0.0,0.0
BANK_006,SCN_0085,Stressed,Stressed,0.0,1.0,0.0
BANK_007,SCN_0085,Healthy,Healthy,1.0,0.0,0.0
BANK_008,SCN_0085,Stressed,Stressed,0.0,1.0,0.0
BANK_009,SCN_0085,Healthy,Healthy,0.912,0.088,0.0
BANK_010,SCN_0085,Stressed,Stressed,0.084,0.916,0.0
BANK_011,SCN_0085,Healthy,Healthy,0.998,0.002,0.0
BANK_012,SCN_0085,Healthy,Healthy,1.0,0.0,0.0
BANK_013,SCN_0085,Critical,Critical,0.0,0.0,1.0
BANK_014,SCN_0085,Stressed,Stressed,0.0,1.0,0.0
BANK_015,SCN_0085,Stressed,Critical,0.0,0.108,0.892
BANK_016,SCN_0085,Healthy,Healthy,1.0,0.0,0.0
BANK_017,SCN_0085,Stressed,Stressed,0.0,0.982,0.018
BANK_018,SCN_0085,Stressed,Stressed,0.0,1.0,0.0
BANK_019,SCN_0085,Critical,Critical,0.0,0.0,1.0
BANK_020,SCN_0085,Critical,Critical,0.0,0.0,1.0
BANK_021,SCN_0085,Stressed,Stressed,0.0,0.974,0.026
BANK_022,SCN_0085,Critical,Critical,0.0,0.0,1.0
BANK_023,SCN_0085,Stressed,Stressed,0.25,0.75,0.0
BANK_024,SCN_0085,Stressed,Stressed,0.0,1.0,0.0
BANK_025,SCN_0085,Stressed,Stressed,0.054,0.946,0.0
BANK_026,SCN_0085,Stressed,Healthy,0.988,0.012,0.0
BANK_027,SCN_0085,Stressed,Healthy,0.63,0.37,0.0
BANK_028,SCN_0085,Critical,Stressed,0.0,0.7,0.3
BANK_029,SCN_0085,Stressed,Stressed,0.0,0.682,0.318
BANK_030,SCN_0085,Critical,Critical,0.0,0.0,1.0
BANK_031,SCN_0085,Healthy,Healthy,1.0,0.0,0.0
BANK_032,SCN_0085,Stressed,Healthy,0.762,0.238,0.0
BANK_033,SCN_0085,Stressed,Stressed,0.0,0.924,0.076
BANK_034,SCN_0085,Stressed,Stressed,0.004,0.994,0.002
BANK_035,SCN_0085,Healthy,Healthy,1.0,0.0,0.0
BANK_036,SCN_0085,Healthy,Stressed,0.296,0.704,0.0
BANK_037,SCN_0085,Stressed,Stressed,0.0,1.0,0.0
BANK_038,SCN_0085,Stressed,Stressed,0.0,1.0,0.0
BANK_039,SCN_0085,Healthy,Healthy,1.0,0.0,0.0
BANK_040,SCN_0085,Healthy,Healthy,0.768,0.232,0.0
BANK_001,SCN_0087,Healthy,Healthy,0.962,0.038,0.0
BANK_002,SCN_0087,Healthy,Healthy,0.974,0.026,0.0
BANK_003,SCN_0087,Stressed,Stressed,0.108,0.888,0.004
BANK_004,SCN_0087,Stressed,Healthy,0.868,0.132,0.0
BANK_005,SCN_0087,Healthy,Healthy,1.0,0.0,0.0
BANK_006,SCN_0087,Stressed,Stressed,0.0,1.0,0.0
BANK_007,SCN_0087,Healthy,Healthy,1.0,0.0,0.0
BANK_008,SCN_0087,Stressed,Stressed,0.0,0.898,0.102
BANK_009,SCN_0087,Stressed,Healthy,0.988,0.012,0.0
BANK_010,SCN_0087,Critical,Stressed,0.0,0.678,0.322
BANK_011,SCN_0087,Stressed,Stressed,0.252,0.748,0.0
BANK_012,SCN_0087,Healthy,Healthy,1.0,0.0,0.0
BANK_013,SCN_0087,Critical,Critical,0.0,0.0,1.0
BANK_014,SCN_0087,Stressed,Stressed,0.0,0.696,0.304
BANK_015,SCN_0087,Critical,Critical,0.0,0.0,1.0
BANK_016,SCN_0087,Healthy,Healthy,1.0,0.0,0.0
BANK_017,SCN_0087,Critical,Critical,0.0,0.114,0.886
BANK_018,SCN_0087,Stressed,Stressed,0.0,1.0,0.0
BANK_019,SCN_0087,Critical,Critical,0.0,0.0,1.0
BANK_020,SCN_0087,Critical,Critical,0.0,0.0,1.0
BANK_021,SCN_0087,Stressed,Critical,0.0,0.036,0.964
BANK_022,SCN_0087,Critical,Critical,0.0,0.0,1.0
BANK_023,SCN_0087,Stressed,Stressed,0.0,1.0,0.0
BANK_024,SCN_0087,Stressed,Stressed,0.0,1.0,0.0
BANK_025,SCN_0087,Healthy,Critical,0.0,0.374,0.626
BANK_026,SCN_0087,Stressed,Healthy,0.932,0.068,0.0
BANK_027,SCN_0087,Critical,Healthy,0.756,0.238,0.006
BANK_028,SCN_0087,Critical,Stressed,0.0,0.738,0.262
BANK_029,SCN_0087,Critical,Stressed,0.0,0.644,0.356
BANK_030,SCN_0087,Critical,Critical,0.0,0.0,1.0
BANK_031,SCN_0087,Healthy,Healthy,1.0,0.0,0.0
BANK_032,SCN_0087,Stressed,Stressed,0.0,1.0,0.0
BANK_033,SCN_0087,Critical,Critical,0.0,0.234,0.766
BANK_034,SCN_0087,Stressed,Stressed,0.0,0.97,0.03
BANK_035,SCN_0087,Healthy,Healthy,1.0,0.0,0.0
BANK_036,SCN_0087,Stressed,Healthy,0.98,0.02,0.0
BANK_037,SCN_0087,Critical,Stressed,0.014,0.986,0.0
BANK_038,SCN_0087,Stressed,Stressed,0.0,1.0,0.0
BANK_039,SCN_0087,Healthy,Healthy,1.0,0.0,0.0
BANK_040,SCN_0087,Healthy,Stressed,0.23,0.77,0.0
BANK_001,SCN_0091,Healthy,Healthy,1.0,0.0,0.0
BANK_002,SCN_0091,Healthy,Healthy,1.0,0.0,0.0
BANK_003,SCN_0091,Healthy,Healthy,1.0,0.0,0.0
BANK_004,SCN_0091,Healthy,Healthy,1.0,0.0,0.0
BANK_005,SCN_0091,Healthy,Healthy,1.0,0.0,0.0
BANK_006,SCN_0091,Stressed,Stressed,0.0,1.0,0.0
BANK_007,SCN_0091,Healthy,Healthy,1.0,0.0,0.0
BANK_008,SCN_0091,Stressed,Stressed,0.002,0.998,0.0
BANK_009,SCN_0091,Healthy,Healthy,1.0,0.0,0.0
BANK_010,SCN_0091,Stressed,Healthy,0.788,0.212,0.0
BANK_011,SCN_0091,Healthy,Healthy,1.0,0.0,0.0
BANK_012,SCN_0091,Healthy,Healthy,1.0,0.0,0.0
BANK_013,SCN_0091,Critical,Critical,0.0,0.0,1.0
BANK_014,SCN_0091,Healthy,Healthy,1.0,0.0,0.0
BANK_015,SCN_0091,Stressed,Stressed,0.0,1.0,0.0
BANK_016,SCN_0091,Healthy,Healthy,1.0,0.0,0.0
BANK_017,SCN_0091,Stressed,Stressed,0.0,1.0,0.0
BANK_018,SCN_0091,Healthy,Healthy,1.0,0.0,0.0
BANK_019,SCN_0091,Critical,Critical,0.0,0.0,1.0
BANK_020,SCN_0091,Stressed,Stressed,0.0,0.686,0.314
BANK_021,SCN_0091,Stressed,Stressed,0.084,0.916,0.0
BANK_022,SCN_0091,Stressed,Stressed,0.0,0.928,0.072
BANK_023,SCN_0091,Healthy,Healthy,1.0,0.0,0.0
BANK_024,SCN_0091,Healthy,Healthy,1.0,0.0,0.0
BANK_025,SCN_0091,Healthy,Healthy,0.984,0.016,0.0
BANK_026,SCN_0091,Healthy,Healthy,1.0,0.0,0.0
BANK_027,SCN_0091,Healthy,Healthy,1.0,0.0,0.0
BANK_028,SCN_0091,Stressed,Stressed,0.0,1.0,0.0
BANK_029,SCN_0091,Stressed,Stressed,0.0,1.0,0.0
BANK_030,SCN_0091,Critical,Critical,0.0,0.0,1.0
BANK_031,SCN_0091,Healthy,Healthy,1.0,0.0,0.0
BANK_032,SCN_0091,Healthy,Healthy,1.0,0.0,0.0
BANK_033,SCN_0091,Stressed,Stressed,0.006,0.994,0.0
BANK_034,SCN_0091,Healthy,Healthy,1.0,0.0,0.0
BANK_035,SCN_0091,Healthy,Healthy,1.0,0.0,0.0
BANK_036,SCN_0091,Healthy,Healthy,1.0,0.0,0.0
BANK_037,SCN_0091,Healthy,Healthy,0.728,0.272,0.0
BANK_038,SCN_0091,Healthy,Healthy,1.0,0.0,0.0
BANK_039,SCN_0091,Healthy,Healthy,1.0,0.0,0.0
BANK_040,SCN_0091,Healthy,Healthy,1.0,0.0,0.0
BANK_001,SCN_0094,Healthy,Healthy,1.0,0.0,0.0
BANK_002,SCN_0094,Healthy,Healthy,1.0,0.0,0.0
BANK_003,SCN_0094,Healthy,Healthy,0.962,0.038,0.0
BANK_004,SCN_0094,Healthy,Healthy,1.0,0.0,0.0
BANK_005,SCN_0094,Healthy,Healthy,1.0,0.0,0.0
BANK_006,SCN_0094,Stressed,Stressed,0.0,1.0,0.0
BANK_007,SCN_0094,Healthy,Healthy,1.0,0.0,0.0
BANK_008,SCN_0094,Stressed,Stressed,0.0,1.0,0.0
BANK_009,SCN_0094,Healthy,Healthy,1.0,0.0,0.0
BANK_010,SCN_0094,Stressed,Stressed,0.014,0.986,0.0
BANK_011,SCN_0094,Healthy,Healthy,1.0,0.0,0.0
BANK_012,SCN_0094,Healthy,Healthy,1.0,0.0,0.0
BANK_013,SCN_0094,Critical,Critical,0.0,0.0,1.0
BANK_014,SCN_0094,Healthy,Stressed,0.306,0.694,0.0
BANK_015,SCN_0094,Stressed,Stressed,0.0,0.998,0.002
BANK_016,SCN_0094,Healthy,Healthy,1.0,0.0,0.0
BANK_017,SCN_0094,Stressed,Stressed,0.0,1.0,0.0
BANK_018,SCN_0094,Healthy,Healthy,1.0,0.0,0.0
BANK_019,SCN_0094,Critical,Critical,0.0,0.0,1.0
BANK_020,SCN_0094,Critical,Critical,0.0,0.256,0.744
BANK_021,SCN_0094,Stressed,Stressed,0.0,0.738,0.262
BANK_022,SCN_0094,Critical,Critical,0.0,0.014,0.986
BANK_023,SCN_0094,Healthy,Healthy,1.0,0.0,0.0
BANK_024,SCN_0094,Healthy,Healthy,1.0,0.0,0.0
BANK_025,SCN_0094,Healthy,Stressed,0.316,0.684,0.0
BANK_026,SCN_0094,Healthy,Healthy,1.0,0.0,0.0
BANK_027,SCN_0094,Healthy,Healthy,1.0,0.0,0.0
BANK_028,SCN_0094,Stressed,Stressed,0.0,1.0,0.0
BANK_029,SCN_0094,Stressed,Stressed,0.0,1.0,0.0
BANK_030,SCN_0094,Critical,Critical,0.0,0.0,1.0
BANK_031,SCN_0094,Healthy,Healthy,1.0,0.0,0.0
BANK_032,SCN_0094,Healthy,Healthy,1.0,0.0,0.0
BANK_033,SCN_0094,Stressed,Stressed,0.0,1.0,0.0
BANK_034,SCN_0094,Stressed,Healthy,0.972,0.028,0.0
BANK_035,SCN_0094,Healthy,Healthy,1.0,0.0,0.0
BANK_036,SCN_0094,Healthy,Healthy,1.0,0.0,0.0
BANK_037,SCN_0094,Stressed,Healthy,0.682,0.318,0.0
BANK_038,SCN_0094,Healthy,Healthy,1.0,0.0,0.0
BANK_039,SCN_0094,Healthy,Healthy,1.0,0.0,0.0
BANK_040,SCN_0094,Healthy,Healthy,1.0,0.0,0.0
BANK_001,SCN_0102,Healthy,Healthy,1.0,0.0,0.0
BANK_002,SCN_0102,Stressed,Stressed,0.344,0.656,0.0
BANK_003,SCN_0102,Stressed,Healthy,0.832,0.168,0.0
BANK_004,SCN_0102,Healthy,Healthy,0.652,0.348,0.0
BANK_005,SCN_0102,Healthy,Healthy,0.994,0.006,0.0
BANK_006,SCN_0102,Stressed,Stressed,0.0,1.0,0.0
BANK_007,SCN_0102,Healthy,Healthy,1.0,0.0,0.0
BANK_008,SCN_0102,Stressed,Stressed,0.0,1.0,0.0
BANK_009,SCN_0102,Healthy,Stressed,0.324,0.676,0.0
BANK_010,SCN_0102,Stressed,Stressed,0.0,0.964,0.036
BANK_011,SCN_0102,Healthy,Healthy,0.978,0.022,0.0
BANK_012,SCN_0102,Healthy,Healthy,1.0,0.0,0.0
BANK_013,SCN_0102,Critical,Critical,0.0,0.0,1.0
BANK_014,SCN_0102,Healthy,Stressed,0.0,0.768,0.232
BANK_015,SCN_0102,Critical,Critical,0.0,0.1,0.9
BANK_016,SCN_0102,Healthy,Healthy,0.998,0.002,0.0
BANK_017,SCN_0102,Critical,Stressed,0.0,0.906,0.094
BANK_018,SCN_0102,Stressed,Stressed,0.0,1.0,0.0
BANK_019,SCN_0102,Critical,Critical,0.0,0.0,1.0
BANK_020,SCN_0102,Critical,Critical,0.0,0.0,1.0
BANK_021,SCN_0102,Critical,Stressed,0.0,0.88,0.12
BANK_022,SCN_0102,Critical,Critical,0.0,0.24,0.76
BANK_023,SCN_0102,Stressed,Stressed,0.15,0.85,0.0
BANK_024,SCN_0102,Stressed,Stressed,0.0,1.0,0.0
BANK_025,SCN_0102,Stressed,Healthy,0.632,0.368,0.0
BANK_026,SCN_0102,Stressed,Healthy,0.98,0.02,0.0
BANK_027,SCN_0102,Stressed,Healthy,0.66,0.34,0.0
BANK_028,SCN_0102,Critical,Stressed,0.0,0.708,0.292
BANK_029,SCN_0102,Stressed,Stressed,0.0,0.644,0.356
BANK_030,SCN_0102,Critical,Critical,0.0,0.0,1.0
BANK_031,SCN_0102,Healthy,Healthy,1.0,0.0,0.0
BANK_032,SCN_0102,Stressed,Stressed,0.386,0.614,0.0
BANK_033,SCN_0102,Critical,Stressed,0.0,0.856,0.144
BANK_034,SCN_0102,Stressed,Stressed,0.0,0.928,0.072
BANK_035,SCN_0102,Healthy,Healthy,1.0,0.0,0.0
BANK_036,SCN_0102,Healthy,Healthy,0.714,0.286,0.0
BANK_037,SCN_0102,Critical,Critical,0.0,0.116,0.884
BANK_038,SCN_0102,Stressed,Stressed,0.0,1.0,0.0
BANK_039,SCN_0102,Healthy,Stressed,0.368,0.632,0.0
BANK_040,SCN_0102,Healthy,Stressed,0.378,0.622,0.0
BANK_001,SCN_0105,Healthy,Healthy,0.99,0.01,0.0
BANK_002,SCN_0105,Healthy,Healthy,0.662,0.338,0.0
BANK_003,SCN_0105,Stressed,Healthy,0.616,0.372,0.012
BANK_004,SCN_0105,Stressed,Stressed,0.11,0.89,0.0
BANK_005,SCN_0105,Healthy,Healthy,1.0,0.0,0.0
BANK_006,SCN_0105,Stressed,Stressed,0.0,1.0,0.0
BANK_007,SCN_0105,Healthy,Healthy,1.0,0.0,0.0
BANK_008,SCN_0105,Stressed,Stressed,0.0,0.974,0.026
BANK_009,SCN_0105,Stressed,Healthy,0.962,0.038,0.0
BANK_010,SCN_0105,Critical,Stressed,0.0,0.766,0.234
BANK_011,SCN_0105,Stressed,Healthy,0.684,0.316,0.0
BANK_012,SCN_0105,Healthy,Healthy,1.0,0.0,0.0
BANK_013,SCN_0105,Critical,Critical,0.0,0.0,1.0
BANK_014,SCN_0105,Critical,Stressed,0.0,0.92,0.08
BANK_015,SCN_0105,Critical,Stressed,0.0,0.89,0.11
BANK_016,SCN_0105,Healthy,Healthy,1.0,0.0,0.0
BANK_017,SCN_0105,Critical,Stressed,0.0,1.0,0.0
BANK_018,SCN_0105,Stressed,Stressed,0.0,1.0,0.0
BANK_019,SCN_0105,Critical,Critical,0.0,0.0,1.0
BANK_020,SCN_0105,Critical,Critical,0.0,0.0,1.0
BANK_021,SCN_0105,Critical,Stressed,0.0,0.998,0.002
BANK_022,SCN_0105,Critical,Critical,0.0,0.0,1.0
BANK_023,SCN_0105,Stressed,Stressed,0.0,1.0,0.0
BANK_024,SCN_0105,Stressed,Stressed,0.0,1.0,0.0
BANK_025,SCN_0105,Stressed,Stressed,0.09,0.904,0.006
BANK_026,SCN_0105,Healthy,Healthy,0.708,0.292,0.0
BANK_027,SCN_0105,Healthy,Stressed,0.252,0.748,0.0
BANK_028,SCN_0105,Stressed,Stressed,0.0,0.702,0.298
BANK_029,SCN_0105,Critical,Stressed,0.0,0.908,0.092
BANK_030,SCN_0105,Critical,Critical,0.0,0.0,1.0
BANK_031,SCN_0105,Healthy,Healthy,1.0,0.0,0.0
BANK_032,SCN_0105,Stressed,Stressed,0.0,1.0,0.0
BANK_033,SCN_0105,Stressed,Critical,0.0,0.002,0.998
BANK_034,SCN_0105,Stressed,Stressed,0.0,1.0,0.0
BANK_035,SCN_0105,Healthy,Healthy,1.0,0.0,0.0
BANK_036,SCN_0105,Stressed,Stressed,0.094,0.906,0.0
BANK_037,SCN_0105,Stressed,Stressed,0.0,0.752,0.248
BANK_038,SCN_0105,Stressed,Stressed,0.0,0.994,0.006
BANK_039,SCN_0105,Healthy,Healthy,1.0,0.0,0.0
BANK_040,SCN_0105,Healthy,Healthy,0.98,0.02,0.0
BANK_001,SCN_0125,Healthy,Healthy,1.0,0.0,0.0
BANK_002,SCN_0125,Healthy,Healthy,1.0,0.0,0.0
BANK_003,SCN_0125,Stressed,Healthy,0.934,0.066,0.0
BANK_004,SCN_0125,Healthy,Healthy,1.0,0.0,0.0
BANK_005,SCN_0125,Healthy,Healthy,1.0,0.0,0.0
BANK_006,SCN_0125,Stressed,Stressed,0.0,1.0,0.0
BANK_007,SCN_0125,Healthy,Healthy,1.0,0.0,0.0
BANK_008,SCN_0125,Stressed,Stressed,0.0,1.0,0.0
BANK_009,SCN_0125,Healthy,Healthy,1.0,0.0,0.0
BANK_010,SCN_0125,Stressed,Stressed,0.012,0.988,0.0
BANK_011,SCN_0125,Healthy,Healthy,1.0,0.0,0.0
BANK_012,SCN_0125,Healthy,Healthy,1.0,0.0,0.0
BANK_013,SCN_0125,Critical,Critical,0.0,0.0,1.0
BANK_014,SCN_0125,Healthy,Stressed,0.248,0.752,0.0
BANK_015,SCN_0125,Stressed,Critical,0.0,0.442,0.558
BANK_016,SCN_0125,Healthy,Healthy,1.0,0.0,0.0
BANK_017,SCN_0125,Stressed,Stressed,0.0,1.0,0.0
BANK_018,SCN_0125,Healthy,Healthy,1.0,0.0,0.0
BANK_019,SCN_0125,Critical,Critical,0.0,0.0,1.0
BANK_020,SCN_0125,Critical,Critical,0.0,0.002,0.998
BANK_021,SCN_0125,Stressed,Stressed,0.0,1.0,0.0
BANK_022,SCN_0125,Critical,Critical,0.0,0.016,0.984
BANK_023,SCN_0125,Healthy,Healthy,1.0,0.0,0.0
BANK_024,SCN_0125,Healthy,Healthy,1.0,0.0,0.0
BANK_025,SCN_0125,Healthy,Healthy,0.98,0.02,0.0
BANK_026,SCN_0125,Healthy,Healthy,1.0,0.0,0.0
BANK_027,SCN_0125,Healthy,Healthy,1.0,0.0,0.0
BANK_028,SCN_0125,Stressed,Stressed,0.0,1.0,0.0
BANK_029,SCN_0125,Stressed,Stressed,0.0,1.0,0.0
BANK_030,SCN_0125,Critical,Critical,0.0,0.0,1.0
BANK_031,SCN_0125,Healthy,Healthy,1.0,0.0,0.0
BANK_032,SCN_0125,Healthy,Healthy,1.0,0.0,0.0
BANK_033,SCN_0125,Stressed,Stressed,0.0,1.0,0.0
BANK_034,SCN_0125,Stressed,Healthy,0.9,0.1,0.0
BANK_035,SCN_0125,Healthy,Healthy,1.0,0.0,0.0
BANK_036,SCN_0125,Healthy,Healthy,1.0,0.0,0.0
BANK_037,SCN_0125,Healthy,Healthy,0.714,0.286,0.0
BANK_038,SCN_0125,Healthy,Healthy,1.0,0.0,0.0
BANK_039,SCN_0125,Healthy,Healthy,1.0,0.0,0.0
BANK_040,SCN_0125,Healthy,Healthy,1.0,0.0,0.0
BANK_001,SCN_0132,Healthy,Healthy,1.0,0.0,0.0
BANK_002,SCN_0132,Healthy,Healthy,1.0,0.0,0.0
BANK_003,SCN_0132,Healthy,Healthy,1.0,0.0,0.0
BANK_004,SCN_0132,Healthy,Healthy,1.0,0.0,0.0
BANK_005,SCN_0132,Healthy,Healthy,1.0,0.0,0.0
BANK_006,SCN_0132,Stressed,Stressed,0.0,1.0,0.0
BANK_007,SCN_0132,Healthy,Healthy,1.0,0.0,0.0
BANK_008,SCN_0132,Healthy,Healthy,1.0,0.0,0.0
BANK_009,SCN_0132,Healthy,Healthy,1.0,0.0,0.0
BANK_010,SCN_0132,Healthy,Healthy,0.924,0.076,0.0
BANK_011,SCN_0132,Healthy,Healthy,1.0,0.0,0.0
BANK_012,SCN_0132,Healthy,Healthy,1.0,0.0,0.0
BANK_013,SCN_0132,Critical,Critical,0.0,0.0,1.0
BANK_014,SCN_0132,Healthy,Healthy,1.0,0.0,0.0
BANK_015,SCN_0132,Stressed,Stressed,0.0,1.0,0.0
BANK_016,SCN_0132,Healthy,Healthy,1.0,0.0,0.0
BANK_017,SCN_0132,Stressed,Stressed,0.006,0.994,0.0
BANK_018,SCN_0132,Healthy,Healthy,1.0,0.0,0.0
BANK_019,SCN_0132,Critical,Critical,0.0,0.0,1.0
BANK_020,SCN_0132,Stressed,Stressed,0.0,0.992,0.008
BANK_021,SCN_0132,Stressed,Stressed,0.0,1.0,0.0
BANK_022,SCN_0132,Critical,Stressed,0.0,1.0,0.0
BANK_023,SCN_0132,Healthy,Healthy,1.0,0.0,0.0
BANK_024,SCN_0132,Healthy,Healthy,1.0,0.0,0.0
BANK_025,SCN_0132,Healthy,Healthy,1.0,0.0,0.0
BANK_026,SCN_0132,Healthy,Healthy,1.0,0.0,0.0
BANK_027,SCN_0132,Healthy,Healthy,1.0,0.0,0.0
BANK_028,SCN_0132,Stressed,Stressed,0.0,1.0,0.0
BANK_029,SCN_0132,Stressed,Healthy,0.66,0.34,0.0
BANK_030,SCN_0132,Critical,Critical,0.0,0.0,1.0
BANK_031,SCN_0132,Healthy,Healthy,1.0,0.0,0.0
BANK_032,SCN_0132,Healthy,Healthy,1.0,0.0,0.0
BANK_033,SCN_0132,Stressed,Stressed,0.0,1.0,0.0
BANK_034,SCN_0132,Healthy,Healthy,1.0,0.0,0.0
BANK_035,SCN_0132,Healthy,Healthy,1.0,0.0,0.0
BANK_036,SCN_0132,Healthy,Healthy,1.0,0.0,0.0
BANK_037,SCN_0132,Healthy,Healthy,1.0,0.0,0.0
BANK_038,SCN_0132,Healthy,Healthy,1.0,0.0,0.0
BANK_039,SCN_0132,Healthy,Healthy,1.0,0.0,0.0
BANK_040,SCN_0132,Healthy,Healthy,1.0,0.0,0.0
BANK_001,SCN_0149,Healthy,Healthy,1.0,0.0,0.0
BANK_002,SCN_0149,Healthy,Healthy,0.772,0.228,0.0
BANK_003,SCN_0149,Healthy,Stressed,0.108,0.892,0.0
BANK_004,SCN_0149,Healthy,Healthy,0.752,0.248,0.0
BANK_005,SCN_0149,Healthy,Healthy,1.0,0.0,0.0
BANK_006,SCN_0149,Stressed,Stressed,0.0,1.0,0.0
BANK_007,SCN_0149,Healthy,Healthy,1.0,0.0,0.0
BANK_008,SCN_0149,Stressed,Stressed,0.0,1.0,0.0
BANK_009,SCN_0149,Healthy,Healthy,1.0,0.0,0.0
BANK_010,SCN_0149,Stressed,Stressed,0.0,1.0,0.0
BANK_011,SCN_0149,Healthy,Healthy,1.0,0.0,0.0
BANK_012,SCN_0149,Healthy,Healthy,1.0,0.0,0.0
BANK_013,SCN_0149,Critical,Critical,0.0,0.0,1.0
BANK_014,SCN_0149,Healthy,Healthy,0.716,0.284,0.0
BANK_015,SCN_0149,Stressed,Critical,0.0,0.336,0.664
BANK_016,SCN_0149,Healthy,Healthy,1.0,0.0,0.0
BANK_017,SCN_0149,Stressed,Stressed,0.0,1.0,0.0
BANK_018,SCN_0149,Healthy,Stressed,0.142,0.858,0.0
BANK_019,SCN_0149,Critical,Critical,0.0,0.0,1.0
BANK_020,SCN_0149,Critical,Critical,0.0,0.11,0.89
BANK_021,SCN_0149,Critical,Stressed,0.0,1.0,0.0
BANK_022,SCN_0149,Critical,Critical,0.0,0.0,1.0
BANK_023,SCN_0149,Healthy,Healthy,1.0,0.0,0.0
BANK_024,SCN_0149,Healthy,Stressed,0.0,1.0,0.0
BANK_025,SCN_0149,Stressed,Stressed,0.302,0.698,0.0
BANK_026,SCN_0149,Healthy,Healthy,0.998,0.002,0.0
BANK_027,SCN_0149,Healthy,Stressed,0.124,0.876,0.0
BANK_028,SCN_0149,Stressed,Stressed,0.0,0.962,0.038
BANK_029,SCN_0149,Stressed,Stressed,0.0,0.988,0.012
BANK_030,SCN_0149,Critical,Critical,0.0,0.0,1.0
BANK_031,SCN_0149,Healthy,Healthy,1.0,0.0,0.0
BANK_032,SCN_0149,Healthy,Healthy,1.0,0.0,0.0
BANK_033,SCN_0149,Stressed,Stressed,0.0,1.0,0.0
BANK_034,SCN_0149,Healthy,Healthy,0.822,0.176,0.002
BANK_035,SCN_0149,Healthy,Healthy,1.0,0.0,0.0
BANK_036,SCN_0149,Healthy,Healthy,0.998,0.002,0.0
BANK_037,SCN_0149,Stressed,Stressed,0.02,0.98,0.0
BANK_038,SCN_0149,Healthy,Healthy,0.738,0.262,0.0
BANK_039,SCN_0149,Healthy,Healthy,1.0,0.0,0.0
BANK_040,SCN_0149,Healthy,Healthy,1.0,0.0,0.0
BANK_001,SCN_0155,Healthy,Healthy,0.966,0.034,0.0
BANK_002,SCN_0155,Healthy,Stressed,0.344,0.644,0.012
BANK_003,SCN_0155,Healthy,Stressed,0.138,0.862,0.0
BANK_004,SCN_0155,Healthy,Stressed,0.372,0.628,0.0
BANK_005,SCN_0155,Healthy,Healthy,1.0,0.0,0.0
BANK_006,SCN_0155,Stressed,Stressed,0.0,1.0,0.0
BANK_007,SCN_0155,Healthy,Healthy,1.0,0.0,0.0
BANK_008,SCN_0155,Stressed,Stressed,0.0,1.0,0.0
BANK_009,SCN_0155,Healthy,Healthy,0.684,0.316,0.0
BANK_010,SCN_0155,Stressed,Stressed,0.0,0.958,0.042
BANK_011,SCN_0155,Healthy,Healthy,0.966,0.034,0.0
BANK_012,SCN_0155,Healthy,Healthy,1.0,0.0,0.0
BANK_013,SCN_0155,Critical,Critical,0.0,0.0,1.0
BANK_014,SCN_0155,Stressed,Stressed,0.0,0.954,0.046
BANK_015,SCN_0155,Critical,Critical,0.0,0.0,1.0
BANK_016,SCN_0155,Healthy,Healthy,1.0,0.0,0.0
BANK_017,SCN_0155,Stressed,Critical,0.0,0.344,0.656
BANK_018,SCN_0155,Stressed,Stressed,0.0,1.0,0.0
BANK_019,SCN_0155,Critical,Critical,0.0,0.0,1.0
BANK_020,SCN_0155,Critical,Critical,0.0,0.0,1.0
BANK_021,SCN_0155,Critical,Critical,0.0,0.214,0.786
BANK_022,SCN_0155,Critical,Critical,0.0,0.0,1.0
BANK_023,SCN_0155,Stressed,Stressed,0.0,1.0,0.0
BANK_024,SCN_0155,Stressed,Stressed,0.0,1.0,0.0
BANK_025,SCN_0155,Stressed,Stressed,0.228,0.772,0.0
BANK_026,SCN_0155,Stressed,Stressed,0.244,0.756,0.0
BANK_027,SCN_0155,Stressed,Stressed,0.03,0.97,0.0
BANK_028,SCN_0155,Critical,Critical,0.0,0.136,0.864
BANK_029,SCN_0155,Critical,Stressed,0.0,0.88,0.12
BANK_030,SCN_0155,Critical,Critical,0.0,0.0,1.0
BANK_031,SCN_0155,Healthy,Healthy,1.0,0.0,0.0
BANK_032,SCN_0155,Stressed,Stressed,0.0,1.0,0.0
BANK_033,SCN_0155,Critical,Stressed,0.0,0.978,0.022
BANK_034,SCN_0155,Stressed,Stressed,0.0,1.0,0.0
BANK_035,SCN_0155,Healthy,Healthy,1.0,0.0,0.0
BANK_036,SCN_0155,Stressed,Healthy,0.736,0.264,0.0
BANK_037,SCN_0155,Stressed,Critical,0.026,0.344,0.63
BANK_038,SCN_0155,Stressed,Stressed,0.0,1.0,0.0
BANK_039,SCN_0155,Healthy,Healthy,1.0,0.0,0.0
BANK_040,SCN_0155,Healthy,Stressed,0.326,0.674,0.0
BANK_001,SCN_0156,Healthy,Healthy,1.0,0.0,0.0
BANK_002,SCN_0156,Healthy,Healthy,1.0,0.0,0.0
BANK_003,SCN_0156,Healthy,Healthy,1.0,0.0,0.0
BANK_004,SCN_0156,Healthy,Healthy,1.0,0.0,0.0
BANK_005,SCN_0156,Healthy,Healthy,1.0,0.0,0.0
BANK_006,SCN_0156,Stressed,Stressed,0.0,1.0,0.0
BANK_007,SCN_0156,Healthy,Healthy,1.0,0.0,0.0
BANK_008,SCN_0156,Healthy,Stressed,0.106,0.894,0.0
BANK_009,SCN_0156,Healthy,Healthy,1.0,0.0,0.0
BANK_010,SCN_0156,Healthy,Stressed,0.126,0.874,0.0
BANK_011,SCN_0156,Healthy,Healthy,1.0,0.0,0.0
BANK_012,SCN_0156,Healthy,Healthy,1.0,0.0,0.0
BANK_013,SCN_0156,Critical,Critical,0.0,0.0,1.0
BANK_014,SCN_0156,Healthy,Stressed,0.366,0.634,0.0
BANK_015,SCN_0156,Stressed,Stressed,0.0,1.0,0.0
BANK_016,SCN_0156,Healthy,Healthy,1.0,0.0,0.0
BANK_017,SCN_0156,Stressed,Stressed,0.07,0.93,0.0
BANK_018,SCN_0156,Healthy,Healthy,1.0,0.0,0.0
BANK_019,SCN_0156,Critical,Critical,0.0,0.0,1.0
BANK_020,SCN_0156,Stressed,Stressed,0.0,0.998,0.002
BANK_021,SCN_0156,Stressed,Stressed,0.0,1.0,0.0
BANK_022,SCN_0156,Stressed,Stressed,0.0,0.95,0.05
BANK_023,SCN_0156,Healthy,Healthy,1.0,0.0,0.0
BANK_024,SCN_0156,Healthy,Healthy,1.0,0.0,0.0
BANK_025,SCN_0156,Healthy,Healthy,0.992,0.008,0.0
BANK_026,SCN_0156,Healthy,Healthy,1.0,0.0,0.0
BANK_027,SCN_0156,Healthy,Healthy,1.0,0.0,0.0
BANK_028,SCN_0156,Stressed,Stressed,0.008,0.992,0.0
BANK_029,SCN_0156,Stressed,Stressed,0.0,1.0,0.0
BANK_030,SCN_0156,Critical,Critical,0.0,0.0,1.0
BANK_031,SCN_0156,Healthy,Healthy,1.0,0.0,0.0
BANK_032,SCN_0156,Healthy,Healthy,1.0,0.0,0.0
BANK_033,SCN_0156,Stressed,Stressed,0.014,0.986,0.0
BANK_034,SCN_0156,Healthy,Healthy,0.998,0.002,0.0
BANK_035,SCN_0156,Healthy,Healthy,1.0,0.0,0.0
BANK_036,SCN_0156,Healthy,Healthy,1.0,0.0,0.0
BANK_037,SCN_0156,Healthy,Healthy,0.986,0.014,0.0
BANK_038,SCN_0156,Healthy,Healthy,0.988,0.012,0.0
BANK_039,SCN_0156,Healthy,Healthy,1.0,0.0,0.0
BANK_040,SCN_0156,Healthy,Healthy,1.0,0.0,0.0
BANK_001,SCN_0173,Healthy,Stressed,0.318,0.682,0.0
BANK_002,SCN_0173,Stressed,Stressed,0.0,1.0,0.0
BANK_003,SCN_0173,Stressed,Stressed,0.102,0.898,0.0
BANK_004,SCN_0173,Healthy,Stressed,0.276,0.724,0.0
BANK_005,SCN_0173,Healthy,Healthy,1.0,0.0,0.0
BANK_006,SCN_0173,Stressed,Stressed,0.0,1.0,0.0
BANK_007,SCN_0173,Healthy,Healthy,1.0,0.0,0.0
BANK_008,SCN_0173,Stressed,Stressed,0.0,1.0,0.0
BANK_009,SCN_0173,Stressed,Stressed,0.0,1.0,0.0
BANK_010,SCN_0173,Stressed,Stressed,0.0,0.948,0.052
BANK_011,SCN_0173,Stressed,Stressed,0.246,0.754,0.0
BANK_012,SCN_0173,Healthy,Healthy,1.0,0.0,0.0
BANK_013,SCN_0173,Critical,Critical,0.0,0.0,1.0
BANK_014,SCN_0173,Critical,Stressed,0.0,0.906,0.094
BANK_015,SCN_0173,Critical,Critical,0.0,0.0,1.0
BANK_016,SCN_0173,Healthy,Healthy,1.0,0.0,0.0
BANK_017,SCN_0173,Stressed,Critical,0.0,0.364,0.636
BANK_018,SCN_0173,Stressed,Stressed,0.0,1.0,0.0
BANK_019,SCN_0173,Critical,Critical,0.0,0.0,1.0
BANK_020,SCN_0173,Critical,Critical,0.0,0.0,1.0
BANK_021,SCN_0173,Critical,Stressed,0.0,0.952,0.048
BANK_022,SCN_0173,Critical,Critical,0.0,0.0,1.0
BANK_023,SCN_0173,Stressed,Stressed,0.0,1.0,0.0
BANK_024,SCN_0173,Stressed,Stressed,0.0,0.998,0.002
BANK_025,SCN_0173,Stressed,Stressed,0.012,0.912,0.076
BANK_026,SCN_0173,Stressed,Healthy,0.646,0.354,0.0
BANK_027,SCN_0173,Healthy,Healthy,0.67,0.33,0.0
BANK_028,SCN_0173,Critical,Critical,0.0,0.034,0.966
BANK_029,SCN_0173,Critical,Critical,0.0,0.032,0.968
BANK_030,SCN_0173,Critical,Critical,0.0,0.0,1.0
BANK_031,SCN_0173,Healthy,Healthy,1.0,0.0,0.0
BANK_032,SCN_0173,Stressed,Stressed,0.0,1.0,0.0
BANK_033,SCN_0173,Critical,Critical,0.0,0.006,0.994
BANK_034,SCN_0173,Stressed,Stressed,0.0,0.974,0.026
BANK_035,SCN_0173,Healthy,Healthy,1.0,0.0,0.0
BANK_036,SCN_0173,Stressed,Stressed,0.006,0.994,0.0
BANK_037,SCN_0173,Critical,Critical,0.0,0.062,0.938
BANK_038,SCN_0173,Stressed,Stressed,0.0,1.0,0.0
BANK_039,SCN_0173,Healthy,Healthy,1.0,0.0,0.0
BANK_040,SCN_0173,Stressed,Healthy,0.666,0.334,0.0
BANK_001,SCN_0174,Healthy,Healthy,1.0,0.0,0.0
BANK_002,SCN_0174,Healthy,Healthy,1.0,0.0,0.0
BANK_003,SCN_0174,Healthy,Healthy,1.0,0.0,0.0
BANK_004,SCN_0174,Healthy,Healthy,1.0,0.0,0.0
BANK_005,SCN_0174,Healthy,Healthy,1.0,0.0,0.0
BANK_006,SCN_0174,Stressed,Stressed,0.0,1.0,0.0
BANK_007,SCN_0174,Healthy,Healthy,1.0,0.0,0.0
BANK_008,SCN_0174,Healthy,Stressed,0.14,0.86,0.0
BANK_009,SCN_0174,Healthy,Healthy,1.0,0.0,0.0
BANK_010,SCN_0174,Healthy,Healthy,0.756,0.244,0.0
BANK_011,SCN_0174,Healthy,Healthy,1.0,0.0,0.0
BANK_012,SCN_0174,Healthy,Healthy,1.0,0.0,0.0
BANK_013,SCN_0174,Critical,Critical,0.0,0.0,1.0
BANK_014,SCN_0174,Healthy,Healthy,1.0,0.0,0.0
BANK_015,SCN_0174,Stressed,Stressed,0.0,1.0,0.0
BANK_016,SCN_0174,Healthy,Healthy,1.0,0.0,0.0
BANK_017,SCN_0174,Stressed,Healthy,0.862,0.138,0.0
BANK_018,SCN_0174,Healthy,Healthy,1.0,0.0,0.0
BANK_019,SCN_0174,Critical,Critical,0.0,0.0,1.0
BANK_020,SCN_0174,Critical,Critical,0.0,0.142,0.858
BANK_021,SCN_0174,Stressed,Stressed,0.0,1.0,0.0
BANK_022,SCN_0174,Stressed,Stressed,0.0,0.894,0.106
BANK_023,SCN_0174,Healthy,Healthy,1.0,0.0,0.0
BANK_024,SCN_0174,Healthy,Healthy,1.0,0.0,0.0
BANK_025,SCN_0174,Healthy,Healthy,1.0,0.0,0.0
BANK_026,SCN_0174,Healthy,Healthy,1.0,0.0,0.0
BANK_027,SCN_0174,Healthy,Healthy,1.0,0.0,0.0
BANK_028,SCN_0174,Stressed,Stressed,0.0,1.0,0.0
BANK_029,SCN_0174,Stressed,Stressed,0.0,1.0,0.0
BANK_030,SCN_0174,Critical,Critical,0.0,0.0,1.0
BANK_031,SCN_0174,Healthy,Healthy,1.0,0.0,0.0
BANK_032,SCN_0174,Healthy,Healthy,1.0,0.0,0.0
BANK_033,SCN_0174,Stressed,Stressed,0.03,0.97,0.0
BANK_034,SCN_0174,Healthy,Healthy,1.0,0.0,0.0
BANK_035,SCN_0174,Healthy,Healthy,1.0,0.0,0.0
BANK_036,SCN_0174,Healthy,Healthy,1.0,0.0,0.0
BANK_037,SCN_0174,Healthy,Healthy,0.974,0.026,0.0
BANK_038,SCN_0174,Healthy,Healthy,1.0,0.0,0.0
BANK_039,SCN_0174,Healthy,Healthy,1.0,0.0,0.0
BANK_040,SCN_0174,Healthy,Healthy,1.0,0.0,0.0
BANK_001,SCN_0181,Healthy,Healthy,1.0,0.0,0.0
BANK_002,SCN_0181,Healthy,Healthy,0.994,0.006,0.0
BANK_003,SCN_0181,Healthy,Healthy,0.626,0.374,0.0
BANK_004,SCN_0181,Healthy,Stressed,0.112,0.888,0.0
BANK_005,SCN_0181,Healthy,Healthy,1.0,0.0,0.0
BANK_006,SCN_0181,Stressed,Stressed,0.0,1.0,0.0
BANK_007,SCN_0181,Healthy,Healthy,1.0,0.0,0.0
BANK_008,SCN_0181,Stressed,Stressed,0.0,1.0,0.0
BANK_009,SCN_0181,Healthy,Healthy,0.916,0.084,0.0
BANK_010,SCN_0181,Stressed,Stressed,0.006,0.99,0.004
BANK_011,SCN_0181,Healthy,Healthy,1.0,0.0,0.0
BANK_012,SCN_0181,Healthy,Healthy,1.0,0.0,0.0
BANK_013,SCN_0181,Critical,Critical,0.0,0.0,1.0
BANK_014,SCN_0181,Healthy,Stressed,0.236,0.764,0.0
BANK_015,SCN_0181,Stressed,Stressed,0.0,0.884,0.116
BANK_016,SCN_0181,Healthy,Healthy,1.0,0.0,0.0
BANK_017,SCN_0181,Healthy,Stressed,0.01,0.856,0.134
BANK_018,SCN_0181,Stressed,Stressed,0.01,0.99,0.0
BANK_019,SCN_0181,Critical,Critical,0.0,0.0,1.0
BANK_020,SCN_0181,Critical,Critical,0.0,0.008,0.992
BANK_021,SCN_0181,Stressed,Stressed,0.0,0.984,0.016
BANK_022,SCN_0181,Critical,Critical,0.0,0.0,1.0
BANK_023,SCN_0181,Healthy,Healthy,1.0,0.0,0.0
BANK_024,SCN_0181,Stressed,Stressed,0.0,1.0,0.0
BANK_025,SCN_0181,Stressed,Stressed,0.092,0.908,0.0
BANK_026,SCN_0181,Healthy,Healthy,0.89,0.11,0.0
BANK_027,SCN_0181,Healthy,Healthy,0.998,0.002,0.0
BANK_028,SCN_0181,Stressed,Critical,0.0,0.292,0.708
BANK_029,SCN_0181,Stressed,Stressed,0.0,0.902,0.098
BANK_030,SCN_0181,Critical,Critical,0.0,0.0,1.0
BANK_031,SCN_0181,Healthy,Healthy,1.0,0.0,0.0
BANK_032,SCN_0181,Healthy,Healthy,1.0,0.0,0.0
BANK_033,SCN_0181,Stressed,Stressed,0.0,0.992,0.008
BANK_034,SCN_0181,Healthy,Healthy,0.944,0.056,0.0
BANK_035,SCN_0181,Healthy,Healthy,1.0,0.0,0.0
BANK_036,SCN_0181,Healthy,Healthy,0.966,0.034,0.0
BANK_037,SCN_0181,Healthy,Stressed,0.002,0.998,0.0
BANK_038,SCN_0181,Healthy,Healthy,0.89,0.11,0.0
BANK_039,SCN_0181,Healthy,Healthy,1.0,0.0,0.0
BANK_040,SCN_0181,Healthy,Healthy,1.0,0.0,0.0
BANK_001,SCN_0183,Healthy,Healthy,1.0,0.0,0.0
BANK_002,SCN_0183,Healthy,Healthy,0.71,0.29,0.0
BANK_003,SCN_0183,Stressed,Healthy,0.722,0.278,0.0
BANK_004,SCN_0183,Healthy,Stressed,0.312,0.688,0.0
BANK_005,SCN_0183,Healthy,Healthy,1.0,0.0,0.0
BANK_006,SCN_0183,Stressed,Stressed,0.0,1.0,0.0
BANK_007,SCN_0183,Healthy,Healthy,1.0,0.0,0.0
BANK_008,SCN_0183,Stressed,Stressed,0.0,1.0,0.0
BANK_009,SCN_0183,Healthy,Healthy,1.0,0.0,0.0
BANK_010,SCN_0183,Stressed,Stressed,0.228,0.772,0.0
BANK_011,SCN_0183,Healthy,Healthy,1.0,0.0,0.0
BANK_012,SCN_0183,Healthy,Healthy,1.0,0.0,0.0
BANK_013,SCN_0183,Critical,Critical,0.0,0.0,1.0
BANK_014,SCN_0183,Stressed,Stressed,0.36,0.64,0.0
BANK_015,SCN_0183,Stressed,Stressed,0.0,0.978,0.022
BANK_016,SCN_0183,Healthy,Healthy,1.0,0.0,0.0
BANK_017,SCN_0183,Stressed,Stressed,0.0,1.0,0.0
BANK_018,SCN_0183,Stressed,Stressed,0.084,0.916,0.0
BANK_019,SCN_0183,Critical,Critical,0.0,0.0,1.0
BANK_020,SCN_0183,Stressed,Critical,0.0,0.098,0.902
BANK_021,SCN_0183,Critical,Stressed,0.0,0.998,0.002
BANK_022,SCN_0183,Critical,Critical,0.0,0.0,1.0
BANK_023,SCN_0183,Healthy,Healthy,1.0,0.0,0.0
BANK_024,SCN_0183,Stressed,Stressed,0.0,1.0,0.0
BANK_025,SCN_0183,Stressed,Stressed,0.272,0.728,0.0
BANK_026,SCN_0183,Healthy,Healthy,1.0,0.0,0.0
BANK_027,SCN_0183,Healthy,Healthy,0.948,0.052,0.0
BANK_028,SCN_0183,Critical,Stressed,0.0,0.766,0.234
BANK_029,SCN_0183,Stressed,Stressed,0.0,1.0,0.0
BANK_030,SCN_0183,Critical,Critical,0.0,0.0,1.0
BANK_031,SCN_0183,Healthy,Healthy,1.0,0.0,0.0
BANK_032,SCN_0183,Healthy,Healthy,1.0,0.0,0.0
BANK_033,SCN_0183,Critical,Stressed,0.0,0.998,0.002
BANK_034,SCN_0183,Stressed,Healthy,0.66,0.34,0.0
BANK_035,SCN_0183,Healthy,Healthy,1.0,0.0,0.0
BANK_036,SCN_0183,Healthy,Healthy,1.0,0.0,0.0
BANK_037,SCN_0183,Healthy,Stressed,0.252,0.748,0.0
BANK_038,SCN_0183,Stressed,Stressed,0.29,0.71,0.0
BANK_039,SCN_0183,Healthy,Healthy,1.0,0.0,0.0
BANK_040,SCN_0183,Healthy,Healthy,1.0,0.0,0.0
BANK_001,SCN_0186,Healthy,Healthy,1.0,0.0,0.0
BANK_002,SCN_0186,Stressed,Stressed,0.026,0.974,0.0
BANK_003,SCN_0186,Stressed,Stressed,0.238,0.762,0.0
BANK_004,SCN_0186,Healthy,Healthy,0.986,0.014,0.0
BANK_005,SCN_0186,Healthy,Healthy,1.0,0.0,0.0
BANK_006,SCN_0186,Stressed,Stressed,0.0,1.0,0.0
BANK_007,SCN_0186,Healthy,Healthy,1.0,0.0,0.0
BANK_008,SCN_0186,Stressed,Stressed,0.0,1.0,0.0
BANK_009,SCN_0186,Healthy,Stressed,0.378,0.622,0.0
BANK_010,SCN_0186,Stressed,Stressed,0.0,0.774,0.226
BANK_011,SCN_0186,Healthy,Healthy,0.742,0.258,0.0
BANK_012,SCN_0186,Healthy,Healthy,1.0,0.0,0.0
BANK_013,SCN_0186,Critical,Critical,0.0,0.0,1.0
BANK_014,SCN_0186,Stressed,Stressed,0.0,1.0,0.0
BANK_015,SCN_0186,Critical,Stressed,0.0,0.638,0.362
BANK_016,SCN_0186,Healthy,Healthy,1.0,0.0,0.0
BANK_017,SCN_0186,Stressed,Critical,0.0,0.106,0.894
BANK_018,SCN_0186,Stressed,Stressed,0.0,1.0,0.0
BANK_019,SCN_0186,Critical,Critical,0.0,0.0,1.0
BANK_020,SCN_0186,Critical,Critical,0.0,0.028,0.972
BANK_021,SCN_0186,Stressed,Stressed,0.0,0.714,0.286
BANK_022,SCN_0186,Critical,Critical,0.0,0.0,1.0
BANK_023,SCN_0186,Healthy,Healthy,1.0,0.0,0.0
BANK_024,SCN_0186,Stressed,Stressed,0.0,1.0,0.0
BANK_025,SCN_0186,Stressed,Stressed,0.272,0.728,0.0
BANK_026,SCN_0186,Healthy,Healthy,0.746,0.254,0.0
BANK_027,SCN_0186,Stressed,Stressed,0.374,0.626,0.0
BANK_028,SCN_0186,Stressed,Stressed,0.0,0.956,0.044
BANK_029,SCN_0186,Critical,Stressed,0.0,0.966,0.034
BANK_030,SCN_0186,Critical,Critical,0.0,0.0,1.0
BANK_031,SCN_0186,Healthy,Healthy,1.0,0.0,0.0
BANK_032,SCN_0186,Healthy,Healthy,1.0,0.0,0.0
BANK_033,SCN_0186,Stressed,Stressed,0.0,1.0,0.0
BANK_034,SCN_0186,Healthy,Stressed,0.004,0.996,0.0
BANK_035,SCN_0186,Healthy,Healthy,1.0,0.0,0.0
BANK_036,SCN_0186,Healthy,Healthy,0.994,0.006,0.0
BANK_037,SCN_0186,Stressed,Stressed,0.0,1.0,0.0
BANK_038,SCN_0186,Stressed,Stressed,0.084,0.916,0.0
BANK_039,SCN_0186,Healthy,Healthy,1.0,0.0,0.0
BANK_040,SCN_0186,Healthy,Healthy,1.0,0.0,0.0
BANK_001,SCN_0194,Healthy,Healthy,1.0,0.0,0.0
BANK_002,SCN_0194,Stressed,Stressed,0.146,0.854,0.0
BANK_003,SCN_0194,Healthy,Stressed,0.032,0.968,0.0
BANK_004,SCN_0194,Healthy,Healthy,0.952,0.048,0.0
BANK_005,SCN_0194,Healthy,Healthy,1.0,0.0,0.0
BANK_006,SCN_0194,Stressed,Stressed,0.0,1.0,0.0
BANK_007,SCN_0194,Healthy,Healthy,1.0,0.0,0.0
BANK_008,SCN_0194,Stressed,Stressed,0.0,1.0,0.0
BANK_009,SCN_0194,Healthy,Healthy,0.744,0.256,0.0
BANK_010,SCN_0194,Stressed,Stressed,0.002,0.848,0.15
BANK_011,SCN_0194,Healthy,Healthy,0.97,0.03,0.0
BANK_012,SCN_0194,Healthy,Healthy,1.0,0.0,0.0
BANK_013,SCN_0194,Critical,Critical,0.0,0.0,1.0
BANK_014,SCN_0194,Critical,Stressed,0.0,0.986,0.014
BANK_015,SCN_0194,Critical,Stressed,0.0,0.606,0.394
BANK_016,SCN_0194,Healthy,Healthy,1.0,0.0,0.0
BANK_017,SCN_0194,Stressed,Stressed,0.0,0.66,0.34
BANK_018,SCN_0194,Stressed,Stressed,0.002,0.998,0.0
BANK_019,SCN_0194,Critical,Critical,0.0,0.0,1.0
BANK_020,SCN_0194,Critical,Critical,0.0,0.0,1.0
BANK_021,SCN_0194,Stressed,Critical,0.0,0.092,0.908
BANK_022,SCN_0194,Critical,Critical,0.0,0.004,0.996
BANK_023,SCN_0194,Healthy,Stressed,0.178,0.822,0.0
BANK_024,SCN_0194,Stressed,Stressed,0.0,1.0,0.0
BANK_025,SCN_0194,Healthy,Stressed,0.062,0.938,0.0
BANK_026,SCN_0194,Stressed,Healthy,0.978,0.022,0.0
BANK_027,SCN_0194,Stressed,Stressed,0.092,0.908,0.0
BANK_028,SCN_0194,Stressed,Critical,0.0,0.034,0.966
BANK_029,SCN_0194,Stressed,Critical,0.0,0.132,0.868
BANK_030,SCN_0194,Critical,Critical,0.0,0.0,1.0
BANK_031,SCN_0194,Healthy,Healthy,1.0,0.0,0.0
BANK_032,SCN_0194,Stressed,Stressed,0.194,0.806,0.0
BANK_033,SCN_0194,Critical,Critical,0.002,0.236,0.762
BANK_034,SCN_0194,Stressed,Stressed,0.006,0.986,0.008
BANK_035,SCN_0194,Healthy,Healthy,1.0,0.0,0.0
BANK_036,SCN_0194,Stressed,Stressed,0.426,0.574,0.0
BANK_037,SCN_0194,Stressed,Stressed,0.002,0.966,0.032
BANK_038,SCN_0194,Stressed,Stressed,0.0,1.0,0.0
BANK_039,SCN_0194,Healthy,Healthy,0.998,0.002,0.0
BANK_040,SCN_0194,Healthy,Healthy,0.968,0.032,0.0
BANK_001,SCN_0195,Healthy,Healthy,1.0,0.0,0.0
BANK_002,SCN_0195,Healthy,Healthy,1.0,0.0,0.0
BANK_003,SCN_0195,Healthy,Healthy,0.988,0.012,0.0
BANK_004,SCN_0195,Healthy,Healthy,1.0,0.0,0.0
BANK_005,SCN_0195,Healthy,Healthy,1.0,0.0,0.0
BANK_006,SCN_0195,Stressed,Stressed,0.0,1.0,0.0
BANK_007,SCN_0195,Healthy,Healthy,1.0,0.0,0.0
BANK_008,SCN_0195,Stressed,Stressed,0.0,1.0,0.0
BANK_009,SCN_0195,Healthy,Healthy,1.0,0.0,0.0
BANK_010,SCN_0195,Stressed,Healthy,0.634,0.366,0.0
BANK_011,SCN_0195,Healthy,Healthy,1.0,0.0,0.0
BANK_012,SCN_0195,Healthy,Healthy,1.0,0.0,0.0
BANK_013,SCN_0195,Critical,Critical,0.0,0.0,1.0
BANK_014,SCN_0195,Stressed,Healthy,0.644,0.356,0.0
BANK_015,SCN_0195,Stressed,Stressed,0.0,1.0,0.0
BANK_016,SCN_0195,Healthy,Healthy,1.0,0.0,0.0
BANK_017,SCN_0195,Stressed,Stressed,0.0,1.0,0.0
BANK_018,SCN_0195,Healthy,Healthy,1.0,0.0,0.0
BANK_019,SCN_0195,Critical,Critical,0.0,0.0,1.0
BANK_020,SCN_0195,Critical,Stressed,0.0,0.886,0.114
BANK_021,SCN_0195,Stressed,Stressed,0.0,1.0,0.0
BANK_022,SCN_0195,Stressed,Stressed,0.0,0.764,0.236
BANK_023,SCN_0195,Healthy,Healthy,1.0,0.0,0.0
BANK_024,SCN_0195,Healthy,Healthy,1.0,0.0,0.0
BANK_025,SCN_0195,Stressed,Healthy,0.652,0.348,0.0
BANK_026,SCN_0195,Healthy,Healthy,1.0,0.0,0.0
BANK_027,SCN_0195,Stressed,Healthy,1.0,0.0,0.0
BANK_028,SCN_0195,Stressed,Stressed,0.0,1.0,0.0
BANK_029,SCN_0195,Stressed,Stressed,0.0,1.0,0.0
BANK_030,SCN_0195,Critical,Critical,0.0,0.0,1.0
BANK_031,SCN_0195,Healthy,Healthy,1.0,0.0,0.0
BANK_032,SCN_0195,Healthy,Healthy,1.0,0.0,0.0
BANK_033,SCN_0195,Stressed,Stressed,0.076,0.916,0.008
BANK_034,SCN_0195,Healthy,Healthy,0.728,0.272,0.0
BANK_035,SCN_0195,Healthy,Healthy,1.0,0.0,0.0
BANK_036,SCN_0195,Healthy,Healthy,1.0,0.0,0.0
BANK_037,SCN_0195,Stressed,Healthy,0.644,0.356,0.0
BANK_038,SCN_0195,Healthy,Healthy,0.99,0.01,0.0
BANK_039,SCN_0195,Healthy,Healthy,1.0,0.0,0.0
BANK_040,SCN_0195,Healthy,Healthy,1.0,0.0,0.0
BANK_001,SCN_0205,Healthy,Healthy,1.0,0.0,0.0
BANK_002,SCN_0205,Healthy,Healthy,1.0,0.0,0.0
BANK_003,SCN_0205,Healthy,Healthy,1.0,0.0,0.0
BANK_004,SCN_0205,Healthy,Healthy,1.0,0.0,0.0
BANK_005,SCN_0205,Healthy,Healthy,1.0,0.0,0.0
BANK_006,SCN_0205,Stressed,Stressed,0.0,1.0,0.0
BANK_007,SCN_0205,Healthy,Healthy,1.0,0.0,0.0
BANK_008,SCN_0205,Healthy,Healthy,1.0,0.0,0.0
BANK_009,SCN_0205,Healthy,Healthy,1.0,0.0,0.0
BANK_010,SCN_0205,Healthy,Healthy,0.998,0.002,0.0
BANK_011,SCN_0205,Healthy,Healthy,1.0,0.0,0.0
BANK_012,SCN_0205,Healthy,Healthy,1.0,0.0,0.0
BANK_013,SCN_0205,Critical,Critical,0.0,0.0,1.0
BANK_014,SCN_0205,Healthy,Healthy,1.0,0.0,0.0
BANK_015,SCN_0205,Stressed,Stressed,0.0,1.0,0.0
BANK_016,SCN_0205,Healthy,Healthy,1.0,0.0,0.0
BANK_017,SCN_0205,Healthy,Healthy,0.614,0.386,0.0
BANK_018,SCN_0205,Healthy,Healthy,1.0,0.0,0.0
BANK_019,SCN_0205,Critical,Critical,0.0,0.0,1.0
BANK_020,SCN_0205,Stressed,Stressed,0.0,0.962,0.038
BANK_021,SCN_0205,Stressed,Stressed,0.014,0.986,0.0
BANK_022,SCN_0205,Stressed,Stressed,0.0,1.0,0.0
BANK_023,SCN_0205,Healthy,Healthy,1.0,0.0,0.0
BANK_024,SCN_0205,Healthy,Healthy,1.0,0.0,0.0
BANK_025,SCN_0205,Healthy,Healthy,1.0,0.0,0.0
BANK_026,SCN_0205,Healthy,Healthy,1.0,0.0,0.0
BANK_027,SCN_0205,Healthy,Healthy,1.0,0.0,0.0
BANK_028,SCN_0205,Stressed,Stressed,0.002,0.998,0.0
BANK_029,SCN_0205,Stressed,Stressed,0.022,0.978,0.0
BANK_030,SCN_0205,Critical,Critical,0.0,0.0,1.0
BANK_031,SCN_0205,Healthy,Healthy,1.0,0.0,0.0
BANK_032,SCN_0205,Healthy,Healthy,1.0,0.0,0.0
BANK_033,SCN_0205,Stressed,Healthy,0.578,0.422,0.0
BANK_034,SCN_0205,Healthy,Healthy,1.0,0.0,0.0
BANK_035,SCN_0205,Healthy,Healthy,1.0,0.0,0.0
BANK_036,SCN_0205,Healthy,Healthy,1.0,0.0,0.0
BANK_037,SCN_0205,Healthy,Healthy,1.0,0.0,0.0
BANK_038,SCN_0205,Healthy,Healthy,1.0,0.0,0.0
BANK_039,SCN_0205,Healthy,Healthy,1.0,0.0,0.0
BANK_040,SCN_0205,Healthy,Healthy,1.0,0.0,0.0
BANK_001,SCN_0210,Healthy,Healthy,1.0,0.0,0.0
BANK_002,SCN_0210,Healthy,Healthy,0.998,0.002,0.0
BANK_003,SCN_0210,Healthy,Healthy,0.882,0.118,0.0
BANK_004,SCN_0210,Stressed,Healthy,0.988,0.012,0.0
BANK_005,SCN_0210,Healthy,Healthy,1.0,0.0,0.0
BANK_006,SCN_0210,Stressed,Stressed,0.0,1.0,0.0
BANK_007,SCN_0210,Healthy,Healthy,1.0,0.0,0.0
BANK_008,SCN_0210,Stressed,Stressed,0.0,1.0,0.0
BANK_009,SCN_0210,Healthy,Stressed,0.354,0.646,0.0
BANK_010,SCN_0210,Stressed,Stressed,0.34,0.66,0.0
BANK_011,SCN_0210,Healthy,Healthy,1.0,0.0,0.0
BANK_012,SCN_0210,Healthy,Healthy,1.0,0.0,0.0
BANK_013,SCN_0210,Critical,Critical,0.0,0.0,1.0
BANK_014,SCN_0210,Healthy,Stressed,0.0,1.0,0.0
BANK_015,SCN_0210,Critical,Stressed,0.0,1.0,0.0
BANK_016,SCN_0210,Healthy,Healthy,1.0,0.0,0.0
BANK_017,SCN_0210,Stressed,Critical,0.0,0.368,0.632
BANK_018,SCN_0210,Stressed,Stressed,0.0,1.0,0.0
BANK_019,SCN_0210,Critical,Critical,0.0,0.0,1.0
BANK_020,SCN_0210,Critical,Critical,0.0,0.012,0.988
BANK_021,SCN_0210,Critical,Stressed,0.0,0.964,0.036
BANK_022,SCN_0210,Critical,Critical,0.0,0.0,1.0
BANK_023,SCN_0210,Healthy,Stressed,0.392,0.608,0.0
BANK_024,SCN_0210,Stressed,Stressed,0.0,1.0,0.0
BANK_025,SCN_0210,Stressed,Stressed,0.0,1.0,0.0
BANK_026,SCN_0210,Healthy,Healthy,0.958,0.042,0.0
BANK_027,SCN_0210,Stressed,Healthy,0.982,0.018,0.0
BANK_028,SCN_0210,Critical,Critical,0.0,0.33,0.67
BANK_029,SCN_0210,Critical,Stressed,0.0,0.758,0.242
BANK_030,SCN_0210,Critical,Critical,0.0,0.0,1.0
BANK_031,SCN_0210,Healthy,Healthy,1.0,0.0,0.0
BANK_032,SCN_0210,Healthy,Stressed,0.382,0.618,0.0
BANK_033,SCN_0210,Stressed,Stressed,0.0,0.908,0.092
BANK_034,SCN_0210,Healthy,Stressed,0.1,0.9,0.0
BANK_035,SCN_0210,Healthy,Healthy,0.998,0.002,0.0
BANK_036,SCN_0210,Healthy,Healthy,0.97,0.03,0.0
BANK_037,SCN_0210,Stressed,Stressed,0.366,0.618,0.016
BANK_038,SCN_0210,Stressed,Stressed,0.0,1.0,0.0
BANK_039,SCN_0210,Healthy,Healthy,1.0,0.0,0.0
BANK_040,SCN_0210,Healthy,Healthy,0.998,0.002,0.0
BANK_001,SCN_0212,Healthy,Healthy,1.0,0.0,0.0
BANK_002,SCN_0212,Healthy,Stressed,0.16,0.84,0.0
BANK_003,SCN_0212,Healthy,Healthy,0.974,0.026,0.0
BANK_004,SCN_0212,Healthy,Stressed,0.366,0.634,0.0
BANK_005,SCN_0212,Healthy,Healthy,0.998,0.002,0.0
BANK_006,SCN_0212,Stressed,Stressed,0.0,1.0,0.0
BANK_007,SCN_0212,Healthy,Healthy,1.0,0.0,0.0
BANK_008,SCN_0212,Stressed,Stressed,0.002,0.998,0.0
BANK_009,SCN_0212,Healthy,Healthy,1.0,0.0,0.0
BANK_010,SCN_0212,Stressed,Stressed,0.0,1.0,0.0
BANK_011,SCN_0212,Healthy,Healthy,0.996,0.004,0.0
BANK_012,SCN_0212,Healthy,Healthy,1.0,0.0,0.0
BANK_013,SCN_0212,Critical,Critical,0.0,0.0,1.0
BANK_014,SCN_0212,Stressed,Healthy,0.64,0.36,0.0
BANK_015,SCN_0212,Stressed,Stressed,0.0,0.916,0.084
BANK_016,SCN_0212,Healthy,Healthy,0.998,0.002,0.0
BANK_017,SCN_0212,Critical,Stressed,0.0,0.998,0.002
BANK_018,SCN_0212,Stressed,Healthy,0.978,0.022,0.0
BANK_019,SCN_0212,Critical,Critical,0.0,0.0,1.0
BANK_020,SCN_0212,Critical,Critical,0.0,0.008,0.992
BANK_021,SCN_0212,Critical,Stressed,0.0,1.0,0.0
BANK_022,SCN_0212,Critical,Critical,0.0,0.0,1.0
BANK_023,SCN_0212,Healthy,Healthy,0.998,0.002,0.0
BANK_024,SCN_0212,Stressed,Stressed,0.056,0.944,0.0
BANK_025,SCN_0212,Healthy,Healthy,0.7,0.3,0.0
BANK_026,SCN_0212,Healthy,Healthy,0.998,0.002,0.0
BANK_027,SCN_0212,Healthy,Healthy,0.978,0.022,0.0
BANK_028,SCN_0212,Stressed,Stressed,0.0,0.892,0.108
BANK_029,SCN_0212,Stressed,Stressed,0.0,0.964,0.036
BANK_030,SCN_0212,Critical,Critical,0.0,0.0,1.0
BANK_031,SCN_0212,Healthy,Healthy,1.0,0.0,0.0
BANK_032,SCN_0212,Healthy,Healthy,1.0,0.0,0.0
BANK_033,SCN_0212,Stressed,Critical,0.0,0.368,0.632
BANK_034,SCN_0212,Stressed,Stressed,0.038,0.962,0.0
BANK_035,SCN_0212,Healthy,Healthy,1.0,0.0,0.0
BANK_036,SCN_0212,Healthy,Healthy,0.916,0.084,0.0
BANK_037,SCN_0212,Stressed,Healthy,0.654,0.346,0.0
BANK_038,SCN_0212,Healthy,Healthy,0.942,0.058,0.0
BANK_039,SCN_0212,Healthy,Healthy,1.0,0.0,0.0
BANK_040,SCN_0212,Healthy,Healthy,1.0,0.0,0.0
BANK_001,SCN_0239,Healthy,Healthy,1.0,0.0,0.0
BANK_002,SCN_0239,Healthy,Healthy,1.0,0.0,0.0
BANK_003,SCN_0239,Healthy,Healthy,1.0,0.0,0.0
BANK_004,SCN_0239,Healthy,Healthy,1.0,0.0,0.0
BANK_005,SCN_0239,Healthy,Healthy,1.0,0.0,0.0
BANK_006,SCN_0239,Stressed,Stressed,0.0,1.0,0.0
BANK_007,SCN_0239,Healthy,Healthy,1.0,0.0,0.0
BANK_008,SCN_0239,Stressed,Stressed,0.0,1.0,0.0
BANK_009,SCN_0239,Healthy,Healthy,1.0,0.0,0.0
BANK_010,SCN_0239,Healthy,Healthy,0.912,0.088,0.0
BANK_011,SCN_0239,Healthy,Healthy,1.0,0.0,0.0
BANK_012,SCN_0239,Healthy,Healthy,1.0,0.0,0.0
BANK_013,SCN_0239,Critical,Critical,0.0,0.0,1.0
BANK_014,SCN_0239,Healthy,Healthy,0.768,0.232,0.0
BANK_015,SCN_0239,Stressed,Stressed,0.0,1.0,0.0
BANK_016,SCN_0239,Healthy,Healthy,1.0,0.0,0.0
BANK_017,SCN_0239,Stressed,Stressed,0.0,1.0,0.0
BANK_018,SCN_0239,Healthy,Healthy,1.0,0.0,0.0
BANK_019,SCN_0239,Critical,Critical,0.0,0.0,1.0
BANK_020,SCN_0239,Stressed,Stressed,0.0,0.664,0.336
BANK_021,SCN_0239,Stressed,Stressed,0.008,0.992,0.0
BANK_022,SCN_0239,Stressed,Stressed,0.0,0.99,0.01
BANK_023,SCN_0239,Healthy,Healthy,1.0,0.0,0.0
BANK_024,SCN_0239,Healthy,Healthy,1.0,0.0,0.0
BANK_025,SCN_0239,Healthy,Healthy,1.0,0.0,0.0
BANK_026,SCN_0239,Healthy,Healthy,1.0,0.0,0.0
BANK_027,SCN_0239,Healthy,Healthy,1.0,0.0,0.0
BANK_028,SCN_0239,Stressed,Stressed,0.0,1.0,0.0
BANK_029,SCN_0239,Stressed,Stressed,0.0,1.0,0.0
BANK_030,SCN_0239,Critical,Critical,0.0,0.0,1.0
BANK_031,SCN_0239,Healthy,Healthy,1.0,0.0,0.0
BANK_032,SCN_0239,Healthy,Healthy,1.0,0.0,0.0
BANK_033,SCN_0239,Stressed,Stressed,0.0,1.0,0.0
BANK_034,SCN_0239,Healthy,Healthy,1.0,0.0,0.0
BANK_035,SCN_0239,Healthy,Healthy,1.0,0.0,0.0
BANK_036,SCN_0239,Healthy,Healthy,1.0,0.0,0.0
BANK_037,SCN_0239,Healthy,Healthy,0.922,0.078,0.0
BANK_038,SCN_0239,Healthy,Healthy,1.0,0.0,0.0
BANK_039,SCN_0239,Healthy,Healthy,1.0,0.0,0.0
BANK_040,SCN_0239,Healthy,Healthy,1.0,0.0,0.0
BANK_001,SCN_0263,Healthy,Healthy,1.0,0.0,0.0
BANK_002,SCN_0263,Healthy,Healthy,1.0,0.0,0.0
BANK_003,SCN_0263,Stressed,Healthy,1.0,0.0,0.0
BANK_004,SCN_0263,Healthy,Healthy,1.0,0.0,0.0
BANK_005,SCN_0263,Healthy,Healthy,1.0,0.0,0.0
BANK_006,SCN_0263,Stressed,Stressed,0.0,1.0,0.0
BANK_007,SCN_0263,Healthy,Healthy,1.0,0.0,0.0
BANK_008,SCN_0263,Stressed,Stressed,0.0,1.0,0.0
BANK_009,SCN_0263,Healthy,Healthy,1.0,0.0,0.0
BANK_010,SCN_0263,Healthy,Stressed,0.28,0.72,0.0
BANK_011,SCN_0263,Healthy,Healthy,1.0,0.0,0.0
BANK_012,SCN_0263,Healthy,Healthy,1.0,0.0,0.0
BANK_013,SCN_0263,Critical,Critical,0.0,0.0,1.0
BANK_014,SCN_0263,Healthy,Healthy,0.702,0.298,0.0
BANK_015,SCN_0263,Stressed,Stressed,0.0,1.0,0.0
BANK_016,SCN_0263,Healthy,Healthy,1.0,0.0,0.0
BANK_017,SCN_0263,Stressed,Stressed,0.012,0.988,0.0
BANK_018,SCN_0263,Healthy,Healthy,1.0,0.0,0.0
BANK_019,SCN_0263,Critical,Critical,0.0,0.0,1.0
BANK_020,SCN_0263,Stressed,Critical,0.0,0.01,0.99
BANK_021,SCN_0263,Stressed,Stressed,0.0,1.0,0.0
BANK_022,SCN_0263,Critical,Critical,0.0,0.002,0.998
BANK_023,SCN_0263,Healthy,Healthy,1.0,0.0,0.0
BANK_024,SCN_0263,Healthy,Healthy,0.986,0.014,0.0
BANK_025,SCN_0263,Healthy,Healthy,0.998,0.002,0.0
BANK_026,SCN_0263,Healthy,Healthy,1.0,0.0,0.0
BANK_027,SCN_0263,Healthy,Healthy,1.0,0.0,0.0
BANK_028,SCN_0263,Stressed,Stressed,0.0,1.0,0.0
BANK_029,SCN_0263,Stressed,Stressed,0.0,1.0,0.0
BANK_030,SCN_0263,Critical,Critical,0.0,0.0,1.0
BANK_031,SCN_0263,Healthy,Healthy,1.0,0.0,0.0
BANK_032,SCN_0263,Healthy,Healthy,1.0,0.0,0.0
BANK_033,SCN_0263,Stressed,Stressed,0.0,1.0,0.0
BANK_034,SCN_0263,Stressed,Healthy,0.998,0.002,0.0
BANK_035,SCN_0263,Healthy,Healthy,1.0,0.0,0.0
BANK_036,SCN_0263,Healthy,Healthy,1.0,0.0,0.0
BANK_037,SCN_0263,Stressed,Stressed,0.348,0.652,0.0
BANK_038,SCN_0263,Healthy,Healthy,1.0,0.0,0.0
BANK_039,SCN_0263,Healthy,Healthy,1.0,0.0,0.0
BANK_040,SCN_0263,Healthy,Healthy,1.0,0.0,0.0
BANK_001,SCN_0269,Healthy,Healthy,1.0,0.0,0.0
BANK_002,SCN_0269,Stressed,Healthy,1.0,0.0,0.0
BANK_003,SCN_0269,Stressed,Healthy,0.692,0.308,0.0
BANK_004,SCN_0269,Healthy,Healthy,1.0,0.0,0.0
BANK_005,SCN_0269,Healthy,Healthy,1.0,0.0,0.0
BANK_006,SCN_0269,Stressed,Stressed,0.0,1.0,0.0
BANK_007,SCN_0269,Healthy,Healthy,1.0,0.0,0.0
BANK_008,SCN_0269,Stressed,Stressed,0.002,0.996,0.002
BANK_009,SCN_0269,Healthy,Stressed,0.342,0.658,0.0
BANK_010,SCN_0269,Stressed,Stressed,0.002,0.998,0.0
BANK_011,SCN_0269,Healthy,Healthy,0.998,0.002,0.0
BANK_012,SCN_0269,Healthy,Healthy,1.0,0.0,0.0
BANK_013,SCN_0269,Critical,Critical,0.0,0.0,1.0
BANK_014,SCN_0269,Stressed,Healthy,0.678,0.322,0.0
BANK_015,SCN_0269,Critical,Stressed,0.0,0.994,0.006
BANK_016,SCN_0269,Healthy,Healthy,1.0,0.0,0.0
BANK_017,SCN_0269,Stressed,Stressed,0.0,1.0,0.0
BANK_018,SCN_0269,Healthy,Healthy,0.954,0.046,0.0
BANK_019,SCN_0269,Critical,Critical,0.0,0.0,1.0
BANK_020,SCN_0269,Critical,Critical,0.0,0.0,1.0
BANK_021,SCN_0269,Stressed,Critical,0.0,0.334,0.666
BANK_022,SCN_0269,Critical,Critical,0.0,0.01,0.99
BANK_023,SCN_0269,Healthy,Healthy,1.0,0.0,0.0
BANK_024,SCN_0269,Healthy,Healthy,0.924,0.076,0.0
BANK_025,SCN_0269,Stressed,Healthy,0.72,0.28,0.0
BANK_026,SCN_0269,Healthy,Stressed,0.36,0.64,0.0
BANK_027,SCN_0269,Stressed,Healthy,0.99,0.01,0.0
BANK_028,SCN_0269,Stressed,Stressed,0.0,1.0,0.0
BANK_029,SCN_0269,Stressed,Stressed,0.0,0.998,0.002
BANK_030,SCN_0269,Critical,Critical,0.0,0.0,1.0
BANK_031,SCN_0269,Healthy,Healthy,1.0,0.0,0.0
BANK_032,SCN_0269,Healthy,Healthy,0.994,0.006,0.0
BANK_033,SCN_0269,Stressed,Stressed,0.0,1.0,0.0
BANK_034,SCN_0269,Stressed,Healthy,0.708,0.292,0.0
BANK_035,SCN_0269,Healthy,Healthy,1.0,0.0,0.0
BANK_036,SCN_0269,Healthy,Healthy,0.994,0.006,0.0
BANK_037,SCN_0269,Stressed,Healthy,0.724,0.276,0.0
BANK_038,SCN_0269,Healthy,Healthy,0.936,0.064,0.0
BANK_039,SCN_0269,Healthy,Healthy,1.0,0.0,0.0
BANK_040,SCN_0269,Healthy,Healthy,0.992,0.008,0.0
BANK_001,SCN_0278,Healthy,Stressed,0.39,0.61,0.0
BANK_002,SCN_0278,Healthy,Stressed,0.288,0.712,0.0
BANK_003,SCN_0278,Healthy,Stressed,0.286,0.714,0.0
BANK_004,SCN_0278,Stressed,Healthy,1.0,0.0,0.0
BANK_005,SCN_0278,Healthy,Healthy,1.0,0.0,0.0
BANK_006,SCN_0278,Stressed,Stressed,0.0,1.0,0.0
BANK_007,SCN_0278,Healthy,Healthy,1.0,0.0,0.0
BANK_008,SCN_0278,Stressed,Stressed,0.0,1.0,0.0
BANK_009,SCN_0278,Healthy,Stressed,0.41,0.59,0.0
BANK_010,SCN_0278,Stressed,Critical,0.002,0.328,0.67
BANK_011,SCN_0278,Healthy,Healthy,1.0,0.0,0.0
BANK_012,SCN_0278,Healthy,Healthy,1.0,0.0,0.0
BANK_013,SCN_0278,Critical,Critical,0.0,0.0,1.0
BANK_014,SCN_0278,Stressed,Stressed,0.034,0.964,0.002
BANK_015,SCN_0278,Stressed,Critical,0.0,0.048,0.952
BANK_016,SCN_0278,Healthy,Healthy,1.0,0.0,0.0
BANK_017,SCN_0278,Stressed,Critical,0.006,0.338,0.656
BANK_018,SCN_0278,Stressed,Stressed,0.0,1.0,0.0
BANK_019,SCN_0278,Critical,Critical,0.0,0.0,1.0
BANK_020,SCN_0278,Critical,Critical,0.0,0.0,1.0
BANK_021,SCN_0278,Stressed,Critical,0.0,0.262,0.738
BANK_022,SCN_0278,Critical,Critical,0.0,0.012,0.988
BANK_023,SCN_0278,Healthy,Healthy,1.0,0.0,0.0
BANK_024,SCN_0278,Stressed,Stressed,0.0,1.0,0.0
BANK_025,SCN_0278,Healthy,Stressed,0.0,1.0,0.0
BANK_026,SCN_0278,Healthy,Healthy,0.856,0.144,0.0
BANK_027,SCN_0278,Healthy,Healthy,0.69,0.31,0.0
BANK_028,SCN_0278,Critical,Critical,0.0,0.258,0.742
BANK_029,SCN_0278,Stressed,Stressed,0.0,0.916,0.084
BANK_030,SCN_0278,Critical,Critical,0.0,0.0,1.0
BANK_031,SCN_0278,Healthy,Healthy,1.0,0.0,0.0
BANK_032,SCN_0278,Healthy,Healthy,1.0,0.0,0.0
BANK_033,SCN_0278,Stressed,Critical,0.0,0.06,0.94
BANK_034,SCN_0278,Stressed,Stressed,0.004,0.922,0.074
BANK_035,SCN_0278,Healthy,Healthy,1.0,0.0,0.0
BANK_036,SCN_0278,Stressed,Healthy,0.894,0.106,0.0
BANK_037,SCN_0278,Stressed,Stressed,0.234,0.686,0.08
BANK_038,SCN_0278,Stressed,Stressed,0.0,1.0,0.0
BANK_039,SCN_0278,Healthy,Healthy,1.0,0.0,0.0
BANK_040,SCN_0278,Healthy,Healthy,1.0,0.0,0.0
BANK_001,SCN_0279,Healthy,Healthy,0.998,0.002,0.0
BANK_002,SCN_0279,Stressed,Stressed,0.002,0.998,0.0
BANK_003,SCN_0279,Healthy,Stressed,0.106,0.894,0.0
BANK_004,SCN_0279,Healthy,Stressed,0.242,0.758,0.0
BANK_005,SCN_0279,Healthy,Healthy,1.0,0.0,0.0
BANK_006,SCN_0279,Stressed,Stressed,0.0,1.0,0.0
BANK_007,SCN_0279,Healthy,Healthy,1.0,0.0,0.0
BANK_008,SCN_0279,Stressed,Stressed,0.0,1.0,0.0
BANK_009,SCN_0279,Stressed,Healthy,0.992,0.008,0.0
BANK_010,SCN_0279,Stressed,Stressed,0.0,0.998,0.002
BANK_011,SCN_0279,Stressed,Healthy,0.9,0.1,0.0
BANK_012,SCN_0279,Healthy,Healthy,1.0,0.0,0.0
BANK_013,SCN_0279,Critical,Critical,0.0,0.0,1.0
BANK_014,SCN_0279,Stressed,Stressed,0.0,0.76,0.24
BANK_015,SCN_0279,Stressed,Critical,0.0,0.024,0.976
BANK_016,SCN_0279,Healthy,Healthy,1.0,0.0,0.0
BANK_017,SCN_0279,Critical,Stressed,0.0,0.832,0.168
BANK_018,SCN_0279,Stressed,Stressed,0.0,1.0,0.0
BANK_019,SCN_0279,Critical,Critical,0.0,0.0,1.0
BANK_020,SCN_0279,Critical,Critical,0.0,0.032,0.968
BANK_021,SCN_0279,Critical,Stressed,0.0,0.608,0.392
BANK_022,SCN_0279,Critical,Critical,0.0,0.0,1.0
BANK_023,SCN_0279,Stressed,Stressed,0.0,1.0,0.0
BANK_024,SCN_0279,Stressed,Stressed,0.0,1.0,0.0
BANK_025,SCN_0279,Stressed,Stressed,0.0,0.782,0.218
BANK_026,SCN_0279,Stressed,Stressed,0.346,0.654,0.0
BANK_027,SCN_0279,Stressed,Healthy,0.982,0.018,0.0
BANK_028,SCN_0279,Critical,Stressed,0.0,0.652,0.348
BANK_029,SCN_0279,Stressed,Stressed,0.0,0.862,0.138
BANK_030,SCN_0279,Critical,Critical,0.0,0.0,1.0
BANK_031,SCN_0279,Healthy,Healthy,1.0,0.0,0.0
BANK_032,SCN_0279,Stressed,Stressed,0.0,1.0,0.0
BANK_033,SCN_0279,Stressed,Stressed,0.0,0.868,0.132
BANK_034,SCN_0279,Stressed,Stressed,0.0,1.0,0.0
BANK_035,SCN_0279,Healthy,Healthy,1.0,0.0,0.0
BANK_036,SCN_0279,Stressed,Stressed,0.384,0.616,0.0
BANK_037,SCN_0279,Stressed,Stressed,0.0,0.922,0.078
BANK_038,SCN_0279,Stressed,Stressed,0.0,1.0,0.0
BANK_039,SCN_0279,Healthy,Healthy,1.0,0.0,0.0
BANK_040,SCN_0279,Healthy,Stressed,0.328,0.672,0.0
BANK_001,SCN_0281,Healthy,Healthy,1.0,0.0,0.0
BANK_002,SCN_0281,Healthy,Healthy,1.0,0.0,0.0
BANK_003,SCN_0281,Healthy,Healthy,1.0,0.0,0.0
BANK_004,SCN_0281,Healthy,Healthy,1.0,0.0,0.0
BANK_005,SCN_0281,Healthy,Healthy,1.0,0.0,0.0
BANK_006,SCN_0281,Stressed,Stressed,0.0,1.0,0.0
BANK_007,SCN_0281,Healthy,Healthy,1.0,0.0,0.0
BANK_008,SCN_0281,Healthy,Healthy,1.0,0.0,0.0
BANK_009,SCN_0281,Healthy,Healthy,1.0,0.0,0.0
BANK_010,SCN_0281,Healthy,Healthy,1.0,0.0,0.0
BANK_011,SCN_0281,Healthy,Healthy,1.0,0.0,0.0
BANK_012,SCN_0281,Healthy,Healthy,1.0,0.0,0.0
BANK_013,SCN_0281,Critical,Critical,0.0,0.0,1.0
BANK_014,SCN_0281,Healthy,Healthy,1.0,0.0,0.0
BANK_015,SCN_0281,Stressed,Stressed,0.0,1.0,0.0
BANK_016,SCN_0281,Healthy,Healthy,1.0,0.0,0.0
BANK_017,SCN_0281,Stressed,Stressed,0.0,1.0,0.0
BANK_018,SCN_0281,Healthy,Healthy,1.0,0.0,0.0
BANK_019,SCN_0281,Critical,Critical,0.0,0.0,1.0
BANK_020,SCN_0281,Stressed,Stressed,0.0,1.0,0.0
BANK_021,SCN_0281,Stressed,Stressed,0.0,1.0,0.0
BANK_022,SCN_0281,Critical,Stressed,0.0,0.984,0.016
BANK_023,SCN_0281,Healthy,Healthy,1.0,0.0,0.0
BANK_024,SCN_0281,Healthy,Healthy,1.0,0.0,0.0
BANK_025,SCN_0281,Healthy,Healthy,1.0,0.0,0.0
BANK_026,SCN_0281,Healthy,Healthy,1.0,0.0,0.0
BANK_027,SCN_0281,Healthy,Healthy,1.0,0.0,0.0
BANK_028,SCN_0281,Stressed,Stressed,0.0,1.0,0.0
BANK_029,SCN_0281,Stressed,Stressed,0.006,0.994,0.0
BANK_030,SCN_0281,Critical,Critical,0.0,0.0,1.0
BANK_031,SCN_0281,Healthy,Healthy,1.0,0.0,0.0
BANK_032,SCN_0281,Healthy,Healthy,1.0,0.0,0.0
BANK_033,SCN_0281,Stressed,Stressed,0.006,0.994,0.0
BANK_034,SCN_0281,Healthy,Healthy,1.0,0.0,0.0
BANK_035,SCN_0281,Healthy,Healthy,1.0,0.0,0.0
BANK_036,SCN_0281,Healthy,Healthy,1.0,0.0,0.0
BANK_037,SCN_0281,Healthy,Healthy,1.0,0.0,0.0
BANK_038,SCN_0281,Healthy,Healthy,1.0,0.0,0.0
BANK_039,SCN_0281,Healthy,Healthy,1.0,0.0,0.0
BANK_040,SCN_0281,Healthy,Healthy,1.0,0.0,0.0
BANK_001,SCN_0291,Healthy,Healthy,1.0,0.0,0.0
BANK_002,SCN_0291,Healthy,Healthy,0.924,0.076,0.0
BANK_003,SCN_0291,Stressed,Stressed,0.032,0.968,0.0
BANK_004,SCN_0291,Healthy,Healthy,0.728,0.272,0.0
BANK_005,SCN_0291,Healthy,Healthy,1.0,0.0,0.0
BANK_006,SCN_0291,Stressed,Stressed,0.0,1.0,0.0
BANK_007,SCN_0291,Healthy,Healthy,1.0,0.0,0.0
BANK_008,SCN_0291,Stressed,Stressed,0.0,1.0,0.0
BANK_009,SCN_0291,Healthy,Stressed,0.37,0.63,0.0
BANK_010,SCN_0291,Stressed,Stressed,0.0,0.988,0.012
BANK_011,SCN_0291,Healthy,Healthy,0.992,0.008,0.0
BANK_012,SCN_0291,Healthy,Healthy,1.0,0.0,0.0
BANK_013,SCN_0291,Critical,Critical,0.0,0.0,1.0
BANK_014,SCN_0291,Stressed,Stressed,0.006,0.994,0.0
BANK_015,SCN_0291,Stressed,Critical,0.0,0.26,0.74
BANK_016,SCN_0291,Healthy,Healthy,1.0,0.0,0.0
BANK_017,SCN_0291,Critical,Critical,0.0,0.048,0.952
BANK_018,SCN_0291,Stressed,Stressed,0.002,0.998,0.0
BANK_019,SCN_0291,Critical,Critical,0.0,0.0,1.0
BANK_020,SCN_0291,Critical,Critical,0.0,0.07,0.93
BANK_021,SCN_0291,Critical,Stressed,0.0,0.886,0.114
BANK_022,SCN_0291,Critical,Critical,0.0,0.0,1.0
BANK_023,SCN_0291,Healthy,Healthy,1.0,0.0,0.0
BANK_024,SCN_0291,Stressed,Stressed,0.0,1.0,0.0
BANK_025,SCN_0291,Stressed,Healthy,0.724,0.276,0.0
BANK_026,SCN_0291,Healthy,Stressed,0.148,0.852,0.0
BANK_027,SCN_0291,Healthy,Healthy,0.996,0.004,0.0
BANK_028,SCN_0291,Stressed,Critical,0.0,0.256,0.744
BANK_029,SCN_0291,Stressed,Critical,0.0,0.274,0.726
BANK_030,SCN_0291,Critical,Critical,0.0,0.0,1.0
BANK_031,SCN_0291,Healthy,Healthy,1.0,0.0,0.0
BANK_032,SCN_0291,Healthy,Healthy,1.0,0.0,0.0
BANK_033,SCN_0291,Stressed,Stressed,0.0,1.0,0.0
BANK_034,SCN_0291,Stressed,Healthy,0.65,0.35,0.0
BANK_035,SCN_0291,Healthy,Healthy,1.0,0.0,0.0
BANK_036,SCN_0291,Healthy,Healthy,0.792,0.208,0.0
BANK_037,SCN_0291,Stressed,Stressed,0.0,1.0,0.0
BANK_038,SCN_0291,Stressed,Stressed,0.29,0.71,0.0
BANK_039,SCN_0291,Healthy,Healthy,1.0,0.0,0.0
BANK_040,SCN_0291,Healthy,Healthy,1.0,0.0,0.0
BANK_001,SCN_0305,Healthy,Healthy,1.0,0.0,0.0
BANK_002,SCN_0305,Healthy,Healthy,0.998,0.002,0.0
BANK_003,SCN_0305,Stressed,Healthy,0.882,0.118,0.0
BANK_004,SCN_0305,Stressed,Healthy,0.972,0.028,0.0
BANK_005,SCN_0305,Healthy,Healthy,1.0,0.0,0.0
BANK_006,SCN_0305,Stressed,Stressed,0.0,1.0,0.0
BANK_007,SCN_0305,Healthy,Healthy,1.0,0.0,0.0
BANK_008,SCN_0305,Stressed,Stressed,0.0,1.0,0.0
BANK_009,SCN_0305,Healthy,Stressed,0.366,0.634,0.0
BANK_010,SCN_0305,Stressed,Stressed,0.34,0.66,0.0
BANK_011,SCN_0305,Healthy,Healthy,1.0,0.0,0.0
BANK_012,SCN_0305,Healthy,Healthy,1.0,0.0,0.0
BANK_013,SCN_0305,Critical,Critical,0.0,0.0,1.0
BANK_014,SCN_0305,Stressed,Stressed,0.0,1.0,0.0
BANK_015,SCN_0305,Critical,Stressed,0.0,1.0,0.0
BANK_016,SCN_0305,Healthy,Healthy,1.0,0.0,0.0
BANK_017,SCN_0305,Critical,Critical,0.0,0.368,0.632
BANK_018,SCN_0305,Stressed,Stressed,0.0,1.0,0.0
BANK_019,SCN_0305,Critical,Critical,0.0,0.0,1.0
BANK_020,SCN_0305,Critical,Critical,0.0,0.028,0.972
BANK_021,SCN_0305,Stressed,Stressed,0.0,0.984,0.016
BANK_022,SCN_0305,Critical,Critical,0.0,0.0,1.0
BANK_023,SCN_0305,Healthy,Stressed,0.392,0.608,0.0
BANK_024,SCN_0305,Stressed,Stressed,0.0,1.0,0.0
BANK_025,SCN_0305,Stressed,Stressed,0.0,1.0,0.0
BANK_026,SCN_0305,Healthy,Healthy,0.958,0.042,0.0
BANK_027,SCN_0305,Stressed,Healthy,0.97,0.03,0.0
BANK_028,SCN_0305,Critical,Critical,0.0,0.33,0.67
BANK_029,SCN_0305,Stressed,Stressed,0.0,0.774,0.226
BANK_030,SCN_0305,Critical,Critical,0.0,0.0,1.0
BANK_031,SCN_0305,Healthy,Healthy,1.0,0.0,0.0
BANK_032,SCN_0305,Healthy,Stressed,0.382,0.618,0.0
BANK_033,SCN_0305,Stressed,Stressed,0.0,0.882,0.118
BANK_034,SCN_0305,Stressed,Stressed,0.1,0.9,0.0
BANK_035,SCN_0305,Healthy,Healthy,0.998,0.002,0.0
BANK_036,SCN_0305,Healthy,Healthy,0.99,0.01,0.0
BANK_037,SCN_0305,Stressed,Stressed,0.366,0.6,0.034
BANK_038,SCN_0305,Stressed,Stressed,0.0,1.0,0.0
BANK_039,SCN_0305,Healthy,Healthy,1.0,0.0,0.0
BANK_040,SCN_0305,Healthy,Healthy,0.998,0.002,0.0
BANK_001,SCN_0313,Healthy,Healthy,1.0,0.0,0.0
BANK_002,SCN_0313,Healthy,Healthy,1.0,0.0,0.0
BANK_003,SCN_0313,Healthy,Healthy,1.0,0.0,0.0
BANK_004,SCN_0313,Healthy,Healthy,1.0,0.0,0.0
BANK_005,SCN_0313,Healthy,Healthy,1.0,0.0,0.0
BANK_006,SCN_0313,Stressed,Stressed,0.0,1.0,0.0
BANK_007,SCN_0313,Healthy,Healthy,1.0,0.0,0.0
BANK_008,SCN_0313,Healthy,Healthy,1.0,0.0,0.0
BANK_009,SCN_0313,Healthy,Healthy,1.0,0.0,0.0
BANK_010,SCN_0313,Healthy,Healthy,1.0,0.0,0.0
BANK_011,SCN_0313,Healthy,Healthy,1.0,0.0,0.0
BANK_012,SCN_0313,Healthy,Healthy,1.0,0.0,0.0
BANK_013,SCN_0313,Critical,Critical,0.0,0.0,1.0
BANK_014,SCN_0313,Healthy,Healthy,1.0,0.0,0.0
BANK_015,SCN_0313,Stressed,Stressed,0.002,0.998,0.0
BANK_016,SCN_0313,Healthy,Healthy,1.0,0.0,0.0
BANK_017,SCN_0313,Stressed,Stressed,0.098,0.902,0.0
BANK_018,SCN_0313,Healthy,Healthy,1.0,0.0,0.0
BANK_019,SCN_0313,Critical,Critical,0.0,0.0,1.0
BANK_020,SCN_0313,Critical,Stressed,0.0,0.75,0.25
BANK_021,SCN_0313,Stressed,Stressed,0.0,1.0,0.0
BANK_022,SCN_0313,Stressed,Stressed,0.0,1.0,0.0
BANK_023,SCN_0313,Healthy,Healthy,1.0,0.0,0.0
BANK_024,SCN_0313,Healthy,Healthy,1.0,0.0,0.0
BANK_025,SCN_0313,Healthy,Healthy,1.0,0.0,0.0
BANK_026,SCN_0313,Healthy,Healthy,1.0,0.0,0.0
BANK_027,SCN_0313,Healthy,Healthy,1.0,0.0,0.0
BANK_028,SCN_0313,Stressed,Healthy,0.644,0.356,0.0
BANK_029,SCN_0313,Stressed,Stressed,0.02,0.98,0.0
BANK_030,SCN_0313,Critical,Critical,0.0,0.0,1.0
BANK_031,SCN_0313,Healthy,Healthy,1.0,0.0,0.0
BANK_032,SCN_0313,Healthy,Healthy,1.0,0.0,0.0
BANK_033,SCN_0313,Healthy,Healthy,0.694,0.306,0.0
BANK_034,SCN_0313,Healthy,Healthy,1.0,0.0,0.0
BANK_035,SCN_0313,Healthy,Healthy,1.0,0.0,0.0
BANK_036,SCN_0313,Healthy,Healthy,1.0,0.0,0.0
BANK_037,SCN_0313,Healthy,Healthy,1.0,0.0,0.0
BANK_038,SCN_0313,Healthy,Healthy,1.0,0.0,0.0
BANK_039,SCN_0313,Healthy,Healthy,1.0,0.0,0.0
BANK_040,SCN_0313,Healthy,Healthy,1.0,0.0,0.0
BANK_001,SCN_0317,Healthy,Healthy,1.0,0.0,0.0
BANK_002,SCN_0317,Healthy,Healthy,1.0,0.0,0.0
BANK_003,SCN_0317,Healthy,Healthy,1.0,0.0,0.0
BANK_004,SCN_0317,Healthy,Healthy,1.0,0.0,0.0
BANK_005,SCN_0317,Healthy,Healthy,1.0,0.0,0.0
BANK_006,SCN_0317,Stressed,Stressed,0.0,1.0,0.0
BANK_007,SCN_0317,Healthy,Healthy,1.0,0.0,0.0
BANK_008,SCN_0317,Stressed,Stressed,0.0,1.0,0.0
BANK_009,SCN_0317,Healthy,Healthy,1.0,0.0,0.0
BANK_010,SCN_0317,Stressed,Stressed,0.29,0.71,0.0
BANK_011,SCN_0317,Healthy,Healthy,1.0,0.0,0.0
BANK_012,SCN_0317,Healthy,Healthy,1.0,0.0,0.0
BANK_013,SCN_0317,Critical,Critical,0.0,0.0,1.0
BANK_014,SCN_0317,Healthy,Healthy,0.858,0.142,0.0
BANK_015,SCN_0317,Stressed,Stressed,0.0,1.0,0.0
BANK_016,SCN_0317,Healthy,Healthy,1.0,0.0,0.0
BANK_017,SCN_0317,Stressed,Stressed,0.0,1.0,0.0
BANK_018,SCN_0317,Healthy,Healthy,1.0,0.0,0.0
BANK_019,SCN_0317,Critical,Critical,0.0,0.0,1.0
BANK_020,SCN_0317,Critical,Critical,0.0,0.216,0.784
BANK_021,SCN_0317,Critical,Stressed,0.0,1.0,0.0
BANK_022,SCN_0317,Critical,Stressed,0.0,0.66,0.34
BANK_023,SCN_0317,Healthy,Healthy,1.0,0.0,0.0
BANK_024,SCN_0317,Healthy,Healthy,1.0,0.0,0.0
BANK_025,SCN_0317,Stressed,Healthy,0.996,0.004,0.0
BANK_026,SCN_0317,Healthy,Healthy,1.0,0.0,0.0
BANK_027,SCN_0317,Healthy,Healthy,1.0,0.0,0.0
BANK_028,SCN_0317,Stressed,Stressed,0.0,1.0,0.0
BANK_029,SCN_0317,Stressed,Stressed,0.0,1.0,0.0
BANK_030,SCN_0317,Critical,Critical,0.0,0.0,1.0
BANK_031,SCN_0317,Healthy,Healthy,1.0,0.0,0.0
BANK_032,SCN_0317,Healthy,Healthy,1.0,0.0,0.0
BANK_033,SCN_0317,Stressed,Stressed,0.03,0.97,0.0
BANK_034,SCN_0317,Healthy,Healthy,0.974,0.026,0.0
BANK_035,SCN_0317,Healthy,Healthy,1.0,0.0,0.0
BANK_036,SCN_0317,Healthy,Healthy,1.0,0.0,0.0
BANK_037,SCN_0317,Stressed,Stressed,0.008,0.992,0.0
BANK_038,SCN_0317,Healthy,Healthy,0.73,0.27,0.0
BANK_039,SCN_0317,Healthy,Healthy,1.0,0.0,0.0
BANK_040,SCN_0317,Healthy,Healthy,1.0,0.0,0.0
BANK_001,SCN_0318,Healthy,Healthy,0.924,0.076,0.0
BANK_002,SCN_0318,Stressed,Stressed,0.092,0.908,0.0
BANK_003,SCN_0318,Stressed,Stressed,0.004,0.91,0.086
BANK_004,SCN_0318,Stressed,Stressed,0.318,0.682,0.0
BANK_005,SCN_0318,Healthy,Healthy,1.0,0.0,0.0
BANK_006,SCN_0318,Stressed,Stressed,0.0,1.0,0.0
BANK_007,SCN_0318,Healthy,Healthy,1.0,0.0,0.0
BANK_008,SCN_0318,Stressed,Stressed,0.0,0.956,0.044
BANK_009,SCN_0318,Healthy,Stressed,0.122,0.878,0.0
BANK_010,SCN_0318,Stressed,Critical,0.0,0.366,0.634
BANK_011,SCN_0318,Healthy,Healthy,0.996,0.004,0.0
BANK_012,SCN_0318,Healthy,Healthy,1.0,0.0,0.0
BANK_013,SCN_0318,Critical,Critical,0.0,0.0,1.0
BANK_014,SCN_0318,Critical,Stressed,0.0,0.996,0.004
BANK_015,SCN_0318,Stressed,Critical,0.0,0.322,0.678
BANK_016,SCN_0318,Healthy,Healthy,1.0,0.0,0.0
BANK_017,SCN_0318,Stressed,Stressed,0.0,1.0,0.0
BANK_018,SCN_0318,Stressed,Stressed,0.0,1.0,0.0
BANK_019,SCN_0318,Critical,Critical,0.0,0.0,1.0
BANK_020,SCN_0318,Critical,Critical,0.0,0.0,1.0
BANK_021,SCN_0318,Critical,Stressed,0.0,0.766,0.234
BANK_022,SCN_0318,Critical,Critical,0.0,0.0,1.0
BANK_023,SCN_0318,Stressed,Stressed,0.0,1.0,0.0
BANK_024,SCN_0318,Stressed,Stressed,0.0,1.0,0.0
BANK_025,SCN_0318,Stressed,Stressed,0.0,0.904,0.096
BANK_026,SCN_0318,Healthy,Healthy,0.766,0.234,0.0
BANK_027,SCN_0318,Stressed,Stressed,0.032,0.968,0.0
BANK_028,SCN_0318,Critical,Critical,0.0,0.004,0.996
BANK_029,SCN_0318,Stressed,Stressed,0.0,0.968,0.032
BANK_030,SCN_0318,Critical,Critical,0.0,0.0,1.0
BANK_031,SCN_0318,Healthy,Healthy,1.0,0.0,0.0
BANK_032,SCN_0318,Stressed,Stressed,0.0,1.0,0.0
BANK_033,SCN_0318,Critical,Critical,0.0,0.0,1.0
BANK_034,SCN_0318,Stressed,Stressed,0.0,0.992,0.008
BANK_035,SCN_0318,Healthy,Healthy,1.0,0.0,0.0
BANK_036,SCN_0318,Healthy,Stressed,0.084,0.916,0.0
BANK_037,SCN_0318,Stressed,Stressed,0.0,0.998,0.002
BANK_038,SCN_0318,Stressed,Stressed,0.0,0.744,0.256
BANK_039,SCN_0318,Healthy,Healthy,1.0,0.0,0.0
BANK_040,SCN_0318,Healthy,Healthy,0.726,0.274,0.0
BANK_001,SCN_0322,Healthy,Healthy,0.902,0.098,0.0
BANK_002,SCN_0322,Healthy,Stressed,0.26,0.74,0.0
BANK_003,SCN_0322,Stressed,Stressed,0.0,0.998,0.002
BANK_004,SCN_0322,Healthy,Stressed,0.132,0.868,0.0
BANK_005,SCN_0322,Healthy,Healthy,1.0,0.0,0.0
BANK_006,SCN_0322,Stressed,Stressed,0.0,1.0,0.0
BANK_007,SCN_0322,Healthy,Healthy,1.0,0.0,0.0
BANK_008,SCN_0322,Stressed,Stressed,0.0,1.0,0.0
BANK_009,SCN_0322,Healthy,Stressed,0.008,0.992,0.0
BANK_010,SCN_0322,Stressed,Critical,0.0,0.102,0.898
BANK_011,SCN_0322,Healthy,Stressed,0.322,0.678,0.0
BANK_012,SCN_0322,Healthy,Healthy,1.0,0.0,0.0
BANK_013,SCN_0322,Critical,Critical,0.0,0.0,1.0
BANK_014,SCN_0322,Stressed,Stressed,0.0,0.784,0.216
BANK_015,SCN_0322,Critical,Critical,0.0,0.0,1.0
BANK_016,SCN_0322,Healthy,Healthy,1.0,0.0,0.0
BANK_017,SCN_0322,Critical,Critical,0.0,0.112,0.888
BANK_018,SCN_0322,Stressed,Stressed,0.0,1.0,0.0
BANK_019,SCN_0322,Critical,Critical,0.0,0.0,1.0
BANK_020,SCN_0322,Critical,Critical,0.0,0.0,1.0
BANK_021,SCN_0322,Stressed,Critical,0.0,0.33,0.67
BANK_022,SCN_0322,Critical,Critical,0.0,0.0,1.0
BANK_023,SCN_0322,Stressed,Stressed,0.0,1.0,0.0
BANK_024,SCN_0322,Stressed,Stressed,0.0,0.948,0.052
BANK_025,SCN_0322,Healthy,Healthy,0.6,0.4,0.0
BANK_026,SCN_0322,Healthy,Healthy,0.644,0.356,0.0
BANK_027,SCN_0322,Healthy,Stressed,0.0,1.0,0.0
BANK_028,SCN_0322,Stressed,Critical,0.0,0.044,0.956
BANK_029,SCN_0322,Stressed,Stressed,0.0,0.888,0.112
BANK_030,SCN_0322,Critical,Critical,0.0,0.0,1.0
BANK_031,SCN_0322,Healthy,Healthy,1.0,0.0,0.0
BANK_032,SCN_0322,Stressed,Stressed,0.0,1.0,0.0
BANK_033,SCN_0322,Critical,Critical,0.0,0.304,0.696
BANK_034,SCN_0322,Stressed,Critical,0.0,0.308,0.692
BANK_035,SCN_0322,Healthy,Healthy,1.0,0.0,0.0
BANK_036,SCN_0322,Healthy,Healthy,0.774,0.226,0.0
BANK_037,SCN_0322,Stressed,Stressed,0.0,0.976,0.024
BANK_038,SCN_0322,Stressed,Stressed,0.0,1.0,0.0
BANK_039,SCN_0322,Healthy,Healthy,1.0,0.0,0.0
BANK_040,SCN_0322,Healthy,Stressed,0.286,0.714,0.0
BANK_001,SCN_0324,Healthy,Stressed,0.394,0.606,0.0
BANK_002,SCN_0324,Stressed,Healthy,0.978,0.022,0.0
BANK_003,SCN_0324,Stressed,Stressed,0.25,0.702,0.048
BANK_004,SCN_0324,Healthy,Healthy,0.962,0.038,0.0
BANK_005,SCN_0324,Healthy,Healthy,1.0,0.0,0.0
BANK_006,SCN_0324,Stressed,Stressed,0.0,1.0,0.0
BANK_007,SCN_0324,Healthy,Healthy,1.0,0.0,0.0
BANK_008,SCN_0324,Stressed,Stressed,0.0,1.0,0.0
BANK_009,SCN_0324,Stressed,Healthy,0.778,0.222,0.0
BANK_010,SCN_0324,Critical,Stressed,0.0,1.0,0.0
BANK_011,SCN_0324,Stressed,Stressed,0.412,0.588,0.0
BANK_012,SCN_0324,Healthy,Healthy,1.0,0.0,0.0
BANK_013,SCN_0324,Critical,Critical,0.0,0.0,1.0
BANK_014,SCN_0324,Stressed,Stressed,0.0,1.0,0.0
BANK_015,SCN_0324,Critical,Critical,0.0,0.21,0.79
BANK_016,SCN_0324,Healthy,Healthy,1.0,0.0,0.0
BANK_017,SCN_0324,Stressed,Critical,0.0,0.02,0.98
BANK_018,SCN_0324,Stressed,Stressed,0.0,1.0,0.0
BANK_019,SCN_0324,Critical,Critical,0.0,0.0,1.0
BANK_020,SCN_0324,Critical,Critical,0.0,0.0,1.0
BANK_021,SCN_0324,Critical,Critical,0.0,0.002,0.998
BANK_022,SCN_0324,Critical,Critical,0.0,0.0,1.0
BANK_023,SCN_0324,Stressed,Stressed,0.0,1.0,0.0
BANK_024,SCN_0324,Stressed,Stressed,0.0,1.0,0.0
BANK_025,SCN_0324,Stressed,Stressed,0.228,0.772,0.0
BANK_026,SCN_0324,Stressed,Healthy,0.942,0.058,0.0
BANK_027,SCN_0324,Healthy,Healthy,0.838,0.162,0.0
BANK_028,SCN_0324,Critical,Critical,0.0,0.002,0.998
BANK_029,SCN_0324,Critical,Critical,0.0,0.244,0.756
BANK_030,SCN_0324,Critical,Critical,0.0,0.0,1.0
BANK_031,SCN_0324,Healthy,Healthy,1.0,0.0,0.0
BANK_032,SCN_0324,Stressed,Stressed,0.0,1.0,0.0
BANK_033,SCN_0324,Critical,Critical,0.0,0.29,0.71
BANK_034,SCN_0324,Stressed,Stressed,0.0,1.0,0.0
BANK_035,SCN_0324,Healthy,Healthy,1.0,0.0,0.0
BANK_036,SCN_0324,Stressed,Healthy,0.844,0.156,0.0
BANK_037,SCN_0324,Stressed,Critical,0.086,0.274,0.64
BANK_038,SCN_0324,Critical,Stressed,0.0,1.0,0.0
BANK_039,SCN_0324,Healthy,Healthy,1.0,0.0,0.0
BANK_040,SCN_0324,Healthy,Stressed,0.142,0.858,0.0
BANK_001,SCN_0325,Healthy,Healthy,0.78,0.22,0.0
BANK_002,SCN_0325,Stressed,Healthy,0.856,0.142,0.002
BANK_003,SCN_0325,Stressed,Critical,0.004,0.368,0.628
BANK_004,SCN_0325,Stressed,Stressed,0.372,0.628,0.0
BANK_005,SCN_0325,Healthy,Healthy,1.0,0.0,0.0
BANK_006,SCN_0325,Stressed,Stressed,0.0,1.0,0.0
BANK_007,SCN_0325,Healthy,Healthy,1.0,0.0,0.0
BANK_008,SCN_0325,Stressed,Stressed,0.0,1.0,0.0
BANK_009,SCN_0325,Healthy,Healthy,0.922,0.078,0.0
BANK_010,SCN_0325,Critical,Stressed,0.0,0.986,0.014
BANK_011,SCN_0325,Healthy,Healthy,0.782,0.218,0.0
BANK_012,SCN_0325,Healthy,Healthy,1.0,0.0,0.0
BANK_013,SCN_0325,Critical,Critical,0.0,0.0,1.0
BANK_014,SCN_0325,Stressed,Stressed,0.0,1.0,0.0
BANK_015,SCN_0325,Critical,Critical,0.0,0.042,0.958
BANK_016,SCN_0325,Healthy,Healthy,1.0,0.0,0.0
BANK_017,SCN_0325,Critical,Stressed,0.0,0.642,0.358
BANK_018,SCN_0325,Stressed,Stressed,0.0,1.0,0.0
BANK_019,SCN_0325,Critical,Critical,0.0,0.0,1.0
BANK_020,SCN_0325,Critical,Critical,0.0,0.0,1.0
BANK_021,SCN_0325,Critical,Critical,0.0,0.018,0.982
BANK_022,SCN_0325,Critical,Critical,0.0,0.0,1.0
BANK_023,SCN_0325,Stressed,Stressed,0.0,1.0,0.0
BANK_024,SCN_0325,Stressed,Stressed,0.0,1.0,0.0
BANK_025,SCN_0325,Stressed,Stressed,0.002,0.996,0.002
BANK_026,SCN_0325,Healthy,Stressed,0.33,0.67,0.0
BANK_027,SCN_0325,Stressed,Stressed,0.222,0.778,0.0
BANK_028,SCN_0325,Stressed,Critical,0.0,0.016,0.984
BANK_029,SCN_0325,Critical,Critical,0.0,0.028,0.972
BANK_030,SCN_0325,Critical,Critical,0.0,0.0,1.0
BANK_031,SCN_0325,Healthy,Healthy,1.0,0.0,0.0
BANK_032,SCN_0325,Stressed,Stressed,0.0,1.0,0.0
BANK_033,SCN_0325,Stressed,Stressed,0.0,0.664,0.336
BANK_034,SCN_0325,Stressed,Stressed,0.0,1.0,0.0
BANK_035,SCN_0325,Healthy,Healthy,1.0,0.0,0.0
BANK_036,SCN_0325,Stressed,Stressed,0.23,0.77,0.0
BANK_037,SCN_0325,Stressed,Stressed,0.0,0.66,0.34
BANK_038,SCN_0325,Stressed,Stressed,0.0,1.0,0.0
BANK_039,SCN_0325,Healthy,Healthy,1.0,0.0,0.0
BANK_040,SCN_0325,Healthy,Healthy,0.75,0.25,0.0
BANK_001,SCN_0334,Healthy,Healthy,1.0,0.0,0.0
BANK_002,SCN_0334,Healthy,Healthy,1.0,0.0,0.0
BANK_003,SCN_0334,Healthy,Healthy,1.0,0.0,0.0
BANK_004,SCN_0334,Healthy,Healthy,1.0,0.0,0.0
BANK_005,SCN_0334,Healthy,Healthy,1.0,0.0,0.0
BANK_006,SCN_0334,Stressed,Stressed,0.0,1.0,0.0
BANK_007,SCN_0334,Healthy,Healthy,1.0,0.0,0.0
BANK_008,SCN_0334,Stressed,Stressed,0.0,1.0,0.0
BANK_009,SCN_0334,Healthy,Healthy,1.0,0.0,0.0
BANK_010,SCN_0334,Stressed,Healthy,0.664,0.336,0.0
BANK_011,SCN_0334,Healthy,Healthy,1.0,0.0,0.0
BANK_012,SCN_0334,Healthy,Healthy,1.0,0.0,0.0
BANK_013,SCN_0334,Critical,Critical,0.0,0.0,1.0
BANK_014,SCN_0334,Healthy,Healthy,0.668,0.332,0.0
BANK_015,SCN_0334,Stressed,Stressed,0.0,1.0,0.0
BANK_016,SCN_0334,Healthy,Healthy,1.0,0.0,0.0
BANK_017,SCN_0334,Stressed,Stressed,0.002,0.998,0.0
BANK_018,SCN_0334,Healthy,Healthy,1.0,0.0,0.0
BANK_019,SCN_0334,Critical,Critical,0.0,0.0,1.0
BANK_020,SCN_0334,Critical,Critical,0.0,0.032,0.968
BANK_021,SCN_0334,Stressed,Stressed,0.0,1.0,0.0
BANK_022,SCN_0334,Critical,Critical,0.0,0.348,0.652
BANK_023,SCN_0334,Healthy,Healthy,1.0,0.0,0.0
BANK_024,SCN_0334,Healthy,Healthy,1.0,0.0,0.0
BANK_025,SCN_0334,Healthy,Healthy,0.916,0.084,0.0
BANK_026,SCN_0334,Healthy,Healthy,1.0,0.0,0.0
BANK_027,SCN_0334,Healthy,Healthy,1.0,0.0,0.0
BANK_028,SCN_0334,Stressed,Stressed,0.0,1.0,0.0
BANK_029,SCN_0334,Stressed,Stressed,0.002,0.998,0.0
BANK_030,SCN_0334,Critical,Critical,0.0,0.0,1.0
BANK_031,SCN_0334,Healthy,Healthy,1.0,0.0,0.0
BANK_032,SCN_0334,Healthy,Healthy,1.0,0.0,0.0
BANK_033,SCN_0334,Stressed,Healthy,0.596,0.404,0.0
BANK_034,SCN_0334,Healthy,Healthy,0.988,0.012,0.0
BANK_035,SCN_0334,Healthy,Healthy,1.0,0.0,0.0
BANK_036,SCN_0334,Healthy,Healthy,1.0,0.0,0.0
BANK_037,SCN_0334,Healthy,Stressed,0.09,0.91,0.0
BANK_038,SCN_0334,Healthy,Healthy,1.0,0.0,0.0
BANK_039,SCN_0334,Healthy,Healthy,1.0,0.0,0.0
BANK_040,SCN_0334,Healthy,Healthy,1.0,0.0,0.0
BANK_001,SCN_0335,Healthy,Healthy,1.0,0.0,0.0
BANK_002,SCN_0335,Healthy,Healthy,1.0,0.0,0.0
BANK_003,SCN_0335,Healthy,Healthy,1.0,0.0,0.0
BANK_004,SCN_0335,Healthy,Healthy,1.0,0.0,0.0
BANK_005,SCN_0335,Healthy,Healthy,1.0,0.0,0.0
BANK_006,SCN_0335,Stressed,Stressed,0.0,1.0,0.0
BANK_007,SCN_0335,Healthy,Healthy,1.0,0.0,0.0
BANK_008,SCN_0335,Stressed,Stressed,0.0,1.0,0.0
BANK_009,SCN_0335,Healthy,Healthy,1.0,0.0,0.0
BANK_010,SCN_0335,Healthy,Stressed,0.294,0.706,0.0
BANK_011,SCN_0335,Healthy,Healthy,1.0,0.0,0.0
BANK_012,SCN_0335,Healthy,Healthy,1.0,0.0,0.0
BANK_013,SCN_0335,Critical,Critical,0.0,0.0,1.0
BANK_014,SCN_0335,Stressed,Stressed,0.35,0.65,0.0
BANK_015,SCN_0335,Stressed,Stressed,0.0,1.0,0.0
BANK_016,SCN_0335,Healthy,Healthy,1.0,0.0,0.0
BANK_017,SCN_0335,Stressed,Stressed,0.0,1.0,0.0
BANK_018,SCN_0335,Healthy,Healthy,1.0,0.0,0.0
BANK_019,SCN_0335,Critical,Critical,0.0,0.0,1.0
BANK_020,SCN_0335,Critical,Critical,0.0,0.004,0.996
BANK_021,SCN_0335,Stressed,Stressed,0.0,1.0,0.0
BANK_022,SCN_0335,Critical,Critical,0.0,0.01,0.99
BANK_023,SCN_0335,Healthy,Healthy,1.0,0.0,0.0
BANK_024,SCN_0335,Healthy,Healthy,0.992,0.008,0.0
BANK_025,SCN_0335,Healthy,Healthy,0.998,0.002,0.0
BANK_026,SCN_0335,Healthy,Healthy,1.0,0.0,0.0
BANK_027,SCN_0335,Healthy,Healthy,1.0,0.0,0.0
BANK_028,SCN_0335,Stressed,Stressed,0.0,1.0,0.0
BANK_029,SCN_0335,Stressed,Stressed,0.0,1.0,0.0
BANK_030,SCN_0335,Critical,Critical,0.0,0.0,1.0
BANK_031,SCN_0335,Healthy,Healthy,1.0,0.0,0.0
BANK_032,SCN_0335,Healthy,Healthy,1.0,0.0,0.0
BANK_033,SCN_0335,Stressed,Stressed,0.0,1.0,0.0
BANK_034,SCN_0335,Healthy,Healthy,1.0,0.0,0.0
BANK_035,SCN_0335,Healthy,Healthy,1.0,0.0,0.0
BANK_036,SCN_0335,Healthy,Healthy,1.0,0.0,0.0
BANK_037,SCN_0335,Stressed,Healthy,0.904,0.096,0.0
BANK_038,SCN_0335,Healthy,Healthy,1.0,0.0,0.0
BANK_039,SCN_0335,Healthy,Healthy,1.0,0.0,0.0
BANK_040,SCN_0335,Healthy,Healthy,1.0,0.0,0.0
BANK_001,SCN_0337,Healthy,Healthy,1.0,0.0,0.0
BANK_002,SCN_0337,Healthy,Stressed,0.154,0.846,0.0
BANK_003,SCN_0337,Stressed,Stressed,0.086,0.914,0.0
BANK_004,SCN_0337,Healthy,Healthy,1.0,0.0,0.0
BANK_005,SCN_0337,Healthy,Healthy,1.0,0.0,0.0
BANK_006,SCN_0337,Stressed,Stressed,0.0,1.0,0.0
BANK_007,SCN_0337,Healthy,Healthy,1.0,0.0,0.0
BANK_008,SCN_0337,Stressed,Stressed,0.0,1.0,0.0
BANK_009,SCN_0337,Healthy,Healthy,1.0,0.0,0.0
BANK_010,SCN_0337,Stressed,Stressed,0.002,0.996,0.002
BANK_011,SCN_0337,Healthy,Healthy,1.0,0.0,0.0
BANK_012,SCN_0337,Healthy,Healthy,1.0,0.0,0.0
BANK_013,SCN_0337,Critical,Critical,0.0,0.0,1.0
BANK_014,SCN_0337,Stressed,Stressed,0.008,0.992,0.0
BANK_015,SCN_0337,Critical,Stressed,0.0,0.986,0.014
BANK_016,SCN_0337,Healthy,Healthy,1.0,0.0,0.0
BANK_017,SCN_0337,Stressed,Critical,0.0,0.374,0.626
BANK_018,SCN_0337,Stressed,Stressed,0.018,0.982,0.0
BANK_019,SCN_0337,Critical,Critical,0.0,0.0,1.0
BANK_020,SCN_0337,Critical,Critical,0.0,0.002,0.998
BANK_021,SCN_0337,Stressed,Stressed,0.0,0.906,0.094
BANK_022,SCN_0337,Critical,Critical,0.0,0.0,1.0
BANK_023,SCN_0337,Healthy,Healthy,1.0,0.0,0.0
BANK_024,SCN_0337,Stressed,Stressed,0.0,1.0,0.0
BANK_025,SCN_0337,Stressed,Healthy,0.882,0.118,0.0
BANK_026,SCN_0337,Healthy,Healthy,0.994,0.006,0.0
BANK_027,SCN_0337,Stressed,Healthy,0.994,0.006,0.0
BANK_028,SCN_0337,Critical,Stressed,0.0,1.0,0.0
BANK_029,SCN_0337,Critical,Stressed,0.0,0.86,0.14
BANK_030,SCN_0337,Critical,Critical,0.0,0.0,1.0
BANK_031,SCN_0337,Healthy,Healthy,1.0,0.0,0.0
BANK_032,SCN_0337,Healthy,Healthy,1.0,0.0,0.0
BANK_033,SCN_0337,Critical,Stressed,0.0,0.892,0.108
BANK_034,SCN_0337,Stressed,Stressed,0.236,0.764,0.0
BANK_035,SCN_0337,Healthy,Healthy,1.0,0.0,0.0
BANK_036,SCN_0337,Stressed,Healthy,1.0,0.0,0.0
BANK_037,SCN_0337,Stressed,Stressed,0.0,1.0,0.0
BANK_038,SCN_0337,Healthy,Stressed,0.322,0.678,0.0
BANK_039,SCN_0337,Healthy,Healthy,1.0,0.0,0.0
BANK_040,SCN_0337,Healthy,Healthy,1.0,0.0,0.0
BANK_001,SCN_0342,Healthy,Healthy,0.774,0.226,0.0
BANK_002,SCN_0342,Stressed,Stressed,0.208,0.792,0.0
BANK_003,SCN_0342,Critical,Stressed,0.004,0.766,0.23
BANK_004,SCN_0342,Healthy,Stressed,0.256,0.744,0.0
BANK_005,SCN_0342,Healthy,Healthy,1.0,0.0,0.0
BANK_006,SCN_0342,Stressed,Stressed,0.0,1.0,0.0
BANK_007,SCN_0342,Healthy,Healthy,1.0,0.0,0.0
BANK_008,SCN_0342,Stressed,Stressed,0.0,0.908,0.092
BANK_009,SCN_0342,Stressed,Stressed,0.28,0.72,0.0
BANK_010,SCN_0342,Stressed,Critical,0.0,0.36,0.64
BANK_011,SCN_0342,Healthy,Healthy,0.994,0.006,0.0
BANK_012,SCN_0342,Healthy,Healthy,1.0,0.0,0.0
BANK_013,SCN_0342,Critical,Critical,0.0,0.0,1.0
BANK_014,SCN_0342,Stressed,Stressed,0.0,0.996,0.004
BANK_015,SCN_0342,Stressed,Critical,0.0,0.27,0.73
BANK_016,SCN_0342,Healthy,Healthy,1.0,0.0,0.0
BANK_017,SCN_0342,Stressed,Stressed,0.0,1.0,0.0
BANK_018,SCN_0342,Stressed,Stressed,0.0,1.0,0.0
BANK_019,SCN_0342,Critical,Critical,0.0,0.0,1.0
BANK_020,SCN_0342,Critical,Critical,0.0,0.0,1.0
BANK_021,SCN_0342,Critical,Stressed,0.0,0.96,0.04
BANK_022,SCN_0342,Critical,Critical,0.0,0.0,1.0
BANK_023,SCN_0342,Stressed,Stressed,0.0,1.0,0.0
BANK_024,SCN_0342,Stressed,Stressed,0.0,1.0,0.0
BANK_025,SCN_0342,Stressed,Stressed,0.0,0.766,0.234
BANK_026,SCN_0342,Stressed,Healthy,0.966,0.034,0.0
BANK_027,SCN_0342,Healthy,Stressed,0.104,0.896,0.0
BANK_028,SCN_0342,Critical,Critical,0.0,0.004,0.996
BANK_029,SCN_0342,Stressed,Stressed,0.0,0.92,0.08
BANK_030,SCN_0342,Critical,Critical,0.0,0.0,1.0
BANK_031,SCN_0342,Healthy,Healthy,1.0,0.0,0.0
BANK_032,SCN_0342,Stressed,Stressed,0.0,1.0,0.0
BANK_033,SCN_0342,Critical,Critical,0.0,0.0,1.0
BANK_034,SCN_0342,Stressed,Stressed,0.0,0.996,0.004
BANK_035,SCN_0342,Healthy,Healthy,1.0,0.0,0.0
BANK_036,SCN_0342,Healthy,Stressed,0.216,0.784,0.0
BANK_037,SCN_0342,Stressed,Stressed,0.0,0.99,0.01
BANK_038,SCN_0342,Stressed,Stressed,0.0,0.952,0.048
BANK_039,SCN_0342,Healthy,Healthy,1.0,0.0,0.0
BANK_040,SCN_0342,Healthy,Healthy,0.892,0.108,0.0
BANK_001,SCN_0348,Healthy,Healthy,1.0,0.0,0.0
BANK_002,SCN_0348,Healthy,Healthy,1.0,0.0,0.0
BANK_003,SCN_0348,Healthy,Healthy,1.0,0.0,0.0
BANK_004,SCN_0348,Healthy,Healthy,1.0,0.0,0.0
BANK_005,SCN_0348,Healthy,Healthy,1.0,0.0,0.0
BANK_006,SCN_0348,Stressed,Stressed,0.0,1.0,0.0
BANK_007,SCN_0348,Healthy,Healthy,1.0,0.0,0.0
BANK_008,SCN_0348,Healthy,Healthy,1.0,0.0,0.0
BANK_009,SCN_0348,Healthy,Healthy,1.0,0.0,0.0
BANK_010,SCN_0348,Healthy,Healthy,0.998,0.002,0.0
BANK_011,SCN_0348,Healthy,Healthy,1.0,0.0,0.0
BANK_012,SCN_0348,Healthy,Healthy,1.0,0.0,0.0
BANK_013,SCN_0348,Critical,Critical,0.0,0.0,1.0
BANK_014,SCN_0348,Healthy,Healthy,1.0,0.0,0.0
BANK_015,SCN_0348,Stressed,Stressed,0.002,0.998,0.0
BANK_016,SCN_0348,Healthy,Healthy,1.0,0.0,0.0
BANK_017,SCN_0348,Stressed,Stressed,0.194,0.806,0.0
BANK_018,SCN_0348,Healthy,Healthy,1.0,0.0,0.0
BANK_019,SCN_0348,Critical,Critical,0.0,0.0,1.0
BANK_020,SCN_0348,Stressed,Stressed,0.0,0.962,0.038
BANK_021,SCN_0348,Stressed,Stressed,0.0,1.0,0.0
BANK_022,SCN_0348,Stressed,Stressed,0.0,1.0,0.0
BANK_023,SCN_0348,Healthy,Healthy,1.0,0.0,0.0
BANK_024,SCN_0348,Healthy,Healthy,1.0,0.0,0.0
BANK_025,SCN_0348,Healthy,Healthy,1.0,0.0,0.0
BANK_026,SCN_0348,Healthy,Healthy,1.0,0.0,0.0
BANK_027,SCN_0348,Healthy,Healthy,1.0,0.0,0.0
BANK_028,SCN_0348,Stressed,Stressed,0.016,0.984,0.0
BANK_029,SCN_0348,Stressed,Stressed,0.02,0.98,0.0
BANK_030,SCN_0348,Critical,Critical,0.0,0.0,1.0
BANK_031,SCN_0348,Healthy,Healthy,1.0,0.0,0.0
BANK_032,SCN_0348,Healthy,Healthy,1.0,0.0,0.0
BANK_033,SCN_0348,Stressed,Stressed,0.23,0.77,0.0
BANK_034,SCN_0348,Healthy,Healthy,1.0,0.0,0.0
BANK_035,SCN_0348,Healthy,Healthy,1.0,0.0,0.0
BANK_036,SCN_0348,Healthy,Healthy,1.0,0.0,0.0
BANK_037,SCN_0348,Healthy,Healthy,1.0,0.0,0.0
BANK_038,SCN_0348,Healthy,Healthy,1.0,0.0,0.0
BANK_039,SCN_0348,Healthy,Healthy,1.0,0.0,0.0
BANK_040,SCN_0348,Healthy,Healthy,1.0,0.0,0.0
BANK_001,SCN_0353,Healthy,Healthy,1.0,0.0,0.0
BANK_002,SCN_0353,Healthy,Healthy,0.998,0.002,0.0
BANK_003,SCN_0353,Healthy,Healthy,1.0,0.0,0.0
BANK_004,SCN_0353,Healthy,Healthy,1.0,0.0,0.0
BANK_005,SCN_0353,Healthy,Healthy,1.0,0.0,0.0
BANK_006,SCN_0353,Stressed,Stressed,0.0,1.0,0.0
BANK_007,SCN_0353,Healthy,Healthy,1.0,0.0,0.0
BANK_008,SCN_0353,Stressed,Stressed,0.0,1.0,0.0
BANK_009,SCN_0353,Healthy,Healthy,1.0,0.0,0.0
BANK_010,SCN_0353,Healthy,Stressed,0.108,0.892,0.0
BANK_011,SCN_0353,Healthy,Healthy,1.0,0.0,0.0
BANK_012,SCN_0353,Healthy,Healthy,1.0,0.0,0.0
BANK_013,SCN_0353,Critical,Critical,0.0,0.0,1.0
BANK_014,SCN_0353,Healthy,Healthy,0.994,0.006,0.0
BANK_015,SCN_0353,Stressed,Stressed,0.0,1.0,0.0
BANK_016,SCN_0353,Healthy,Healthy,1.0,0.0,0.0
BANK_017,SCN_0353,Stressed,Stressed,0.032,0.968,0.0
BANK_018,SCN_0353,Healthy,Healthy,1.0,0.0,0.0
BANK_019,SCN_0353,Critical,Critical,0.0,0.0,1.0
BANK_020,SCN_0353,Critical,Stressed,0.0,0.904,0.096
BANK_021,SCN_0353,Stressed,Stressed,0.0,1.0,0.0
BANK_022,SCN_0353,Critical,Stressed,0.0,0.948,0.052
BANK_023,SCN_0353,Healthy,Healthy,1.0,0.0,0.0
BANK_024,SCN_0353,Healthy,Healthy,1.0,0.0,0.0
BANK_025,SCN_0353,Healthy,Healthy,1.0,0.0,0.0
BANK_026,SCN_0353,Healthy,Healthy,1.0,0.0,0.0
BANK_027,SCN_0353,Healthy,Healthy,1.0,0.0,0.0
BANK_028,SCN_0353,Stressed,Stressed,0.0,1.0,0.0
BANK_029,SCN_0353,Stressed,Stressed,0.0,1.0,0.0
BANK_030,SCN_0353,Critical,Critical,0.0,0.0,1.0
BANK_031,SCN_0353,Healthy,Healthy,1.0,0.0,0.0
BANK_032,SCN_0353,Healthy,Healthy,1.0,0.0,0.0
BANK_033,SCN_0353,Stressed,Stressed,0.194,0.806,0.0
BANK_034,SCN_0353,Healthy,Healthy,0.908,0.092,0.0
BANK_035,SCN_0353,Healthy,Healthy,1.0,0.0,0.0
BANK_036,SCN_0353,Healthy,Healthy,1.0,0.0,0.0
BANK_037,SCN_0353,Healthy,Healthy,0.956,0.044,0.0
BANK_038,SCN_0353,Healthy,Healthy,1.0,0.0,0.0
BANK_039,SCN_0353,Healthy,Healthy,1.0,0.0,0.0
BANK_040,SCN_0353,Healthy,Healthy,1.0,0.0,0.0
BANK_001,SCN_0357,Healthy,Healthy,1.0,0.0,0.0
BANK_002,SCN_0357,Healthy,Healthy,1.0,0.0,0.0
BANK_003,SCN_0357,Healthy,Healthy,1.0,0.0,0.0
BANK_004,SCN_0357,Healthy,Healthy,1.0,0.0,0.0
BANK_005,SCN_0357,Healthy,Healthy,1.0,0.0,0.0
BANK_006,SCN_0357,Stressed,Stressed,0.0,1.0,0.0
BANK_007,SCN_0357,Healthy,Healthy,1.0,0.0,0.0
BANK_008,SCN_0357,Stressed,Stressed,0.0,1.0,0.0
BANK_009,SCN_0357,Healthy,Healthy,1.0,0.0,0.0
BANK_010,SCN_0357,Stressed,Healthy,0.756,0.244,0.0
BANK_011,SCN_0357,Healthy,Healthy,1.0,0.0,0.0
BANK_012,SCN_0357,Healthy,Healthy,1.0,0.0,0.0
BANK_013,SCN_0357,Critical,Critical,0.0,0.0,1.0
BANK_014,SCN_0357,Stressed,Healthy,0.89,0.11,0.0
BANK_015,SCN_0357,Stressed,Stressed,0.0,1.0,0.0
BANK_016,SCN_0357,Healthy,Healthy,1.0,0.0,0.0
BANK_017,SCN_0357,Stressed,Stressed,0.0,1.0,0.0
BANK_018,SCN_0357,Healthy,Healthy,1.0,0.0,0.0
BANK_019,SCN_0357,Critical,Critical,0.0,0.0,1.0
BANK_020,SCN_0357,Stressed,Critical,0.0,0.0,1.0
BANK_021,SCN_0357,Stressed,Stressed,0.0,1.0,0.0
BANK_022,SCN_0357,Critical,Stressed,0.0,0.872,0.128
BANK_023,SCN_0357,Healthy,Healthy,0.998,0.002,0.0
BANK_024,SCN_0357,Healthy,Healthy,1.0,0.0,0.0
BANK_025,SCN_0357,Healthy,Healthy,0.878,0.122,0.0
BANK_026,SCN_0357,Healthy,Healthy,1.0,0.0,0.0
BANK_027,SCN_0357,Healthy,Healthy,0.774,0.226,0.0
BANK_028,SCN_0357,Stressed,Stressed,0.0,1.0,0.0
BANK_029,SCN_0357,Stressed,Stressed,0.0,1.0,0.0
BANK_030,SCN_0357,Critical,Critical,0.0,0.0,1.0
BANK_031,SCN_0357,Healthy,Healthy,1.0,0.0,0.0
BANK_032,SCN_0357,Healthy,Healthy,1.0,0.0,0.0
BANK_033,SCN_0357,Stressed,Stressed,0.0,1.0,0.0
BANK_034,SCN_0357,Stressed,Healthy,0.728,0.272,0.0
BANK_035,SCN_0357,Healthy,Healthy,1.0,0.0,0.0
BANK_036,SCN_0357,Healthy,Healthy,1.0,0.0,0.0
BANK_037,SCN_0357,Stressed,Stressed,0.324,0.676,0.0
BANK_038,SCN_0357,Healthy,Healthy,1.0,0.0,0.0
BANK_039,SCN_0357,Healthy,Healthy,1.0,0.0,0.0
BANK_040,SCN_0357,Healthy,Healthy,1.0,0.0,0.0
BANK_001,SCN_0362,Healthy,Healthy,1.0,0.0,0.0
BANK_002,SCN_0362,Healthy,Healthy,1.0,0.0,0.0
BANK_003,SCN_0362,Healthy,Healthy,1.0,0.0,0.0
BANK_004,SCN_0362,Healthy,Healthy,1.0,0.0,0.0
BANK_005,SCN_0362,Healthy,Healthy,1.0,0.0,0.0
BANK_006,SCN_0362,Stressed,Stressed,0.0,1.0,0.0
BANK_007,SCN_0362,Healthy,Healthy,1.0,0.0,0.0
BANK_008,SCN_0362,Stressed,Stressed,0.012,0.988,0.0
BANK_009,SCN_0362,Healthy,Healthy,1.0,0.0,0.0
BANK_010,SCN_0362,Healthy,Healthy,1.0,0.0,0.0
BANK_011,SCN_0362,Healthy,Healthy,1.0,0.0,0.0
BANK_012,SCN_0362,Healthy,Healthy,1.0,0.0,0.0
BANK_013,SCN_0362,Critical,Critical,0.0,0.0,1.0
BANK_014,SCN_0362,Healthy,Healthy,1.0,0.0,0.0
BANK_015,SCN_0362,Stressed,Stressed,0.0,1.0,0.0
BANK_016,SCN_0362,Healthy,Healthy,1.0,0.0,0.0
BANK_017,SCN_0362,Stressed,Stressed,0.0,1.0,0.0
BANK_018,SCN_0362,Healthy,Healthy,1.0,0.0,0.0
BANK_019,SCN_0362,Critical,Critical,0.0,0.0,1.0
BANK_020,SCN_0362,Critical,Critical,0.0,0.11,0.89
BANK_021,SCN_0362,Stressed,Stressed,0.0,1.0,0.0
BANK_022,SCN_0362,Stressed,Stressed,0.0,0.668,0.332
BANK_023,SCN_0362,Healthy,Healthy,1.0,0.0,0.0
BANK_024,SCN_0362,Healthy,Healthy,1.0,0.0,0.0
BANK_025,SCN_0362,Healthy,Healthy,1.0,0.0,0.0
BANK_026,SCN_0362,Healthy,Healthy,1.0,0.0,0.0
BANK_027,SCN_0362,Healthy,Healthy,1.0,0.0,0.0
BANK_028,SCN_0362,Stressed,Stressed,0.0,1.0,0.0
BANK_029,SCN_0362,Stressed,Stressed,0.01,0.99,0.0
BANK_030,SCN_0362,Critical,Critical,0.0,0.0,1.0
BANK_031,SCN_0362,Healthy,Healthy,1.0,0.0,0.0
BANK_032,SCN_0362,Healthy,Healthy,1.0,0.0,0.0
BANK_033,SCN_0362,Stressed,Stressed,0.0,1.0,0.0
BANK_034,SCN_0362,Healthy,Healthy,1.0,0.0,0.0
BANK_035,SCN_0362,Healthy,Healthy,1.0,0.0,0.0
BANK_036,SCN_0362,Healthy,Healthy,1.0,0.0,0.0
BANK_037,SCN_0362,Healthy,Healthy,1.0,0.0,0.0
BANK_038,SCN_0362,Healthy,Healthy,1.0,0.0,0.0
BANK_039,SCN_0362,Healthy,Healthy,1.0,0.0,0.0
BANK_040,SCN_0362,Healthy,Healthy,1.0,0.0,0.0
BANK_001,SCN_0363,Healthy,Healthy,1.0,0.0,0.0
BANK_002,SCN_0363,Stressed,Stressed,0.252,0.748,0.0
BANK_003,SCN_0363,Stressed,Stressed,0.12,0.88,0.0
BANK_004,SCN_0363,Healthy,Healthy,0.89,0.11,0.0
BANK_005,SCN_0363,Healthy,Healthy,1.0,0.0,0.0
BANK_006,SCN_0363,Stressed,Stressed,0.0,1.0,0.0
BANK_007,SCN_0363,Healthy,Healthy,1.0,0.0,0.0
BANK_008,SCN_0363,Stressed,Stressed,0.0,1.0,0.0
BANK_009,SCN_0363,Stressed,Stressed,0.142,0.858,0.0
BANK_010,SCN_0363,Stressed,Stressed,0.0,0.998,0.002
BANK_011,SCN_0363,Healthy,Healthy,0.982,0.018,0.0
BANK_012,SCN_0363,Healthy,Healthy,1.0,0.0,0.0
BANK_013,SCN_0363,Critical,Critical,0.0,0.0,1.0
BANK_014,SCN_0363,Stressed,Stressed,0.0,0.89,0.11
BANK_015,SCN_0363,Stressed,Critical,0.0,0.106,0.894
BANK_016,SCN_0363,Healthy,Healthy,1.0,0.0,0.0
BANK_017,SCN_0363,Critical,Critical,0.002,0.014,0.984
BANK_018,SCN_0363,Stressed,Stressed,0.0,1.0,0.0
BANK_019,SCN_0363,Critical,Critical,0.0,0.0,1.0
BANK_020,SCN_0363,Critical,Critical,0.0,0.064,0.936
BANK_021,SCN_0363,Stressed,Critical,0.0,0.026,0.974
BANK_022,SCN_0363,Critical,Critical,0.0,0.014,0.986
BANK_023,SCN_0363,Stressed,Stressed,0.006,0.994,0.0
BANK_024,SCN_0363,Stressed,Stressed,0.0,1.0,0.0
BANK_025,SCN_0363,Healthy,Stressed,0.002,0.998,0.0
BANK_026,SCN_0363,Stressed,Stressed,0.304,0.696,0.0
BANK_027,SCN_0363,Stressed,Stressed,0.13,0.87,0.0
BANK_028,SCN_0363,Critical,Critical,0.0,0.318,0.682
BANK_029,SCN_0363,Stressed,Critical,0.0,0.234,0.766
BANK_030,SCN_0363,Critical,Critical,0.0,0.0,1.0
BANK_031,SCN_0363,Healthy,Healthy,1.0,0.0,0.0
BANK_032,SCN_0363,Stressed,Stressed,0.026,0.974,0.0
BANK_033,SCN_0363,Critical,Critical,0.0,0.254,0.746
BANK_034,SCN_0363,Stressed,Stressed,0.0,1.0,0.0
BANK_035,SCN_0363,Healthy,Healthy,1.0,0.0,0.0
BANK_036,SCN_0363,Healthy,Healthy,0.986,0.014,0.0
BANK_037,SCN_0363,Stressed,Stressed,0.0,0.944,0.056
BANK_038,SCN_0363,Stressed,Stressed,0.0,1.0,0.0
BANK_039,SCN_0363,Healthy,Healthy,0.994,0.006,0.0
BANK_040,SCN_0363,Healthy,Healthy,0.99,0.01,0.0
BANK_001,SCN_0372,Healthy,Healthy,1.0,0.0,0.0
BANK_002,SCN_0372,Stressed,Healthy,0.898,0.102,0.0
BANK_003,SCN_0372,Stressed,Stressed,0.016,0.984,0.0
BANK_004,SCN_0372,Healthy,Healthy,1.0,0.0,0.0
BANK_005,SCN_0372,Healthy,Healthy,1.0,0.0,0.0
BANK_006,SCN_0372,Stressed,Stressed,0.0,1.0,0.0
BANK_007,SCN_0372,Healthy,Healthy,1.0,0.0,0.0
BANK_008,SCN_0372,Stressed,Stressed,0.0,1.0,0.0
BANK_009,SCN_0372,Healthy,Healthy,1.0,0.0,0.0
BANK_010,SCN_0372,Stressed,Stressed,0.0,1.0,0.0
BANK_011,SCN_0372,Healthy,Healthy,1.0,0.0,0.0
BANK_012,SCN_0372,Healthy,Healthy,1.0,0.0,0.0
BANK_013,SCN_0372,Critical,Critical,0.0,0.0,1.0
BANK_014,SCN_0372,Stressed,Stressed,0.188,0.812,0.0
BANK_015,SCN_0372,Stressed,Critical,0.0,0.378,0.622
BANK_016,SCN_0372,Healthy,Healthy,1.0,0.0,0.0
BANK_017,SCN_0372,Stressed,Stressed,0.0,0.99,0.01
BANK_018,SCN_0372,Stressed,Healthy,0.622,0.378,0.0
BANK_019,SCN_0372,Critical,Critical,0.0,0.0,1.0
BANK_020,SCN_0372,Critical,Critical,0.0,0.006,0.994
BANK_021,SCN_0372,Critical,Stressed,0.0,0.736,0.264
BANK_022,SCN_0372,Critical,Critical,0.0,0.0,1.0
BANK_023,SCN_0372,Healthy,Healthy,1.0,0.0,0.0
BANK_024,SCN_0372,Stressed,Stressed,0.0,1.0,0.0
BANK_025,SCN_0372,Stressed,Stressed,0.342,0.658,0.0
BANK_026,SCN_0372,Stressed,Healthy,1.0,0.0,0.0
BANK_027,SCN_0372,Stressed,Healthy,0.764,0.236,0.0
BANK_028,SCN_0372,Stressed,Stressed,0.0,1.0,0.0
BANK_029,SCN_0372,Critical,Stressed,0.0,1.0,0.0
BANK_030,SCN_0372,Critical,Critical,0.0,0.0,1.0
BANK_031,SCN_0372,Healthy,Healthy,1.0,0.0,0.0
BANK_032,SCN_0372,Healthy,Healthy,1.0,0.0,0.0
BANK_033,SCN_0372,Stressed,Stressed,0.0,0.99,0.01
BANK_034,SCN_0372,Stressed,Stressed,0.382,0.618,0.0
BANK_035,SCN_0372,Healthy,Healthy,1.0,0.0,0.0
BANK_036,SCN_0372,Stressed,Healthy,1.0,0.0,0.0
BANK_037,SCN_0372,Stressed,Stressed,0.0,1.0,0.0
BANK_038,SCN_0372,Stressed,Stressed,0.342,0.658,0.0
BANK_039,SCN_0372,Healthy,Healthy,1.0,0.0,0.0
BANK_040,SCN_0372,Healthy,Healthy,1.0,0.0,0.0
BANK_001,SCN_0375,Healthy,Healthy,1.0,0.0,0.0
BANK_002,SCN_0375,Stressed,Healthy,0.986,0.014,0.0
BANK_003,SCN_0375,Stressed,Healthy,0.742,0.258,0.0
BANK_004,SCN_0375,Healthy,Healthy,0.98,0.02,0.0
BANK_005,SCN_0375,Healthy,Healthy,1.0,0.0,0.0
BANK_006,SCN_0375,Stressed,Stressed,0.0,1.0,0.0
BANK_007,SCN_0375,Healthy,Healthy,1.0,0.0,0.0
BANK_008,SCN_0375,Stressed,Stressed,0.0,1.0,0.0
BANK_009,SCN_0375,Healthy,Healthy,0.962,0.038,0.0
BANK_010,SCN_0375,Stressed,Stressed,0.184,0.816,0.0
BANK_011,SCN_0375,Healthy,Healthy,0.998,0.002,0.0
BANK_012,SCN_0375,Healthy,Healthy,0.998,0.002,0.0
BANK_013,SCN_0375,Critical,Critical,0.0,0.0,1.0
BANK_014,SCN_0375,Healthy,Stressed,0.268,0.732,0.0
BANK_015,SCN_0375,Stressed,Stressed,0.0,1.0,0.0
BANK_016,SCN_0375,Healthy,Healthy,1.0,0.0,0.0
BANK_017,SCN_0375,Stressed,Stressed,0.0,1.0,0.0
BANK_018,SCN_0375,Healthy,Stressed,0.362,0.638,0.0
BANK_019,SCN_0375,Critical,Critical,0.0,0.0,1.0
BANK_020,SCN_0375,Stressed,Critical,0.0,0.214,0.786
BANK_021,SCN_0375,Stressed,Stressed,0.0,0.974,0.026
BANK_022,SCN_0375,Critical,Critical,0.0,0.078,0.922
BANK_023,SCN_0375,Healthy,Healthy,0.998,0.002,0.0
BANK_024,SCN_0375,Healthy,Stressed,0.136,0.864,0.0
BANK_025,SCN_0375,Healthy,Stressed,0.172,0.828,0.0
BANK_026,SCN_0375,Healthy,Healthy,0.974,0.026,0.0
BANK_027,SCN_0375,Healthy,Healthy,0.904,0.096,0.0
BANK_028,SCN_0375,Stressed,Stressed,0.0,1.0,0.0
BANK_029,SCN_0375,Stressed,Stressed,0.0,1.0,0.0
BANK_030,SCN_0375,Critical,Critical,0.0,0.0,1.0
BANK_031,SCN_0375,Healthy,Healthy,0.998,0.002,0.0
BANK_032,SCN_0375,Healthy,Healthy,1.0,0.0,0.0
BANK_033,SCN_0375,Stressed,Stressed,0.0,1.0,0.0
BANK_034,SCN_0375,Stressed,Stressed,0.122,0.878,0.0
BANK_035,SCN_0375,Healthy,Healthy,0.998,0.002,0.0
BANK_036,SCN_0375,Healthy,Healthy,1.0,0.0,0.0
BANK_037,SCN_0375,Stressed,Stressed,0.028,0.972,0.0
BANK_038,SCN_0375,Healthy,Stressed,0.372,0.628,0.0
BANK_039,SCN_0375,Healthy,Healthy,1.0,0.0,0.0
BANK_040,SCN_0375,Healthy,Healthy,1.0,0.0,0.0
BANK_001,SCN_0378,Healthy,Healthy,0.99,0.01,0.0
BANK_002,SCN_0378,Stressed,Stressed,0.0,0.998,0.002
BANK_003,SCN_0378,Stressed,Critical,0.0,0.328,0.672
BANK_004,SCN_0378,Healthy,Stressed,0.146,0.854,0.0
BANK_005,SCN_0378,Healthy,Healthy,1.0,0.0,0.0
BANK_006,SCN_0378,Stressed,Stressed,0.0,1.0,0.0
BANK_007,SCN_0378,Healthy,Healthy,1.0,0.0,0.0
BANK_008,SCN_0378,Stressed,Stressed,0.0,1.0,0.0
BANK_009,SCN_0378,Stressed,Stressed,0.132,0.868,0.0
BANK_010,SCN_0378,Stressed,Critical,0.0,0.0,1.0
BANK_011,SCN_0378,Healthy,Stressed,0.136,0.864,0.0
BANK_012,SCN_0378,Healthy,Healthy,1.0,0.0,0.0
BANK_013,SCN_0378,Critical,Critical,0.0,0.0,1.0
BANK_014,SCN_0378,Critical,Stressed,0.0,0.766,0.234
BANK_015,SCN_0378,Stressed,Critical,0.0,0.0,1.0
BANK_016,SCN_0378,Healthy,Healthy,1.0,0.0,0.0
BANK_017,SCN_0378,Critical,Critical,0.0,0.096,0.904
BANK_018,SCN_0378,Stressed,Stressed,0.0,1.0,0.0
BANK_019,SCN_0378,Critical,Critical,0.0,0.0,1.0
BANK_020,SCN_0378,Critical,Critical,0.0,0.0,1.0
BANK_021,SCN_0378,Critical,Critical,0.0,0.266,0.734
BANK_022,SCN_0378,Critical,Critical,0.0,0.0,1.0
BANK_023,SCN_0378,Stressed,Stressed,0.0,1.0,0.0
BANK_024,SCN_0378,Stressed,Stressed,0.0,1.0,0.0
BANK_025,SCN_0378,Healthy,Stressed,0.0,1.0,0.0
BANK_026,SCN_0378,Healthy,Stressed,0.116,0.884,0.0
BANK_027,SCN_0378,Stressed,Stressed,0.0,0.92,0.08
BANK_028,SCN_0378,Critical,Critical,0.0,0.312,0.688
BANK_029,SCN_0378,Critical,Stressed,0.0,0.626,0.374
BANK_030,SCN_0378,Critical,Critical,0.0,0.0,1.0
BANK_031,SCN_0378,Healthy,Healthy,1.0,0.0,0.0
BANK_032,SCN_0378,Stressed,Stressed,0.0,1.0,0.0
BANK_033,SCN_0378,Stressed,Critical,0.0,0.12,0.88
BANK_034,SCN_0378,Stressed,Stressed,0.0,0.974,0.026
BANK_035,SCN_0378,Healthy,Healthy,1.0,0.0,0.0
BANK_036,SCN_0378,Stressed,Healthy,0.736,0.264,0.0
BANK_037,SCN_0378,Stressed,Critical,0.0,0.108,0.892
BANK_038,SCN_0378,Stressed,Stressed,0.0,1.0,0.0
BANK_039,SCN_0378,Healthy,Healthy,1.0,0.0,0.0
BANK_040,SCN_0378,Healthy,Stressed,0.118,0.882,0.0
BANK_001,SCN_0382,Healthy,Healthy,1.0,0.0,0.0
BANK_002,SCN_0382,Healthy,Healthy,0.98,0.02,0.0
BANK_003,SCN_0382,Stressed,Stressed,0.338,0.662,0.0
BANK_004,SCN_0382,Stressed,Healthy,0.998,0.002,0.0
BANK_005,SCN_0382,Healthy,Healthy,1.0,0.0,0.0
BANK_006,SCN_0382,Stressed,Stressed,0.0,1.0,0.0
BANK_007,SCN_0382,Healthy,Healthy,1.0,0.0,0.0
BANK_008,SCN_0382,Stressed,Stressed,0.0,1.0,0.0
BANK_009,SCN_0382,Healthy,Healthy,0.994,0.006,0.0
BANK_010,SCN_0382,Healthy,Healthy,0.624,0.376,0.0
BANK_011,SCN_0382,Healthy,Healthy,1.0,0.0,0.0
BANK_012,SCN_0382,Healthy,Healthy,1.0,0.0,0.0
BANK_013,SCN_0382,Critical,Critical,0.0,0.0,1.0
BANK_014,SCN_0382,Stressed,Healthy,0.664,0.336,0.0
BANK_015,SCN_0382,Stressed,Stressed,0.0,0.99,0.01
BANK_016,SCN_0382,Healthy,Healthy,1.0,0.0,0.0
BANK_017,SCN_0382,Stressed,Stressed,0.0,1.0,0.0
BANK_018,SCN_0382,Stressed,Healthy,0.956,0.044,0.0
BANK_019,SCN_0382,Critical,Critical,0.0,0.0,1.0
BANK_020,SCN_0382,Critical,Stressed,0.0,0.612,0.388
BANK_021,SCN_0382,Stressed,Stressed,0.0,0.93,0.07
BANK_022,SCN_0382,Critical,Critical,0.0,0.21,0.79
BANK_023,SCN_0382,Healthy,Healthy,1.0,0.0,0.0
BANK_024,SCN_0382,Stressed,Stressed,0.25,0.75,0.0
BANK_025,SCN_0382,Stressed,Stressed,0.36,0.64,0.0
BANK_026,SCN_0382,Healthy,Healthy,0.998,0.002,0.0
BANK_027,SCN_0382,Healthy,Healthy,0.79,0.21,0.0
BANK_028,SCN_0382,Stressed,Stressed,0.0,1.0,0.0
BANK_029,SCN_0382,Stressed,Stressed,0.0,1.0,0.0
BANK_030,SCN_0382,Critical,Critical,0.0,0.0,1.0
BANK_031,SCN_0382,Healthy,Healthy,1.0,0.0,0.0
BANK_032,SCN_0382,Healthy,Healthy,1.0,0.0,0.0
BANK_033,SCN_0382,Stressed,Stressed,0.0,1.0,0.0
BANK_034,SCN_0382,Healthy,Stressed,0.31,0.69,0.0
BANK_035,SCN_0382,Healthy,Healthy,1.0,0.0,0.0
BANK_036,SCN_0382,Healthy,Healthy,1.0,0.0,0.0
BANK_037,SCN_0382,Stressed,Stressed,0.022,0.978,0.0
BANK_038,SCN_0382,Healthy,Healthy,0.95,0.05,0.0
BANK_039,SCN_0382,Healthy,Healthy,1.0,0.0,0.0
BANK_040,SCN_0382,Healthy,Healthy,1.0,0.0,0.0
BANK_001,SCN_0385,Healthy,Healthy,1.0,0.0,0.0
BANK_002,SCN_0385,Healthy,Healthy,0.998,0.002,0.0
BANK_003,SCN_0385,Healthy,Stressed,0.348,0.652,0.0
BANK_004,SCN_0385,Healthy,Stressed,0.16,0.84,0.0
BANK_005,SCN_0385,Healthy,Healthy,1.0,0.0,0.0
BANK_006,SCN_0385,Stressed,Stressed,0.0,1.0,0.0
BANK_007,SCN_0385,Healthy,Healthy,1.0,0.0,0.0
BANK_008,SCN_0385,Stressed,Stressed,0.0,1.0,0.0
BANK_009,SCN_0385,Healthy,Healthy,0.988,0.012,0.0
BANK_010,SCN_0385,Stressed,Stressed,0.076,0.924,0.0
BANK_011,SCN_0385,Healthy,Healthy,1.0,0.0,0.0
BANK_012,SCN_0385,Healthy,Healthy,1.0,0.0,0.0
BANK_013,SCN_0385,Critical,Critical,0.0,0.0,1.0
BANK_014,SCN_0385,Stressed,Healthy,0.646,0.354,0.0
BANK_015,SCN_0385,Stressed,Stressed,0.0,0.854,0.146
BANK_016,SCN_0385,Healthy,Healthy,1.0,0.0,0.0
BANK_017,SCN_0385,Stressed,Stressed,0.094,0.862,0.044
BANK_018,SCN_0385,Stressed,Stressed,0.104,0.896,0.0
BANK_019,SCN_0385,Critical,Critical,0.0,0.0,1.0
BANK_020,SCN_0385,Critical,Critical,0.0,0.086,0.914
BANK_021,SCN_0385,Critical,Stressed,0.0,0.998,0.002
BANK_022,SCN_0385,Critical,Critical,0.0,0.0,1.0
BANK_023,SCN_0385,Healthy,Healthy,1.0,0.0,0.0
BANK_024,SCN_0385,Stressed,Stressed,0.0,1.0,0.0
BANK_025,SCN_0385,Healthy,Stressed,0.102,0.898,0.0
BANK_026,SCN_0385,Healthy,Healthy,0.984,0.016,0.0
BANK_027,SCN_0385,Healthy,Healthy,1.0,0.0,0.0
BANK_028,SCN_0385,Stressed,Stressed,0.0,0.768,0.232
BANK_029,SCN_0385,Stressed,Stressed,0.0,0.984,0.016
BANK_030,SCN_0385,Critical,Critical,0.0,0.0,1.0
BANK_031,SCN_0385,Healthy,Healthy,1.0,0.0,0.0
BANK_032,SCN_0385,Healthy,Healthy,1.0,0.0,0.0
BANK_033,SCN_0385,Stressed,Stressed,0.0,0.872,0.128
BANK_034,SCN_0385,Healthy,Healthy,0.958,0.042,0.0
BANK_035,SCN_0385,Healthy,Healthy,1.0,0.0,0.0
BANK_036,SCN_0385,Healthy,Healthy,0.988,0.012,0.0
BANK_037,SCN_0385,Stressed,Stressed,0.0,1.0,0.0
BANK_038,SCN_0385,Stressed,Healthy,0.854,0.146,0.0
BANK_039,SCN_0385,Healthy,Healthy,1.0,0.0,0.0
BANK_040,SCN_0385,Healthy,Healthy,1.0,0.0,0.0
BANK_001,SCN_0389,Healthy,Healthy,1.0,0.0,0.0
BANK_002,SCN_0389,Healthy,Healthy,1.0,0.0,0.0
BANK_003,SCN_0389,Healthy,Healthy,0.744,0.256,0.0
BANK_004,SCN_0389,Healthy,Healthy,1.0,0.0,0.0
BANK_005,SCN_0389,Healthy,Healthy,1.0,0.0,0.0
BANK_006,SCN_0389,Stressed,Stressed,0.0,1.0,0.0
BANK_007,SCN_0389,Healthy,Healthy,1.0,0.0,0.0
BANK_008,SCN_0389,Stressed,Stressed,0.0,1.0,0.0
BANK_009,SCN_0389,Healthy,Healthy,1.0,0.0,0.0
BANK_010,SCN_0389,Stressed,Healthy,0.634,0.366,0.0
BANK_011,SCN_0389,Healthy,Healthy,1.0,0.0,0.0
BANK_012,SCN_0389,Healthy,Healthy,1.0,0.0,0.0
BANK_013,SCN_0389,Critical,Critical,0.0,0.0,1.0
BANK_014,SCN_0389,Healthy,Healthy,0.624,0.376,0.0
BANK_015,SCN_0389,Stressed,Stressed,0.0,1.0,0.0
BANK_016,SCN_0389,Healthy,Healthy,1.0,0.0,0.0
BANK_017,SCN_0389,Stressed,Stressed,0.0,1.0,0.0
BANK_018,SCN_0389,Healthy,Healthy,1.0,0.0,0.0
BANK_019,SCN_0389,Critical,Critical,0.0,0.0,1.0
BANK_020,SCN_0389,Critical,Stressed,0.0,0.96,0.04
BANK_021,SCN_0389,Stressed,Stressed,0.0,1.0,0.0
BANK_022,SCN_0389,Critical,Stressed,0.0,0.906,0.094
BANK_023,SCN_0389,Healthy,Healthy,1.0,0.0,0.0
BANK_024,SCN_0389,Healthy,Healthy,1.0,0.0,0.0
BANK_025,SCN_0389,Healthy,Healthy,0.852,0.148,0.0
BANK_026,SCN_0389,Healthy,Healthy,1.0,0.0,0.0
BANK_027,SCN_0389,Healthy,Healthy,1.0,0.0,0.0
BANK_028,SCN_0389,Stressed,Stressed,0.0,1.0,0.0
BANK_029,SCN_0389,Stressed,Stressed,0.0,1.0,0.0
BANK_030,SCN_0389,Critical,Critical,0.0,0.0,1.0
BANK_031,SCN_0389,Healthy,Healthy,1.0,0.0,0.0
BANK_032,SCN_0389,Healthy,Healthy,1.0,0.0,0.0
BANK_033,SCN_0389,Stressed,Stressed,0.034,0.76,0.206
BANK_034,SCN_0389,Stressed,Healthy,0.674,0.326,0.0
BANK_035,SCN_0389,Healthy,Healthy,1.0,0.0,0.0
BANK_036,SCN_0389,Healthy,Healthy,1.0,0.0,0.0
BANK_037,SCN_0389,Stressed,Healthy,0.634,0.366,0.0
BANK_038,SCN_0389,Healthy,Healthy,0.75,0.25,0.0
BANK_039,SCN_0389,Healthy,Healthy,1.0,0.0,0.0
BANK_040,SCN_0389,Healthy,Healthy,1.0,0.0,0.0
BANK_001,SCN_0392,Healthy,Healthy,1.0,0.0,0.0
BANK_002,SCN_0392,Healthy,Healthy,1.0,0.0,0.0
BANK_003,SCN_0392,Healthy,Healthy,1.0,0.0,0.0
BANK_004,SCN_0392,Healthy,Healthy,1.0,0.0,0.0
BANK_005,SCN_0392,Healthy,Healthy,1.0,0.0,0.0
BANK_006,SCN_0392,Stressed,Stressed,0.0,1.0,0.0
BANK_007,SCN_0392,Healthy,Healthy,1.0,0.0,0.0
BANK_008,SCN_0392,Stressed,Stressed,0.244,0.756,0.0
BANK_009,SCN_0392,Healthy,Healthy,1.0,0.0,0.0
BANK_010,SCN_0392,Healthy,Stressed,0.37,0.63,0.0
BANK_011,SCN_0392,Healthy,Healthy,1.0,0.0,0.0
BANK_012,SCN_0392,Healthy,Healthy,1.0,0.0,0.0
BANK_013,SCN_0392,Critical,Critical,0.0,0.0,1.0
BANK_014,SCN_0392,Healthy,Healthy,0.994,0.006,0.0
BANK_015,SCN_0392,Stressed,Stressed,0.0,1.0,0.0
BANK_016,SCN_0392,Healthy,Healthy,1.0,0.0,0.0
BANK_017,SCN_0392,Stressed,Healthy,0.648,0.352,0.0
BANK_018,SCN_0392,Healthy,Healthy,1.0,0.0,0.0
BANK_019,SCN_0392,Critical,Critical,0.0,0.0,1.0
BANK_020,SCN_0392,Critical,Critical,0.0,0.344,0.656
BANK_021,SCN_0392,Stressed,Stressed,0.014,0.986,0.0
BANK_022,SCN_0392,Stressed,Critical,0.0,0.272,0.728
BANK_023,SCN_0392,Healthy,Healthy,1.0,0.0,0.0
BANK_024,SCN_0392,Healthy,Healthy,1.0,0.0,0.0
BANK_025,SCN_0392,Healthy,Healthy,1.0,0.0,0.0
BANK_026,SCN_0392,Healthy,Healthy,1.0,0.0,0.0
BANK_027,SCN_0392,Healthy,Healthy,1.0,0.0,0.0
BANK_028,SCN_0392,Stressed,Healthy,0.558,0.442,0.0
BANK_029,SCN_0392,Stressed,Stressed,0.0,1.0,0.0
BANK_030,SCN_0392,Critical,Critical,0.0,0.0,1.0
BANK_031,SCN_0392,Healthy,Healthy,1.0,0.0,0.0
BANK_032,SCN_0392,Healthy,Healthy,1.0,0.0,0.0
BANK_033,SCN_0392,Stressed,Stressed,0.0,1.0,0.0
BANK_034,SCN_0392,Healthy,Healthy,1.0,0.0,0.0
BANK_035,SCN_0392,Healthy,Healthy,1.0,0.0,0.0
BANK_036,SCN_0392,Healthy,Healthy,1.0,0.0,0.0
BANK_037,SCN_0392,Healthy,Healthy,1.0,0.0,0.0
BANK_038,SCN_0392,Healthy,Healthy,1.0,0.0,0.0
BANK_039,SCN_0392,Healthy,Healthy,1.0,0.0,0.0
BANK_040,SCN_0392,Healthy,Healthy,1.0,0.0,0.0
BANK_001,SCN_0395,Healthy,Healthy,0.998,0.002,0.0
BANK_002,SCN_0395,Healthy,Healthy,0.956,0.044,0.0
BANK_003,SCN_0395,Healthy,Healthy,0.658,0.342,0.0
BANK_004,SCN_0395,Healthy,Stressed,0.388,0.612,0.0
BANK_005,SCN_0395,Healthy,Healthy,1.0,0.0,0.0
BANK_006,SCN_0395,Stressed,Stressed,0.0,1.0,0.0
BANK_007,SCN_0395,Healthy,Healthy,1.0,0.0,0.0
BANK_008,SCN_0395,Stressed,Stressed,0.0,1.0,0.0
BANK_009,SCN_0395,Healthy,Healthy,0.956,0.044,0.0
BANK_010,SCN_0395,Healthy,Stressed,0.0,1.0,0.0
BANK_011,SCN_0395,Healthy,Healthy,0.998,0.002,0.0
BANK_012,SCN_0395,Healthy,Healthy,1.0,0.0,0.0
BANK_013,SCN_0395,Critical,Critical,0.0,0.0,1.0
BANK_014,SCN_0395,Stressed,Stressed,0.0,1.0,0.0
BANK_015,SCN_0395,Critical,Critical,0.0,0.132,0.868
BANK_016,SCN_0395,Healthy,Healthy,0.998,0.002,0.0
BANK_017,SCN_0395,Stressed,Stressed,0.0,0.888,0.112
BANK_018,SCN_0395,Stressed,Stressed,0.0,1.0,0.0
BANK_019,SCN_0395,Critical,Critical,0.0,0.0,1.0
BANK_020,SCN_0395,Critical,Critical,0.0,0.0,1.0
BANK_021,SCN_0395,Critical,Stressed,0.0,0.72,0.28
BANK_022,SCN_0395,Critical,Critical,0.0,0.042,0.958
BANK_023,SCN_0395,Healthy,Healthy,0.842,0.158,0.0
BANK_024,SCN_0395,Stressed,Stressed,0.0,1.0,0.0
BANK_025,SCN_0395,Stressed,Stressed,0.252,0.748,0.0
BANK_026,SCN_0395,Healthy,Healthy,0.96,0.04,0.0
BANK_027,SCN_0395,Stressed,Stressed,0.016,0.984,0.0
BANK_028,SCN_0395,Critical,Critical,0.0,0.104,0.896
BANK_029,SCN_0395,Stressed,Critical,0.0,0.37,0.63
BANK_030,SCN_0395,Critical,Critical,0.0,0.0,1.0
BANK_031,SCN_0395,Healthy,Healthy,1.0,0.0,0.0
BANK_032,SCN_0395,Healthy,Stressed,0.244,0.756,0.0
BANK_033,SCN_0395,Stressed,Stressed,0.0,0.972,0.028
BANK_034,SCN_0395,Stressed,Stressed,0.012,0.988,0.0
BANK_035,SCN_0395,Healthy,Healthy,0.996,0.004,0.0
BANK_036,SCN_0395,Healthy,Healthy,0.952,0.048,0.0
BANK_037,SCN_0395,Stressed,Stressed,0.0,1.0,0.0
BANK_038,SCN_0395,Stressed,Stressed,0.0,1.0,0.0
BANK_039,SCN_0395,Healthy,Healthy,1.0,0.0,0.0
BANK_040,SCN_0395,Healthy,Stressed,0.368,0.632,0.0
BANK_001,SCN_0407,Healthy,Healthy,0.998,0.002,0.0
BANK_002,SCN_0407,Healthy,Stressed,0.114,0.886,0.0
BANK_003,SCN_0407,Stressed,Stressed,0.044,0.956,0.0
BANK_004,SCN_0407,Healthy,Healthy,0.946,0.054,0.0
BANK_005,SCN_0407,Healthy,Healthy,1.0,0.0,0.0
BANK_006,SCN_0407,Stressed,Stressed,0.0,1.0,0.0
BANK_007,SCN_0407,Healthy,Healthy,1.0,0.0,0.0
BANK_008,SCN_0407,Stressed,Stressed,0.0,1.0,0.0
BANK_009,SCN_0407,Stressed,Healthy,0.736,0.264,0.0
BANK_010,SCN_0407,Critical,Stressed,0.002,0.866,0.132
BANK_011,SCN_0407,Healthy,Healthy,0.972,0.028,0.0
BANK_012,SCN_0407,Healthy,Healthy,1.0,0.0,0.0
BANK_013,SCN_0407,Critical,Critical,0.0,0.0,1.0
BANK_014,SCN_0407,Stressed,Stressed,0.02,0.966,0.014
BANK_015,SCN_0407,Critical,Stressed,0.0,0.638,0.362
BANK_016,SCN_0407,Healthy,Healthy,1.0,0.0,0.0
BANK_017,SCN_0407,Critical,Stressed,0.0,0.664,0.336
BANK_018,SCN_0407,Stressed,Stressed,0.002,0.998,0.0
BANK_019,SCN_0407,Critical,Critical,0.0,0.0,1.0
BANK_020,SCN_0407,Critical,Critical,0.0,0.188,0.812
BANK_021,SCN_0407,Stressed,Critical,0.0,0.22,0.78
BANK_022,SCN_0407,Critical,Critical,0.0,0.026,0.974
BANK_023,SCN_0407,Healthy,Stressed,0.188,0.812,0.0
BANK_024,SCN_0407,Stressed,Stressed,0.0,1.0,0.0
BANK_025,SCN_0407,Stressed,Stressed,0.056,0.944,0.0
BANK_026,SCN_0407,Healthy,Healthy,0.966,0.034,0.0
BANK_027,SCN_0407,Healthy,Stressed,0.058,0.942,0.0
BANK_028,SCN_0407,Stressed,Critical,0.0,0.044,0.956
BANK_029,SCN_0407,Critical,Critical,0.0,0.222,0.778
BANK_030,SCN_0407,Critical,Critical,0.0,0.0,1.0
BANK_031,SCN_0407,Healthy,Healthy,1.0,0.0,0.0
BANK_032,SCN_0407,Stressed,Stressed,0.208,0.792,0.0
BANK_033,SCN_0407,Stressed,Critical,0.002,0.172,0.826
BANK_034,SCN_0407,Stressed,Stressed,0.004,0.988,0.008
BANK_035,SCN_0407,Healthy,Healthy,1.0,0.0,0.0
BANK_036,SCN_0407,Healthy,Stressed,0.462,0.538,0.0
BANK_037,SCN_0407,Stressed,Stressed,0.0,0.97,0.03
BANK_038,SCN_0407,Stressed,Stressed,0.11,0.89,0.0
BANK_039,SCN_0407,Healthy,Healthy,0.998,0.002,0.0
BANK_040,SCN_0407,Healthy,Healthy,0.954,0.046,0.0
BANK_001,SCN_0409,Healthy,Healthy,1.0,0.0,0.0
BANK_002,SCN_0409,Healthy,Stressed,0.372,0.628,0.0
BANK_003,SCN_0409,Healthy,Healthy,0.9,0.1,0.0
BANK_004,SCN_0409,Healthy,Healthy,1.0,0.0,0.0
BANK_005,SCN_0409,Healthy,Healthy,1.0,0.0,0.0
BANK_006,SCN_0409,Stressed,Stressed,0.0,1.0,0.0
BANK_007,SCN_0409,Healthy,Healthy,1.0,0.0,0.0
BANK_008,SCN_0409,Stressed,Stressed,0.0,1.0,0.0
BANK_009,SCN_0409,Healthy,Healthy,1.0,0.0,0.0
BANK_010,SCN_0409,Stressed,Stressed,0.06,0.844,0.096
BANK_011,SCN_0409,Healthy,Healthy,1.0,0.0,0.0
BANK_012,SCN_0409,Healthy,Healthy,1.0,0.0,0.0
BANK_013,SCN_0409,Critical,Critical,0.0,0.0,1.0
BANK_014,SCN_0409,Stressed,Stressed,0.014,0.986,0.0
BANK_015,SCN_0409,Stressed,Stressed,0.0,0.602,0.398
BANK_016,SCN_0409,Healthy,Healthy,1.0,0.0,0.0
BANK_017,SCN_0409,Stressed,Stressed,0.03,0.732,0.238
BANK_018,SCN_0409,Stressed,Stressed,0.032,0.968,0.0
BANK_019,SCN_0409,Critical,Critical,0.0,0.0,1.0
BANK_020,SCN_0409,Critical,Critical,0.0,0.046,0.954
BANK_021,SCN_0409,Stressed,Critical,0.0,0.378,0.622
BANK_022,SCN_0409,Stressed,Critical,0.0,0.0,1.0
BANK_023,SCN_0409,Healthy,Healthy,1.0,0.0,0.0
BANK_024,SCN_0409,Stressed,Stressed,0.0,1.0,0.0
BANK_025,SCN_0409,Stressed,Stressed,0.022,0.978,0.0
BANK_026,SCN_0409,Healthy,Healthy,0.982,0.018,0.0
BANK_027,SCN_0409,Healthy,Healthy,1.0,0.0,0.0
BANK_028,SCN_0409,Stressed,Stressed,0.0,0.658,0.342
BANK_029,SCN_0409,Stressed,Stressed,0.0,0.996,0.004
BANK_030,SCN_0409,Critical,Critical,0.0,0.0,1.0
BANK_031,SCN_0409,Healthy,Healthy,1.0,0.0,0.0
BANK_032,SCN_0409,Healthy,Healthy,1.0,0.0,0.0
BANK_033,SCN_0409,Stressed,Critical,0.0,0.108,0.892
BANK_034,SCN_0409,Healthy,Healthy,0.624,0.376,0.0
BANK_035,SCN_0409,Healthy,Healthy,1.0,0.0,0.0
BANK_036,SCN_0409,Healthy,Healthy,1.0,0.0,0.0
BANK_037,SCN_0409,Stressed,Stressed,0.0,1.0,0.0
BANK_038,SCN_0409,Healthy,Healthy,0.648,0.352,0.0
BANK_039,SCN_0409,Healthy,Healthy,1.0,0.0,0.0
BANK_040,SCN_0409,Healthy,Healthy,1.0,0.0,0.0
BANK_001,SCN_0410,Healthy,Healthy,1.0,0.0,0.0
BANK_002,SCN_0410,Healthy,Stressed,0.404,0.596,0.0
BANK_003,SCN_0410,Stressed,Healthy,0.756,0.244,0.0
BANK_004,SCN_0410,Healthy,Stressed,0.4,0.6,0.0
BANK_005,SCN_0410,Healthy,Healthy,1.0,0.0,0.0
BANK_006,SCN_0410,Stressed,Stressed,0.002,0.998,0.0
BANK_007,SCN_0410,Healthy,Healthy,1.0,0.0,0.0
BANK_008,SCN_0410,Stressed,Stressed,0.002,0.998,0.0
BANK_009,SCN_0410,Healthy,Healthy,1.0,0.0,0.0
BANK_010,SCN_0410,Stressed,Stressed,0.0,1.0,0.0
BANK_011,SCN_0410,Healthy,Healthy,0.996,0.004,0.0
BANK_012,SCN_0410,Healthy,Healthy,1.0,0.0,0.0
BANK_013,SCN_0410,Critical,Critical,0.0,0.0,1.0
BANK_014,SCN_0410,Healthy,Healthy,0.626,0.374,0.0
BANK_015,SCN_0410,Stressed,Stressed,0.0,0.97,0.03
BANK_016,SCN_0410,Healthy,Healthy,1.0,0.0,0.0
BANK_017,SCN_0410,Stressed,Stressed,0.0,0.782,0.218
BANK_018,SCN_0410,Healthy,Healthy,0.992,0.008,0.0
BANK_019,SCN_0410,Critical,Critical,0.0,0.0,1.0
BANK_020,SCN_0410,Critical,Critical,0.0,0.288,0.712
BANK_021,SCN_0410,Critical,Stressed,0.0,1.0,0.0
BANK_022,SCN_0410,Critical,Critical,0.0,0.0,1.0
BANK_023,SCN_0410,Healthy,Healthy,0.998,0.002,0.0
BANK_024,SCN_0410,Healthy,Stressed,0.37,0.63,0.0
BANK_025,SCN_0410,Stressed,Healthy,0.874,0.126,0.0
BANK_026,SCN_0410,Healthy,Healthy,1.0,0.0,0.0
BANK_027,SCN_0410,Stressed,Healthy,0.98,0.02,0.0
BANK_028,SCN_0410,Stressed,Stressed,0.0,0.956,0.044
BANK_029,SCN_0410,Stressed,Stressed,0.0,0.988,0.012
BANK_030,SCN_0410,Critical,Critical,0.0,0.0,1.0
BANK_031,SCN_0410,Healthy,Healthy,1.0,0.0,0.0
BANK_032,SCN_0410,Healthy,Healthy,1.0,0.0,0.0
BANK_033,SCN_0410,Stressed,Critical,0.0,0.45,0.55
BANK_034,SCN_0410,Stressed,Stressed,0.252,0.748,0.0
BANK_035,SCN_0410,Healthy,Healthy,1.0,0.0,0.0
BANK_036,SCN_0410,Healthy,Healthy,0.97,0.03,0.0
BANK_037,SCN_0410,Stressed,Healthy,0.616,0.384,0.0
BANK_038,SCN_0410,Healthy,Healthy,0.966,0.034,0.0
BANK_039,SCN_0410,Healthy,Healthy,1.0,0.0,0.0
BANK_040,SCN_0410,Healthy,Healthy,1.0,0.0,0.0
BANK_001,SCN_0411,Healthy,Healthy,1.0,0.0,0.0
BANK_002,SCN_0411,Healthy,Healthy,0.998,0.002,0.0
BANK_003,SCN_0411,Healthy,Healthy,0.772,0.228,0.0
BANK_004,SCN_0411,Healthy,Healthy,1.0,0.0,0.0
BANK_005,SCN_0411,Healthy,Healthy,1.0,0.0,0.0
BANK_006,SCN_0411,Stressed,Stressed,0.0,1.0,0.0
BANK_007,SCN_0411,Healthy,Healthy,1.0,0.0,0.0
BANK_008,SCN_0411,Stressed,Stressed,0.0,1.0,0.0
BANK_009,SCN_0411,Healthy,Healthy,1.0,0.0,0.0
BANK_010,SCN_0411,Stressed,Stressed,0.376,0.624,0.0
BANK_011,SCN_0411,Healthy,Healthy,1.0,0.0,0.0
BANK_012,SCN_0411,Healthy,Healthy,1.0,0.0,0.0
BANK_013,SCN_0411,Critical,Critical,0.0,0.0,1.0
BANK_014,SCN_0411,Healthy,Healthy,0.894,0.106,0.0
BANK_015,SCN_0411,Stressed,Stressed,0.0,1.0,0.0
BANK_016,SCN_0411,Healthy,Healthy,1.0,0.0,0.0
BANK_017,SCN_0411,Stressed,Stressed,0.0,1.0,0.0
BANK_018,SCN_0411,Healthy,Healthy,1.0,0.0,0.0
BANK_019,SCN_0411,Critical,Critical,0.0,0.0,1.0
BANK_020,SCN_0411,Critical,Stressed,0.0,0.882,0.118
BANK_021,SCN_0411,Stressed,Stressed,0.0,1.0,0.0
BANK_022,SCN_0411,Critical,Critical,0.0,0.226,0.774
BANK_023,SCN_0411,Healthy,Healthy,1.0,0.0,0.0
BANK_024,SCN_0411,Healthy,Healthy,1.0,0.0,0.0
BANK_025,SCN_0411,Stressed,Stressed,0.35,0.65,0.0
BANK_026,SCN_0411,Healthy,Healthy,1.0,0.0,0.0
BANK_027,SCN_0411,Healthy,Healthy,1.0,0.0,0.0
BANK_028,SCN_0411,Stressed,Stressed,0.0,1.0,0.0
BANK_029,SCN_0411,Stressed,Stressed,0.0,1.0,0.0
BANK_030,SCN_0411,Critical,Critical,0.0,0.0,1.0
BANK_031,SCN_0411,Healthy,Healthy,1.0,0.0,0.0
BANK_032,SCN_0411,Healthy,Healthy,1.0,0.0,0.0
BANK_033,SCN_0411,Stressed,Stressed,0.0,1.0,0.0
BANK_034,SCN_0411,Healthy,Healthy,1.0,0.0,0.0
BANK_035,SCN_0411,Healthy,Healthy,1.0,0.0,0.0
BANK_036,SCN_0411,Healthy,Healthy,1.0,0.0,0.0
BANK_037,SCN_0411,Healthy,Stressed,0.278,0.722,0.0
BANK_038,SCN_0411,Healthy,Stressed,0.348,0.652,0.0
BANK_039,SCN_0411,Healthy,Healthy,1.0,0.0,0.0
BANK_040,SCN_0411,Healthy,Healthy,1.0,0.0,0.0
BANK_001,SCN_0415,Healthy,Healthy,1.0,0.0,0.0
BANK_002,SCN_0415,Healthy,Healthy,0.754,0.246,0.0
BANK_003,SCN_0415,Healthy,Healthy,0.678,0.322,0.0
BANK_004,SCN_0415,Healthy,Healthy,0.642,0.358,0.0
BANK_005,SCN_0415,Healthy,Healthy,1.0,0.0,0.0
BANK_006,SCN_0415,Stressed,Stressed,0.0,1.0,0.0
BANK_007,SCN_0415,Healthy,Healthy,1.0,0.0,0.0
BANK_008,SCN_0415,Stressed,Stressed,0.0,1.0,0.0
BANK_009,SCN_0415,Healthy,Healthy,1.0,0.0,0.0
BANK_010,SCN_0415,Stressed,Stressed,0.024,0.976,0.0
BANK_011,SCN_0415,Healthy,Healthy,1.0,0.0,0.0
BANK_012,SCN_0415,Healthy,Healthy,1.0,0.0,0.0
BANK_013,SCN_0415,Critical,Critical,0.0,0.0,1.0
BANK_014,SCN_0415,Stressed,Healthy,0.644,0.356,0.0
BANK_015,SCN_0415,Stressed,Stressed,0.0,0.978,0.022
BANK_016,SCN_0415,Healthy,Healthy,1.0,0.0,0.0
BANK_017,SCN_0415,Stressed,Stressed,0.0,1.0,0.0
BANK_018,SCN_0415,Healthy,Healthy,0.592,0.408,0.0
BANK_019,SCN_0415,Critical,Critical,0.0,0.0,1.0
BANK_020,SCN_0415,Critical,Stressed,0.0,0.634,0.366
BANK_021,SCN_0415,Stressed,Stressed,0.0,1.0,0.0
BANK_022,SCN_0415,Critical,Critical,0.0,0.0,1.0
BANK_023,SCN_0415,Healthy,Healthy,1.0,0.0,0.0
BANK_024,SCN_0415,Stressed,Stressed,0.002,0.998,0.0
BANK_025,SCN_0415,Stressed,Stressed,0.258,0.742,0.0
BANK_026,SCN_0415,Stressed,Healthy,1.0,0.0,0.0
BANK_027,SCN_0415,Healthy,Healthy,0.746,0.254,0.0
BANK_028,SCN_0415,Stressed,Stressed,0.0,0.97,0.03
BANK_029,SCN_0415,Stressed,Stressed,0.0,1.0,0.0
BANK_030,SCN_0415,Critical,Critical,0.0,0.0,1.0
BANK_031,SCN_0415,Healthy,Healthy,1.0,0.0,0.0
BANK_032,SCN_0415,Healthy,Healthy,1.0,0.0,0.0
BANK_033,SCN_0415,Stressed,Stressed,0.0,1.0,0.0
BANK_034,SCN_0415,Stressed,Stressed,0.34,0.66,0.0
BANK_035,SCN_0415,Healthy,Healthy,1.0,0.0,0.0
BANK_036,SCN_0415,Healthy,Healthy,1.0,0.0,0.0
BANK_037,SCN_0415,Healthy,Stressed,0.02,0.98,0.0
BANK_038,SCN_0415,Healthy,Healthy,0.678,0.322,0.0
BANK_039,SCN_0415,Healthy,Healthy,1.0,0.0,0.0
BANK_040,SCN_0415,Healthy,Healthy,1.0,0.0,0.0
BANK_001,SCN_0416,Healthy,Healthy,1.0,0.0,0.0
BANK_002,SCN_0416,Healthy,Healthy,0.976,0.024,0.0
BANK_003,SCN_0416,Healthy,Stressed,0.216,0.784,0.0
BANK_004,SCN_0416,Healthy,Healthy,0.666,0.334,0.0
BANK_005,SCN_0416,Healthy,Healthy,1.0,0.0,0.0
BANK_006,SCN_0416,Stressed,Stressed,0.0,1.0,0.0
BANK_007,SCN_0416,Healthy,Healthy,1.0,0.0,0.0
BANK_008,SCN_0416,Stressed,Stressed,0.0,1.0,0.0
BANK_009,SCN_0416,Healthy,Stressed,0.37,0.63,0.0
BANK_010,SCN_0416,Stressed,Stressed,0.0,0.996,0.004
BANK_011,SCN_0416,Healthy,Healthy,0.998,0.002,0.0
BANK_012,SCN_0416,Healthy,Healthy,1.0,0.0,0.0
BANK_013,SCN_0416,Critical,Critical,0.0,0.0,1.0
BANK_014,SCN_0416,Stressed,Stressed,0.014,0.986,0.0
BANK_015,SCN_0416,Stressed,Critical,0.0,0.334,0.666
BANK_016,SCN_0416,Healthy,Healthy,1.0,0.0,0.0
BANK_017,SCN_0416,Critical,Critical,0.0,0.26,0.74
BANK_018,SCN_0416,Stressed,Stressed,0.002,0.998,0.0
BANK_019,SCN_0416,Critical,Critical,0.0,0.0,1.0
BANK_020,SCN_0416,Critical,Critical,0.0,0.022,0.978
BANK_021,SCN_0416,Stressed,Stressed,0.0,0.956,0.044
BANK_022,SCN_0416,Critical,Critical,0.0,0.0,1.0
BANK_023,SCN_0416,Healthy,Healthy,1.0,0.0,0.0
BANK_024,SCN_0416,Stressed,Stressed,0.0,1.0,0.0
BANK_025,SCN_0416,Stressed,Healthy,0.678,0.322,0.0
BANK_026,SCN_0416,Healthy,Stressed,0.286,0.714,0.0
BANK_027,SCN_0416,Healthy,Healthy,0.998,0.002,0.0
BANK_028,SCN_0416,Stressed,Critical,0.0,0.096,0.904
BANK_029,SCN_0416,Stressed,Critical,0.0,0.314,0.686
BANK_030,SCN_0416,Critical,Critical,0.0,0.0,1.0
BANK_031,SCN_0416,Healthy,Healthy,1.0,0.0,0.0
BANK_032,SCN_0416,Healthy,Healthy,1.0,0.0,0.0
BANK_033,SCN_0416,Stressed,Stressed,0.0,1.0,0.0
BANK_034,SCN_0416,Stressed,Healthy,0.84,0.16,0.0
BANK_035,SCN_0416,Healthy,Healthy,1.0,0.0,0.0
BANK_036,SCN_0416,Healthy,Healthy,0.906,0.094,0.0
BANK_037,SCN_0416,Stressed,Stressed,0.0,1.0,0.0
BANK_038,SCN_0416,Healthy,Stressed,0.346,0.654,0.0
BANK_039,SCN_0416,Healthy,Healthy,1.0,0.0,0.0
BANK_040,SCN_0416,Healthy,Healthy,1.0,0.0,0.0
BANK_001,SCN_0432,Healthy,Healthy,0.896,0.104,0.0
BANK_002,SCN_0432,Healthy,Healthy,0.652,0.348,0.0
BANK_003,SCN_0432,Critical,Stressed,0.006,0.994,0.0
BANK_004,SCN_0432,Stressed,Healthy,0.728,0.272,0.0
BANK_005,SCN_0432,Healthy,Healthy,1.0,0.0,0.0
BANK_006,SCN_0432,Critical,Stressed,0.0,1.0,0.0
BANK_007,SCN_0432,Healthy,Healthy,1.0,0.0,0.0
BANK_008,SCN_0432,Stressed,Stressed,0.0,1.0,0.0
BANK_009,SCN_0432,Stressed,Stressed,0.028,0.972,0.0
BANK_010,SCN_0432,Critical,Stressed,0.0,0.954,0.046
BANK_011,SCN_0432,Healthy,Stressed,0.12,0.88,0.0
BANK_012,SCN_0432,Healthy,Healthy,1.0,0.0,0.0
BANK_013,SCN_0432,Critical,Critical,0.0,0.0,1.0
BANK_014,SCN_0432,Critical,Stressed,0.0,1.0,0.0
BANK_015,SCN_0432,Critical,Critical,0.0,0.0,1.0
BANK_016,SCN_0432,Healthy,Healthy,1.0,0.0,0.0
BANK_017,SCN_0432,Critical,Critical,0.0,0.372,0.628
BANK_018,SCN_0432,Stressed,Stressed,0.0,1.0,0.0
BANK_019,SCN_0432,Critical,Critical,0.0,0.0,1.0
BANK_020,SCN_0432,Critical,Critical,0.0,0.0,1.0
BANK_021,SCN_0432,Critical,Critical,0.0,0.11,0.89
BANK_022,SCN_0432,Critical,Critical,0.0,0.0,1.0
BANK_023,SCN_0432,Stressed,Stressed,0.0,1.0,0.0
BANK_024,SCN_0432,Stressed,Stressed,0.0,1.0,0.0
BANK_025,SCN_0432,Stressed,Stressed,0.0,1.0,0.0
BANK_026,SCN_0432,Healthy,Healthy,0.694,0.306,0.0
BANK_027,SCN_0432,Critical,Healthy,0.684,0.314,0.002
BANK_028,SCN_0432,Critical,Critical,0.0,0.23,0.77
BANK_029,SCN_0432,Stressed,Stressed,0.0,0.692,0.308
BANK_030,SCN_0432,Critical,Critical,0.0,0.0,1.0
BANK_031,SCN_0432,Healthy,Healthy,1.0,0.0,0.0
BANK_032,SCN_0432,Stressed,Stressed,0.0,1.0,0.0
BANK_033,SCN_0432,Critical,Stressed,0.0,0.888,0.112
BANK_034,SCN_0432,Critical,Stressed,0.0,1.0,0.0
BANK_035,SCN_0432,Healthy,Healthy,1.0,0.0,0.0
BANK_036,SCN_0432,Stressed,Healthy,0.678,0.322,0.0
BANK_037,SCN_0432,Stressed,Stressed,0.0,1.0,0.0
BANK_038,SCN_0432,Stressed,Stressed,0.0,1.0,0.0
BANK_039,SCN_0432,Healthy,Healthy,1.0,0.0,0.0
BANK_040,SCN_0432,Stressed,Stressed,0.386,0.614,0.0
BANK_001,SCN_0439,Healthy,Healthy,0.998,0.002,0.0
BANK_002,SCN_0439,Healthy,Healthy,0.768,0.232,0.0
BANK_003,SCN_0439,Healthy,Stressed,0.422,0.578,0.0
BANK_004,SCN_0439,Healthy,Healthy,0.792,0.208,0.0
BANK_005,SCN_0439,Healthy,Healthy,1.0,0.0,0.0
BANK_006,SCN_0439,Stressed,Stressed,0.01,0.99,0.0
BANK_007,SCN_0439,Healthy,Healthy,1.0,0.0,0.0
BANK_008,SCN_0439,Stressed,Stressed,0.008,0.992,0.0
BANK_009,SCN_0439,Healthy,Healthy,1.0,0.0,0.0
BANK_010,SCN_0439,Stressed,Stressed,0.004,0.996,0.0
BANK_011,SCN_0439,Healthy,Healthy,0.996,0.004,0.0
BANK_012,SCN_0439,Healthy,Healthy,1.0,0.0,0.0
BANK_013,SCN_0439,Critical,Critical,0.0,0.0,1.0
BANK_014,SCN_0439,Healthy,Stressed,0.29,0.71,0.0
BANK_015,SCN_0439,Stressed,Stressed,0.0,0.98,0.02
BANK_016,SCN_0439,Healthy,Healthy,1.0,0.0,0.0
BANK_017,SCN_0439,Stressed,Critical,0.0,0.472,0.528
BANK_018,SCN_0439,Healthy,Healthy,0.99,0.01,0.0
BANK_019,SCN_0439,Critical,Critical,0.0,0.0,1.0
BANK_020,SCN_0439,Critical,Stressed,0.0,0.614,0.386
BANK_021,SCN_0439,Stressed,Stressed,0.0,0.984,0.016
BANK_022,SCN_0439,Critical,Critical,0.0,0.144,0.856
BANK_023,SCN_0439,Healthy,Healthy,0.998,0.002,0.0
BANK_024,SCN_0439,Healthy,Healthy,0.718,0.282,0.0
BANK_025,SCN_0439,Stressed,Healthy,0.844,0.156,0.0
BANK_026,SCN_0439,Healthy,Healthy,1.0,0.0,0.0
BANK_027,SCN_0439,Healthy,Healthy,0.996,0.004,0.0
BANK_028,SCN_0439,Stressed,Stressed,0.0,0.96,0.04
BANK_029,SCN_0439,Stressed,Stressed,0.0,0.988,0.012
BANK_030,SCN_0439,Critical,Critical,0.0,0.0,1.0
BANK_031,SCN_0439,Healthy,Healthy,1.0,0.0,0.0
BANK_032,SCN_0439,Healthy,Healthy,1.0,0.0,0.0
BANK_033,SCN_0439,Stressed,Stressed,0.0,0.79,0.21
BANK_034,SCN_0439,Stressed,Healthy,0.694,0.306,0.0
BANK_035,SCN_0439,Healthy,Healthy,1.0,0.0,0.0
BANK_036,SCN_0439,Healthy,Healthy,0.972,0.028,0.0
BANK_037,SCN_0439,Stressed,Stressed,0.248,0.752,0.0
BANK_038,SCN_0439,Stressed,Healthy,0.976,0.024,0.0
BANK_039,SCN_0439,Healthy,Healthy,1.0,0.0,0.0
BANK_040,SCN_0439,Healthy,Healthy,1.0,0.0,0.0
BANK_001,SCN_0441,Healthy,Healthy,1.0,0.0,0.0
BANK_002,SCN_0441,Stressed,Healthy,0.998,0.002,0.0
BANK_003,SCN_0441,Stressed,Stressed,0.156,0.844,0.0
BANK_004,SCN_0441,Healthy,Healthy,0.734,0.266,0.0
BANK_005,SCN_0441,Healthy,Healthy,1.0,0.0,0.0
BANK_006,SCN_0441,Stressed,Stressed,0.0,1.0,0.0
BANK_007,SCN_0441,Healthy,Healthy,1.0,0.0,0.0
BANK_008,SCN_0441,Stressed,Stressed,0.0,1.0,0.0
BANK_009,SCN_0441,Stressed,Healthy,0.962,0.038,0.0
BANK_010,SCN_0441,Stressed,Stressed,0.004,0.996,0.0
BANK_011,SCN_0441,Healthy,Healthy,1.0,0.0,0.0
BANK_012,SCN_0441,Healthy,Healthy,1.0,0.0,0.0
BANK_013,SCN_0441,Critical,Critical,0.0,0.0,1.0
BANK_014,SCN_0441,Stressed,Stressed,0.006,0.994,0.0
BANK_015,SCN_0441,Critical,Stressed,0.0,1.0,0.0
BANK_016,SCN_0441,Healthy,Healthy,1.0,0.0,0.0
BANK_017,SCN_0441,Critical,Stressed,0.0,0.988,0.012
BANK_018,SCN_0441,Stressed,Stressed,0.0,1.0,0.0
BANK_019,SCN_0441,Critical,Critical,0.0,0.0,1.0
BANK_020,SCN_0441,Critical,Critical,0.0,0.222,0.778
BANK_021,SCN_0441,Stressed,Critical,0.0,0.276,0.724
BANK_022,SCN_0441,Critical,Critical,0.0,0.0,1.0
BANK_023,SCN_0441,Healthy,Healthy,0.99,0.01,0.0
BANK_024,SCN_0441,Stressed,Stressed,0.0,1.0,0.0
BANK_025,SCN_0441,Stressed,Stressed,0.0,1.0,0.0
BANK_026,SCN_0441,Stressed,Healthy,0.776,0.224,0.0
BANK_027,SCN_0441,Stressed,Healthy,0.758,0.242,0.0
BANK_028,SCN_0441,Stressed,Critical,0.0,0.108,0.892
BANK_029,SCN_0441,Stressed,Stressed,0.0,0.996,0.004
BANK_030,SCN_0441,Critical,Critical,0.0,0.0,1.0
BANK_031,SCN_0441,Healthy,Healthy,1.0,0.0,0.0
BANK_032,SCN_0441,Healthy,Healthy,0.986,0.014,0.0
BANK_033,SCN_0441,Stressed,Stressed,0.0,0.76,0.24
BANK_034,SCN_0441,Stressed,Healthy,0.658,0.342,0.0
BANK_035,SCN_0441,Healthy,Healthy,1.0,0.0,0.0
BANK_036,SCN_0441,Healthy,Healthy,0.97,0.03,0.0
BANK_037,SCN_0441,Stressed,Stressed,0.008,0.756,0.236
BANK_038,SCN_0441,Stressed,Stressed,0.0,1.0,0.0
BANK_039,SCN_0441,Healthy,Healthy,1.0,0.0,0.0
BANK_040,SCN_0441,Healthy,Healthy,1.0,0.0,0.0
BANK_001,SCN_0451,Healthy,Healthy,1.0,0.0,0.0
BANK_002,SCN_0451,Stressed,Healthy,0.976,0.024,0.0
BANK_003,SCN_0451,Stressed,Healthy,0.746,0.254,0.0
BANK_004,SCN_0451,Healthy,Healthy,0.962,0.038,0.0
BANK_005,SCN_0451,Healthy,Healthy,1.0,0.0,0.0
BANK_006,SCN_0451,Stressed,Stressed,0.0,1.0,0.0
BANK_007,SCN_0451,Healthy,Healthy,1.0,0.0,0.0
BANK_008,SCN_0451,Stressed,Stressed,0.0,1.0,0.0
BANK_009,SCN_0451,Healthy,Healthy,0.904,0.096,0.0
BANK_010,SCN_0451,Stressed,Stressed,0.028,0.972,0.0
BANK_011,SCN_0451,Healthy,Healthy,1.0,0.0,0.0
BANK_012,SCN_0451,Healthy,Healthy,1.0,0.0,0.0
BANK_013,SCN_0451,Critical,Critical,0.0,0.0,1.0
BANK_014,SCN_0451,Stressed,Healthy,0.73,0.27,0.0
BANK_015,SCN_0451,Critical,Stressed,0.0,0.978,0.022
BANK_016,SCN_0451,Healthy,Healthy,1.0,0.0,0.0
BANK_017,SCN_0451,Stressed,Stressed,0.0,0.77,0.23
BANK_018,SCN_0451,Stressed,Stressed,0.082,0.918,0.0
BANK_019,SCN_0451,Critical,Critical,0.0,0.0,1.0
BANK_020,SCN_0451,Critical,Critical,0.0,0.002,0.998
BANK_021,SCN_0451,Stressed,Stressed,0.0,0.916,0.084
BANK_022,SCN_0451,Critical,Critical,0.0,0.0,1.0
BANK_023,SCN_0451,Healthy,Healthy,1.0,0.0,0.0
BANK_024,SCN_0451,Stressed,Stressed,0.0,1.0,0.0
BANK_025,SCN_0451,Stressed,Stressed,0.0,1.0,0.0
BANK_026,SCN_0451,Healthy,Healthy,1.0,0.0,0.0
BANK_027,SCN_0451,Stressed,Stressed,0.35,0.65,0.0
BANK_028,SCN_0451,Critical,Stressed,0.0,0.764,0.236
BANK_029,SCN_0451,Critical,Stressed,0.0,1.0,0.0
BANK_030,SCN_0451,Critical,Critical,0.0,0.0,1.0
BANK_031,SCN_0451,Healthy,Healthy,1.0,0.0,0.0
BANK_032,SCN_0451,Healthy,Healthy,1.0,0.0,0.0
BANK_033,SCN_0451,Stressed,Stressed,0.006,0.954,0.04
BANK_034,SCN_0451,Stressed,Stressed,0.33,0.67,0.0
BANK_035,SCN_0451,Healthy,Healthy,1.0,0.0,0.0
BANK_036,SCN_0451,Healthy,Healthy,1.0,0.0,0.0
BANK_037,SCN_0451,Stressed,Healthy,0.608,0.392,0.0
BANK_038,SCN_0451,Healthy,Healthy,0.88,0.12,0.0
BANK_039,SCN_0451,Healthy,Healthy,1.0,0.0,0.0
BANK_040,SCN_0451,Healthy,Healthy,1.0,0.0,0.0
BANK_001,SCN_0452,Stressed,Healthy,0.99,0.01,0.0
BANK_002,SCN_0452,Healthy,Stressed,0.0,0.998,0.002
BANK_003,SCN_0452,Stressed,Critical,0.0,0.328,0.672
BANK_004,SCN_0452,Healthy,Stressed,0.146,0.854,0.0
BANK_005,SCN_0452,Healthy,Healthy,1.0,0.0,0.0
BANK_006,SCN_0452,Stressed,Stressed,0.0,1.0,0.0
BANK_007,SCN_0452,Healthy,Healthy,1.0,0.0,0.0
BANK_008,SCN_0452,Stressed,Stressed,0.0,1.0,0.0
BANK_009,SCN_0452,Healthy,Stressed,0.132,0.868,0.0
BANK_010,SCN_0452,Stressed,Critical,0.0,0.0,1.0
BANK_011,SCN_0452,Healthy,Stressed,0.136,0.864,0.0
BANK_012,SCN_0452,Healthy,Healthy,1.0,0.0,0.0
BANK_013,SCN_0452,Critical,Critical,0.0,0.0,1.0
BANK_014,SCN_0452,Critical,Stressed,0.0,0.766,0.234
BANK_015,SCN_0452,Critical,Critical,0.0,0.0,1.0
BANK_016,SCN_0452,Healthy,Healthy,1.0,0.0,0.0
BANK_017,SCN_0452,Stressed,Critical,0.0,0.096,0.904
BANK_018,SCN_0452,Stressed,Stressed,0.0,1.0,0.0
BANK_019,SCN_0452,Critical,Critical,0.0,0.0,1.0
BANK_020,SCN_0452,Critical,Critical,0.0,0.0,1.0
BANK_021,SCN_0452,Critical,Critical,0.0,0.266,0.734
BANK_022,SCN_0452,Critical,Critical,0.0,0.0,1.0
BANK_023,SCN_0452,Stressed,Stressed,0.0,1.0,0.0
BANK_024,SCN_0452,Stressed,Stressed,0.0,1.0,0.0
BANK_025,SCN_0452,Stressed,Stressed,0.0,1.0,0.0
BANK_026,SCN_0452,Healthy,Stressed,0.116,0.884,0.0
BANK_027,SCN_0452,Stressed,Stressed,0.0,0.92,0.08
BANK_028,SCN_0452,Stressed,Critical,0.0,0.312,0.688
BANK_029,SCN_0452,Stressed,Stressed,0.0,0.626,0.374
BANK_030,SCN_0452,Critical,Critical,0.0,0.0,1.0
BANK_031,SCN_0452,Healthy,Healthy,1.0,0.0,0.0
BANK_032,SCN_0452,Stressed,Stressed,0.0,1.0,0.0
BANK_033,SCN_0452,Stressed,Critical,0.0,0.12,0.88
BANK_034,SCN_0452,Stressed,Stressed,0.0,0.974,0.026
BANK_035,SCN_0452,Healthy,Healthy,1.0,0.0,0.0
BANK_036,SCN_0452,Stressed,Healthy,0.736,0.264,0.0
BANK_037,SCN_0452,Stressed,Critical,0.0,0.108,0.892
BANK_038,SCN_0452,Stressed,Stressed,0.0,1.0,0.0
BANK_039,SCN_0452,Healthy,Healthy,1.0,0.0,0.0
BANK_040,SCN_0452,Healthy,Stressed,0.118,0.882,0.0
BANK_001,SCN_0456,Healthy,Healthy,0.972,0.028,0.0
BANK_002,SCN_0456,Healthy,Stressed,0.074,0.926,0.0
BANK_003,SCN_0456,Healthy,Stressed,0.0,0.996,0.004
BANK_004,SCN_0456,Stressed,Stressed,0.104,0.896,0.0
BANK_005,SCN_0456,Healthy,Healthy,1.0,0.0,0.0
BANK_006,SCN_0456,Stressed,Stressed,0.0,1.0,0.0
BANK_007,SCN_0456,Healthy,Healthy,1.0,0.0,0.0
BANK_008,SCN_0456,Stressed,Stressed,0.0,1.0,0.0
BANK_009,SCN_0456,Healthy,Stressed,0.356,0.644,0.0
BANK_010,SCN_0456,Stressed,Critical,0.0,0.374,0.626
BANK_011,SCN_0456,Healthy,Stressed,0.364,0.636,0.0
BANK_012,SCN_0456,Healthy,Healthy,1.0,0.0,0.0
BANK_013,SCN_0456,Critical,Critical,0.0,0.0,1.0
BANK_014,SCN_0456,Stressed,Stressed,0.0,1.0,0.0
BANK_015,SCN_0456,Stressed,Stressed,0.0,0.662,0.338
BANK_016,SCN_0456,Healthy,Healthy,1.0,0.0,0.0
BANK_017,SCN_0456,Stressed,Critical,0.0,0.002,0.998
BANK_018,SCN_0456,Stressed,Stressed,0.0,1.0,0.0
BANK_019,SCN_0456,Critical,Critical,0.0,0.0,1.0
BANK_020,SCN_0456,Critical,Critical,0.0,0.0,1.0
BANK_021,SCN_0456,Critical,Critical,0.0,0.124,0.876
BANK_022,SCN_0456,Critical,Critical,0.0,0.068,0.932
BANK_023,SCN_0456,Stressed,Stressed,0.0,1.0,0.0
BANK_024,SCN_0456,Stressed,Stressed,0.0,1.0,0.0
BANK_025,SCN_0456,Healthy,Stressed,0.03,0.968,0.002
BANK_026,SCN_0456,Healthy,Healthy,0.948,0.052,0.0
BANK_027,SCN_0456,Stressed,Stressed,0.056,0.944,0.0
BANK_028,SCN_0456,Critical,Critical,0.0,0.08,0.92
BANK_029,SCN_0456,Stressed,Critical,0.0,0.382,0.618
BANK_030,SCN_0456,Critical,Critical,0.0,0.0,1.0
BANK_031,SCN_0456,Healthy,Healthy,1.0,0.0,0.0
BANK_032,SCN_0456,Stressed,Stressed,0.0,1.0,0.0
BANK_033,SCN_0456,Stressed,Stressed,0.0,0.772,0.228
BANK_034,SCN_0456,Stressed,Critical,0.0,0.362,0.638
BANK_035,SCN_0456,Healthy,Healthy,1.0,0.0,0.0
BANK_036,SCN_0456,Healthy,Healthy,0.89,0.11,0.0
BANK_037,SCN_0456,Critical,Stressed,0.0,1.0,0.0
BANK_038,SCN_0456,Stressed,Stressed,0.0,1.0,0.0
BANK_039,SCN_0456,Healthy,Healthy,1.0,0.0,0.0
BANK_040,SCN_0456,Healthy,Stressed,0.114,0.886,0.0
BANK_001,SCN_0462,Healthy,Healthy,1.0,0.0,0.0
BANK_002,SCN_0462,Healthy,Stressed,0.38,0.62,0.0
BANK_003,SCN_0462,Healthy,Healthy,0.764,0.236,0.0
BANK_004,SCN_0462,Healthy,Stressed,0.316,0.684,0.0
BANK_005,SCN_0462,Healthy,Healthy,0.996,0.004,0.0
BANK_006,SCN_0462,Stressed,Stressed,0.0,1.0,0.0
BANK_007,SCN_0462,Healthy,Healthy,1.0,0.0,0.0
BANK_008,SCN_0462,Stressed,Stressed,0.0,1.0,0.0
BANK_009,SCN_0462,Healthy,Healthy,0.996,0.004,0.0
BANK_010,SCN_0462,Stressed,Stressed,0.0,1.0,0.0
BANK_011,SCN_0462,Healthy,Healthy,0.998,0.002,0.0
BANK_012,SCN_0462,Healthy,Healthy,0.998,0.002,0.0
BANK_013,SCN_0462,Critical,Critical,0.0,0.0,1.0
BANK_014,SCN_0462,Stressed,Stressed,0.278,0.722,0.0
BANK_015,SCN_0462,Stressed,Stressed,0.0,0.686,0.314
BANK_016,SCN_0462,Healthy,Healthy,0.994,0.006,0.0
BANK_017,SCN_0462,Stressed,Stressed,0.0,0.994,0.006
BANK_018,SCN_0462,Healthy,Healthy,1.0,0.0,0.0
BANK_019,SCN_0462,Critical,Critical,0.0,0.0,1.0
BANK_020,SCN_0462,Critical,Stressed,0.0,0.628,0.372
BANK_021,SCN_0462,Stressed,Critical,0.0,0.28,0.72
BANK_022,SCN_0462,Critical,Critical,0.0,0.0,1.0
BANK_023,SCN_0462,Healthy,Healthy,0.998,0.002,0.0
BANK_024,SCN_0462,Healthy,Stressed,0.332,0.668,0.0
BANK_025,SCN_0462,Stressed,Healthy,0.9,0.1,0.0
BANK_026,SCN_0462,Healthy,Healthy,1.0,0.0,0.0
BANK_027,SCN_0462,Healthy,Healthy,0.992,0.008,0.0
BANK_028,SCN_0462,Stressed,Stressed,0.0,0.974,0.026
BANK_029,SCN_0462,Stressed,Stressed,0.0,0.998,0.002
BANK_030,SCN_0462,Critical,Critical,0.0,0.0,1.0
BANK_031,SCN_0462,Healthy,Healthy,0.996,0.004,0.0
BANK_032,SCN_0462,Healthy,Healthy,1.0,0.0,0.0
BANK_033,SCN_0462,Stressed,Stressed,0.0,1.0,0.0
BANK_034,SCN_0462,Stressed,Stressed,0.314,0.686,0.0
BANK_035,SCN_0462,Healthy,Healthy,1.0,0.0,0.0
BANK_036,SCN_0462,Healthy,Healthy,1.0,0.0,0.0
BANK_037,SCN_0462,Stressed,Stressed,0.104,0.896,0.0
BANK_038,SCN_0462,Healthy,Healthy,0.76,0.24,0.0
BANK_039,SCN_0462,Healthy,Healthy,1.0,0.0,0.0
BANK_040,SCN_0462,Healthy,Healthy,1.0,0.0,0.0
BANK_001,SCN_0466,Healthy,Healthy,1.0,0.0,0.0
BANK_002,SCN_0466,Stressed,Healthy,0.892,0.108,0.0
BANK_003,SCN_0466,Healthy,Healthy,0.848,0.152,0.0
BANK_004,SCN_0466,Healthy,Stressed,0.26,0.74,0.0
BANK_005,SCN_0466,Healthy,Healthy,1.0,0.0,0.0
BANK_006,SCN_0466,Stressed,Stressed,0.0,1.0,0.0
BANK_007,SCN_0466,Healthy,Healthy,1.0,0.0,0.0
BANK_008,SCN_0466,Stressed,Stressed,0.0,1.0,0.0
BANK_009,SCN_0466,Healthy,Healthy,1.0,0.0,0.0
BANK_010,SCN_0466,Healthy,Stressed,0.026,0.974,0.0
BANK_011,SCN_0466,Healthy,Healthy,1.0,0.0,0.0
BANK_012,SCN_0466,Healthy,Healthy,1.0,0.0,0.0
BANK_013,SCN_0466,Critical,Critical,0.0,0.0,1.0
BANK_014,SCN_0466,Healthy,Stressed,0.29,0.71,0.0
BANK_015,SCN_0466,Stressed,Stressed,0.0,0.978,0.022
BANK_016,SCN_0466,Healthy,Healthy,1.0,0.0,0.0
BANK_017,SCN_0466,Stressed,Stressed,0.0,1.0,0.0
BANK_018,SCN_0466,Healthy,Stressed,0.236,0.764,0.0
BANK_019,SCN_0466,Critical,Critical,0.0,0.0,1.0
BANK_020,SCN_0466,Critical,Critical,0.0,0.23,0.77
BANK_021,SCN_0466,Critical,Stressed,0.0,0.998,0.002
BANK_022,SCN_0466,Critical,Critical,0.0,0.0,1.0
BANK_023,SCN_0466,Healthy,Healthy,1.0,0.0,0.0
BANK_024,SCN_0466,Healthy,Stressed,0.0,1.0,0.0
BANK_025,SCN_0466,Stressed,Stressed,0.124,0.876,0.0
BANK_026,SCN_0466,Healthy,Healthy,1.0,0.0,0.0
BANK_027,SCN_0466,Healthy,Healthy,0.892,0.108,0.0
BANK_028,SCN_0466,Stressed,Stressed,0.0,0.972,0.028
BANK_029,SCN_0466,Stressed,Stressed,0.0,1.0,0.0
BANK_030,SCN_0466,Critical,Critical,0.0,0.0,1.0
BANK_031,SCN_0466,Healthy,Healthy,1.0,0.0,0.0
BANK_032,SCN_0466,Healthy,Healthy,1.0,0.0,0.0
BANK_033,SCN_0466,Stressed,Stressed,0.0,0.998,0.002
BANK_034,SCN_0466,Healthy,Healthy,0.732,0.268,0.0
BANK_035,SCN_0466,Healthy,Healthy,1.0,0.0,0.0
BANK_036,SCN_0466,Healthy,Healthy,1.0,0.0,0.0
BANK_037,SCN_0466,Stressed,Stressed,0.022,0.978,0.0
BANK_038,SCN_0466,Stressed,Stressed,0.248,0.752,0.0
BANK_039,SCN_0466,Healthy,Healthy,1.0,0.0,0.0
BANK_040,SCN_0466,Healthy,Healthy,1.0,0.0,0.0
BANK_001,SCN_0473,Healthy,Healthy,1.0,0.0,0.0
BANK_002,SCN_0473,Healthy,Healthy,1.0,0.0,0.0
BANK_003,SCN_0473,Healthy,Healthy,1.0,0.0,0.0
BANK_004,SCN_0473,Healthy,Healthy,1.0,0.0,0.0
BANK_005,SCN_0473,Healthy,Healthy,1.0,0.0,0.0
BANK_006,SCN_0473,Stressed,Stressed,0.0,1.0,0.0
BANK_007,SCN_0473,Healthy,Healthy,1.0,0.0,0.0
BANK_008,SCN_0473,Healthy,Healthy,0.998,0.002,0.0
BANK_009,SCN_0473,Healthy,Healthy,1.0,0.0,0.0
BANK_010,SCN_0473,Healthy,Stressed,0.33,0.67,0.0
BANK_011,SCN_0473,Healthy,Healthy,1.0,0.0,0.0
BANK_012,SCN_0473,Healthy,Healthy,1.0,0.0,0.0
BANK_013,SCN_0473,Critical,Critical,0.0,0.0,1.0
BANK_014,SCN_0473,Healthy,Healthy,0.998,0.002,0.0
BANK_015,SCN_0473,Stressed,Stressed,0.0,1.0,0.0
BANK_016,SCN_0473,Healthy,Healthy,1.0,0.0,0.0
BANK_017,SCN_0473,Stressed,Healthy,0.626,0.374,0.0
BANK_018,SCN_0473,Healthy,Healthy,1.0,0.0,0.0
BANK_019,SCN_0473,Critical,Critical,0.0,0.0,1.0
BANK_020,SCN_0473,Stressed,Stressed,0.0,1.0,0.0
BANK_021,SCN_0473,Stressed,Stressed,0.0,1.0,0.0
BANK_022,SCN_0473,Critical,Stressed,0.0,0.966,0.034
BANK_023,SCN_0473,Healthy,Healthy,1.0,0.0,0.0
BANK_024,SCN_0473,Healthy,Healthy,1.0,0.0,0.0
BANK_025,SCN_0473,Healthy,Healthy,1.0,0.0,0.0
BANK_026,SCN_0473,Healthy,Healthy,1.0,0.0,0.0
BANK_027,SCN_0473,Healthy,Healthy,1.0,0.0,0.0
BANK_028,SCN_0473,Stressed,Stressed,0.0,1.0,0.0
BANK_029,SCN_0473,Stressed,Stressed,0.096,0.904,0.0
BANK_030,SCN_0473,Critical,Critical,0.0,0.0,1.0
BANK_031,SCN_0473,Healthy,Healthy,1.0,0.0,0.0
BANK_032,SCN_0473,Healthy,Healthy,1.0,0.0,0.0
BANK_033,SCN_0473,Stressed,Healthy,0.678,0.322,0.0
BANK_034,SCN_0473,Healthy,Healthy,1.0,0.0,0.0
BANK_035,SCN_0473,Healthy,Healthy,1.0,0.0,0.0
BANK_036,SCN_0473,Healthy,Healthy,1.0,0.0,0.0
BANK_037,SCN_0473,Healthy,Healthy,0.976,0.024,0.0
BANK_038,SCN_0473,Healthy,Healthy,1.0,0.0,0.0
BANK_039,SCN_0473,Healthy,Healthy,1.0,0.0,0.0
BANK_040,SCN_0473,Healthy,Healthy,1.0,0.0,0.0
BANK_001,SCN_0476,Healthy,Healthy,1.0,0.0,0.0
BANK_002,SCN_0476,Stressed,Stressed,0.002,0.998,0.0
BANK_003,SCN_0476,Stressed,Stressed,0.026,0.974,0.0
BANK_004,SCN_0476,Healthy,Healthy,0.996,0.004,0.0
BANK_005,SCN_0476,Healthy,Healthy,1.0,0.0,0.0
BANK_006,SCN_0476,Stressed,Stressed,0.0,1.0,0.0
BANK_007,SCN_0476,Healthy,Healthy,1.0,0.0,0.0
BANK_008,SCN_0476,Stressed,Stressed,0.0,1.0,0.0
BANK_009,SCN_0476,Healthy,Stressed,0.298,0.702,0.0
BANK_010,SCN_0476,Healthy,Stressed,0.0,0.964,0.036
BANK_011,SCN_0476,Healthy,Healthy,0.966,0.034,0.0
BANK_012,SCN_0476,Healthy,Healthy,1.0,0.0,0.0
BANK_013,SCN_0476,Critical,Critical,0.0,0.0,1.0
BANK_014,SCN_0476,Stressed,Stressed,0.002,0.998,0.0
BANK_015,SCN_0476,Stressed,Stressed,0.0,0.732,0.268
BANK_016,SCN_0476,Healthy,Healthy,1.0,0.0,0.0
BANK_017,SCN_0476,Stressed,Critical,0.0,0.266,0.734
BANK_018,SCN_0476,Stressed,Stressed,0.0,1.0,0.0
BANK_019,SCN_0476,Critical,Critical,0.0,0.0,1.0
BANK_020,SCN_0476,Critical,Critical,0.0,0.014,0.986
BANK_021,SCN_0476,Stressed,Stressed,0.0,0.948,0.052
BANK_022,SCN_0476,Critical,Critical,0.0,0.002,0.998
BANK_023,SCN_0476,Healthy,Healthy,1.0,0.0,0.0
BANK_024,SCN_0476,Stressed,Stressed,0.0,1.0,0.0
BANK_025,SCN_0476,Stressed,Stressed,0.05,0.95,0.0
BANK_026,SCN_0476,Healthy,Stressed,0.322,0.678,0.0
BANK_027,SCN_0476,Stressed,Stressed,0.286,0.714,0.0
BANK_028,SCN_0476,Stressed,Critical,0.0,0.372,0.628
BANK_029,SCN_0476,Stressed,Critical,0.0,0.336,0.664
BANK_030,SCN_0476,Critical,Critical,0.0,0.0,1.0
BANK_031,SCN_0476,Healthy,Healthy,1.0,0.0,0.0
BANK_032,SCN_0476,Healthy,Healthy,1.0,0.0,0.0
BANK_033,SCN_0476,Critical,Stressed,0.0,0.996,0.004
BANK_034,SCN_0476,Stressed,Stressed,0.0,1.0,0.0
BANK_035,SCN_0476,Healthy,Healthy,1.0,0.0,0.0
BANK_036,SCN_0476,Healthy,Healthy,1.0,0.0,0.0
BANK_037,SCN_0476,Stressed,Stressed,0.0,1.0,0.0
BANK_038,SCN_0476,Stressed,Stressed,0.258,0.742,0.0
BANK_039,SCN_0476,Healthy,Healthy,1.0,0.0,0.0
BANK_040,SCN_0476,Healthy,Healthy,0.998,0.002,0.0
BANK_001,SCN_0478,Healthy,Healthy,1.0,0.0,0.0
BANK_002,SCN_0478,Healthy,Healthy,1.0,0.0,0.0
BANK_003,SCN_0478,Healthy,Stressed,0.354,0.646,0.0
BANK_004,SCN_0478,Healthy,Healthy,1.0,0.0,0.0
BANK_005,SCN_0478,Healthy,Healthy,1.0,0.0,0.0
BANK_006,SCN_0478,Stressed,Stressed,0.0,1.0,0.0
BANK_007,SCN_0478,Healthy,Healthy,1.0,0.0,0.0
BANK_008,SCN_0478,Stressed,Stressed,0.0,1.0,0.0
BANK_009,SCN_0478,Healthy,Healthy,1.0,0.0,0.0
BANK_010,SCN_0478,Stressed,Stressed,0.002,0.998,0.0
BANK_011,SCN_0478,Healthy,Healthy,1.0,0.0,0.0
BANK_012,SCN_0478,Healthy,Healthy,0.998,0.002,0.0
BANK_013,SCN_0478,Critical,Critical,0.0,0.0,1.0
BANK_014,SCN_0478,Healthy,Stressed,0.054,0.946,0.0
BANK_015,SCN_0478,Stressed,Stressed,0.0,0.774,0.226
BANK_016,SCN_0478,Healthy,Healthy,1.0,0.0,0.0
BANK_017,SCN_0478,Stressed,Stressed,0.0,1.0,0.0
BANK_018,SCN_0478,Healthy,Healthy,1.0,0.0,0.0
BANK_019,SCN_0478,Critical,Critical,0.0,0.0,1.0
BANK_020,SCN_0478,Critical,Critical,0.0,0.042,0.958
BANK_021,SCN_0478,Stressed,Stressed,0.0,0.976,0.024
BANK_022,SCN_0478,Critical,Critical,0.0,0.002,0.998
BANK_023,SCN_0478,Healthy,Healthy,1.0,0.0,0.0
BANK_024,SCN_0478,Healthy,Healthy,1.0,0.0,0.0
BANK_025,SCN_0478,Healthy,Healthy,0.904,0.096,0.0
BANK_026,SCN_0478,Healthy,Healthy,1.0,0.0,0.0
BANK_027,SCN_0478,Healthy,Healthy,1.0,0.0,0.0
BANK_028,SCN_0478,Stressed,Stressed,0.0,1.0,0.0
BANK_029,SCN_0478,Stressed,Stressed,0.0,1.0,0.0
BANK_030,SCN_0478,Critical,Critical,0.0,0.0,1.0
BANK_031,SCN_0478,Healthy,Healthy,1.0,0.0,0.0
BANK_032,SCN_0478,Healthy,Healthy,1.0,0.0,0.0
BANK_033,SCN_0478,Stressed,Stressed,0.0,1.0,0.0
BANK_034,SCN_0478,Healthy,Stressed,0.38,0.62,0.0
BANK_035,SCN_0478,Healthy,Healthy,1.0,0.0,0.0
BANK_036,SCN_0478,Healthy,Healthy,1.0,0.0,0.0
BANK_037,SCN_0478,Stressed,Healthy,0.96,0.04,0.0
BANK_038,SCN_0478,Healthy,Healthy,1.0,0.0,0.0
BANK_039,SCN_0478,Healthy,Healthy,1.0,0.0,0.0
BANK_040,SCN_0478,Healthy,Healthy,1.0,0.0,0.0
BANK_001,SCN_0484,Healthy,Healthy,1.0,0.0,0.0
BANK_002,SCN_0484,Healthy,Healthy,1.0,0.0,0.0
BANK_003,SCN_0484,Healthy,Healthy,1.0,0.0,0.0
BANK_004,SCN_0484,Healthy,Healthy,1.0,0.0,0.0
BANK_005,SCN_0484,Healthy,Healthy,1.0,0.0,0.0
BANK_006,SCN_0484,Stressed,Stressed,0.0,1.0,0.0
BANK_007,SCN_0484,Healthy,Healthy,1.0,0.0,0.0
BANK_008,SCN_0484,Stressed,Healthy,0.732,0.268,0.0
BANK_009,SCN_0484,Healthy,Healthy,1.0,0.0,0.0
BANK_010,SCN_0484,Healthy,Healthy,0.796,0.204,0.0
BANK_011,SCN_0484,Healthy,Healthy,1.0,0.0,0.0
BANK_012,SCN_0484,Healthy,Healthy,1.0,0.0,0.0
BANK_013,SCN_0484,Critical,Critical,0.0,0.0,1.0
BANK_014,SCN_0484,Healthy,Healthy,0.994,0.006,0.0
BANK_015,SCN_0484,Stressed,Stressed,0.0,1.0,0.0
BANK_016,SCN_0484,Healthy,Healthy,1.0,0.0,0.0
BANK_017,SCN_0484,Stressed,Stressed,0.264,0.736,0.0
BANK_018,SCN_0484,Healthy,Healthy,1.0,0.0,0.0
BANK_019,SCN_0484,Critical,Critical,0.0,0.0,1.0
BANK_020,SCN_0484,Stressed,Stressed,0.0,0.744,0.256
BANK_021,SCN_0484,Stressed,Stressed,0.006,0.994,0.0
BANK_022,SCN_0484,Stressed,Critical,0.0,0.106,0.894
BANK_023,SCN_0484,Healthy,Healthy,1.0,0.0,0.0
BANK_024,SCN_0484,Healthy,Healthy,1.0,0.0,0.0
BANK_025,SCN_0484,Healthy,Healthy,1.0,0.0,0.0
BANK_026,SCN_0484,Healthy,Healthy,1.0,0.0,0.0
BANK_027,SCN_0484,Healthy,Healthy,1.0,0.0,0.0
BANK_028,SCN_0484,Stressed,Stressed,0.198,0.802,0.0
BANK_029,SCN_0484,Stressed,Stressed,0.0,1.0,0.0
BANK_030,SCN_0484,Critical,Critical,0.0,0.0,1.0
BANK_031,SCN_0484,Healthy,Healthy,1.0,0.0,0.0
BANK_032,SCN_0484,Healthy,Healthy,1.0,0.0,0.0
BANK_033,SCN_0484,Stressed,Stressed,0.0,1.0,0.0
BANK_034,SCN_0484,Healthy,Healthy,1.0,0.0,0.0
BANK_035,SCN_0484,Healthy,Healthy,1.0,0.0,0.0
BANK_036,SCN_0484,Healthy,Healthy,1.0,0.0,0.0
BANK_037,SCN_0484,Healthy,Healthy,0.998,0.002,0.0
BANK_038,SCN_0484,Healthy,Healthy,1.0,0.0,0.0
BANK_039,SCN_0484,Healthy,Healthy,1.0,0.0,0.0
BANK_040,SCN_0484,Healthy,Healthy,1.0,0.0,0.0
BANK_001,SCN_0486,Healthy,Healthy,1.0,0.0,0.0
BANK_002,SCN_0486,Healthy,Healthy,1.0,0.0,0.0
BANK_003,SCN_0486,Healthy,Healthy,1.0,0.0,0.0
BANK_004,SCN_0486,Healthy,Healthy,1.0,0.0,0.0
BANK_005,SCN_0486,Healthy,Healthy,1.0,0.0,0.0
BANK_006,SCN_0486,Stressed,Stressed,0.0,1.0,0.0
BANK_007,SCN_0486,Healthy,Healthy,1.0,0.0,0.0
BANK_008,SCN_0486,Stressed,Stressed,0.106,0.894,0.0
BANK_009,SCN_0486,Healthy,Healthy,1.0,0.0,0.0
BANK_010,SCN_0486,Healthy,Stressed,0.104,0.896,0.0
BANK_011,SCN_0486,Healthy,Healthy,1.0,0.0,0.0
BANK_012,SCN_0486,Healthy,Healthy,1.0,0.0,0.0
BANK_013,SCN_0486,Critical,Critical,0.0,0.0,1.0
BANK_014,SCN_0486,Healthy,Stressed,0.366,0.634,0.0
BANK_015,SCN_0486,Stressed,Stressed,0.0,1.0,0.0
BANK_016,SCN_0486,Healthy,Healthy,1.0,0.0,0.0
BANK_017,SCN_0486,Stressed,Stressed,0.068,0.932,0.0
BANK_018,SCN_0486,Healthy,Healthy,1.0,0.0,0.0
BANK_019,SCN_0486,Critical,Critical,0.0,0.0,1.0
BANK_020,SCN_0486,Stressed,Stressed,0.0,0.998,0.002
BANK_021,SCN_0486,Stressed,Stressed,0.0,1.0,0.0
BANK_022,SCN_0486,Critical,Stressed,0.0,0.98,0.02
BANK_023,SCN_0486,Healthy,Healthy,1.0,0.0,0.0
BANK_024,SCN_0486,Healthy,Healthy,1.0,0.0,0.0
BANK_025,SCN_0486,Healthy,Healthy,0.992,0.008,0.0
BANK_026,SCN_0486,Healthy,Healthy,1.0,0.0,0.0
BANK_027,SCN_0486,Healthy,Healthy,1.0,0.0,0.0
BANK_028,SCN_0486,Stressed,Stressed,0.006,0.994,0.0
BANK_029,SCN_0486,Stressed,Stressed,0.0,1.0,0.0
BANK_030,SCN_0486,Critical,Critical,0.0,0.0,1.0
BANK_031,SCN_0486,Healthy,Healthy,1.0,0.0,0.0
BANK_032,SCN_0486,Healthy,Healthy,1.0,0.0,0.0
BANK_033,SCN_0486,Stressed,Stressed,0.038,0.962,0.0
BANK_034,SCN_0486,Healthy,Healthy,0.998,0.002,0.0
BANK_035,SCN_0486,Healthy,Healthy,1.0,0.0,0.0
BANK_036,SCN_0486,Healthy,Healthy,1.0,0.0,0.0
BANK_037,SCN_0486,Healthy,Healthy,0.984,0.016,0.0
BANK_038,SCN_0486,Healthy,Healthy,0.988,0.012,0.0
BANK_039,SCN_0486,Healthy,Healthy,1.0,0.0,0.0
BANK_040,SCN_0486,Healthy,Healthy,1.0,0.0,0.0
BANK_001,SCN_0491,Healthy,Stressed,0.394,0.606,0.0
BANK_002,SCN_0491,Critical,Healthy,0.954,0.046,0.0
BANK_003,SCN_0491,Stressed,Stressed,0.1,0.66,0.24
BANK_004,SCN_0491,Stressed,Healthy,0.784,0.216,0.0
BANK_005,SCN_0491,Healthy,Healthy,1.0,0.0,0.0
BANK_006,SCN_0491,Stressed,Stressed,0.0,1.0,0.0
BANK_007,SCN_0491,Healthy,Healthy,1.0,0.0,0.0
BANK_008,SCN_0491,Stressed,Stressed,0.0,1.0,0.0
BANK_009,SCN_0491,Healthy,Healthy,0.896,0.104,0.0
BANK_010,SCN_0491,Critical,Stressed,0.0,1.0,0.0
BANK_011,SCN_0491,Healthy,Stressed,0.412,0.588,0.0
BANK_012,SCN_0491,Healthy,Healthy,1.0,0.0,0.0
BANK_013,SCN_0491,Critical,Critical,0.0,0.0,1.0
BANK_014,SCN_0491,Stressed,Stressed,0.0,1.0,0.0
BANK_015,SCN_0491,Critical,Critical,0.0,0.098,0.902
BANK_016,SCN_0491,Healthy,Healthy,1.0,0.0,0.0
BANK_017,SCN_0491,Critical,Critical,0.0,0.214,0.786
BANK_018,SCN_0491,Stressed,Stressed,0.0,1.0,0.0
BANK_019,SCN_0491,Critical,Critical,0.0,0.0,1.0
BANK_020,SCN_0491,Critical,Critical,0.0,0.0,1.0
BANK_021,SCN_0491,Critical,Critical,0.0,0.002,0.998
BANK_022,SCN_0491,Critical,Critical,0.0,0.0,1.0
BANK_023,SCN_0491,Stressed,Stressed,0.0,1.0,0.0
BANK_024,SCN_0491,Stressed,Stressed,0.0,1.0,0.0
BANK_025,SCN_0491,Stressed,Stressed,0.084,0.916,0.0
BANK_026,SCN_0491,Stressed,Healthy,0.762,0.238,0.0
BANK_027,SCN_0491,Healthy,Healthy,0.718,0.282,0.0
BANK_028,SCN_0491,Stressed,Critical,0.0,0.002,0.998
BANK_029,SCN_0491,Critical,Critical,0.0,0.092,0.908
BANK_030,SCN_0491,Critical,Critical,0.0,0.0,1.0
BANK_031,SCN_0491,Healthy,Healthy,1.0,0.0,0.0
BANK_032,SCN_0491,Stressed,Stressed,0.0,1.0,0.0
BANK_033,SCN_0491,Critical,Critical,0.0,0.348,0.652
BANK_034,SCN_0491,Stressed,Stressed,0.0,1.0,0.0
BANK_035,SCN_0491,Healthy,Healthy,1.0,0.0,0.0
BANK_036,SCN_0491,Stressed,Healthy,0.704,0.296,0.0
BANK_037,SCN_0491,Stressed,Critical,0.006,0.332,0.662
BANK_038,SCN_0491,Stressed,Stressed,0.0,1.0,0.0
BANK_039,SCN_0491,Healthy,Healthy,1.0,0.0,0.0
BANK_040,SCN_0491,Healthy,Stressed,0.286,0.714,0.0
BANK_001,SCN_0492,Healthy,Healthy,1.0,0.0,0.0
BANK_002,SCN_0492,Healthy,Stressed,0.38,0.62,0.0
BANK_003,SCN_0492,Healthy,Healthy,0.764,0.236,0.0
BANK_004,SCN_0492,Healthy,Stressed,0.336,0.664,0.0
BANK_005,SCN_0492,Healthy,Healthy,0.996,0.004,0.0
BANK_006,SCN_0492,Stressed,Stressed,0.0,1.0,0.0
BANK_007,SCN_0492,Healthy,Healthy,1.0,0.0,0.0
BANK_008,SCN_0492,Stressed,Stressed,0.0,1.0,0.0
BANK_009,SCN_0492,Healthy,Healthy,0.996,0.004,0.0
BANK_010,SCN_0492,Stressed,Stressed,0.002,0.998,0.0
BANK_011,SCN_0492,Healthy,Healthy,0.998,0.002,0.0
BANK_012,SCN_0492,Healthy,Healthy,0.998,0.002,0.0
BANK_013,SCN_0492,Critical,Critical,0.0,0.0,1.0
BANK_014,SCN_0492,Stressed,Stressed,0.298,0.702,0.0
BANK_015,SCN_0492,Stressed,Stressed,0.0,0.686,0.314
BANK_016,SCN_0492,Healthy,Healthy,0.994,0.006,0.0
BANK_017,SCN_0492,Stressed,Stressed,0.0,0.994,0.006
BANK_018,SCN_0492,Healthy,Healthy,1.0,0.0,0.0
BANK_019,SCN_0492,Critical,Critical,0.0,0.0,1.0
BANK_020,SCN_0492,Critical,Stressed,0.0,0.628,0.372
BANK_021,SCN_0492,Critical,Critical,0.0,0.304,0.696
BANK_022,SCN_0492,Critical,Critical,0.0,0.0,1.0
BANK_023,SCN_0492,Healthy,Healthy,0.998,0.002,0.0
BANK_024,SCN_0492,Healthy,Stressed,0.318,0.682,0.0
BANK_025,SCN_0492,Stressed,Healthy,0.874,0.126,0.0
BANK_026,SCN_0492,Healthy,Healthy,1.0,0.0,0.0
BANK_027,SCN_0492,Healthy,Healthy,0.992,0.008,0.0
BANK_028,SCN_0492,Stressed,Stressed,0.0,0.988,0.012
BANK_029,SCN_0492,Stressed,Stressed,0.0,0.998,0.002
BANK_030,SCN_0492,Critical,Critical,0.0,0.0,1.0
BANK_031,SCN_0492,Healthy,Healthy,0.996,0.004,0.0
BANK_032,SCN_0492,Healthy,Healthy,1.0,0.0,0.0
BANK_033,SCN_0492,Stressed,Stressed,0.0,1.0,0.0
BANK_034,SCN_0492,Healthy,Stressed,0.282,0.718,0.0
BANK_035,SCN_0492,Healthy,Healthy,1.0,0.0,0.0
BANK_036,SCN_0492,Healthy,Healthy,1.0,0.0,0.0
BANK_037,SCN_0492,Stressed,Stressed,0.104,0.896,0.0
BANK_038,SCN_0492,Healthy,Healthy,0.76,0.24,0.0
BANK_039,SCN_0492,Healthy,Healthy,1.0,0.0,0.0
BANK_040,SCN_0492,Healthy,Healthy,1.0,0.0,0.0
BANK_001,SCN_0495,Healthy,Healthy,1.0,0.0,0.0
BANK_002,SCN_0495,Healthy,Healthy,1.0,0.0,0.0
BANK_003,SCN_0495,Healthy,Healthy,1.0,0.0,0.0
BANK_004,SCN_0495,Healthy,Healthy,1.0,0.0,0.0
BANK_005,SCN_0495,Healthy,Healthy,1.0,0.0,0.0
BANK_006,SCN_0495,Stressed,Stressed,0.0,1.0,0.0
BANK_007,SCN_0495,Healthy,Healthy,1.0,0.0,0.0
BANK_008,SCN_0495,Healthy,Healthy,0.998,0.002,0.0
BANK_009,SCN_0495,Healthy,Healthy,1.0,0.0,0.0
BANK_010,SCN_0495,Stressed,Stressed,0.288,0.712,0.0
BANK_011,SCN_0495,Healthy,Healthy,1.0,0.0,0.0
BANK_012,SCN_0495,Healthy,Healthy,1.0,0.0,0.0
BANK_013,SCN_0495,Critical,Critical,0.0,0.0,1.0
BANK_014,SCN_0495,Stressed,Healthy,0.998,0.002,0.0
BANK_015,SCN_0495,Stressed,Stressed,0.0,1.0,0.0
BANK_016,SCN_0495,Healthy,Healthy,1.0,0.0,0.0
BANK_017,SCN_0495,Stressed,Healthy,0.626,0.374,0.0
BANK_018,SCN_0495,Healthy,Healthy,1.0,0.0,0.0
BANK_019,SCN_0495,Critical,Critical,0.0,0.0,1.0
BANK_020,SCN_0495,Stressed,Stressed,0.0,1.0,0.0
BANK_021,SCN_0495,Stressed,Stressed,0.0,1.0,0.0
BANK_022,SCN_0495,Stressed,Stressed,0.0,0.912,0.088
BANK_023,SCN_0495,Healthy,Healthy,1.0,0.0,0.0
BANK_024,SCN_0495,Healthy,Healthy,1.0,0.0,0.0
BANK_025,SCN_0495,Healthy,Healthy,1.0,0.0,0.0
BANK_026,SCN_0495,Healthy,Healthy,1.0,0.0,0.0
BANK_027,SCN_0495,Healthy,Healthy,1.0,0.0,0.0
BANK_028,SCN_0495,Stressed,Stressed,0.0,1.0,0.0
BANK_029,SCN_0495,Stressed,Stressed,0.046,0.954,0.0
BANK_030,SCN_0495,Critical,Critical,0.0,0.0,1.0
BANK_031,SCN_0495,Healthy,Healthy,1.0,0.0,0.0
BANK_032,SCN_0495,Healthy,Healthy,1.0,0.0,0.0
BANK_033,SCN_0495,Stressed,Healthy,0.678,0.322,0.0
BANK_034,SCN_0495,Healthy,Healthy,1.0,0.0,0.0
BANK_035,SCN_0495,Healthy,Healthy,1.0,0.0,0.0
BANK_036,SCN_0495,Healthy,Healthy,1.0,0.0,0.0
BANK_037,SCN_0495,Stressed,Healthy,0.93,0.07,0.0
BANK_038,SCN_0495,Healthy,Healthy,1.0,0.0,0.0
BANK_039,SCN_0495,Healthy,Healthy,1.0,0.0,0.0
BANK_040,SCN_0495,Healthy,Healthy,1.0,0.0,0.0
BANK_001,SCN_0496,Healthy,Healthy,1.0,0.0,0.0
BANK_002,SCN_0496,Stressed,Healthy,0.68,0.32,0.0
BANK_003,SCN_0496,Critical,Stressed,0.124,0.876,0.0
BANK_004,SCN_0496,Healthy,Healthy,0.89,0.11,0.0
BANK_005,SCN_0496,Healthy,Healthy,1.0,0.0,0.0
BANK_006,SCN_0496,Stressed,Stressed,0.0,1.0,0.0
BANK_007,SCN_0496,Healthy,Healthy,1.0,0.0,0.0
BANK_008,SCN_0496,Stressed,Stressed,0.0,1.0,0.0
BANK_009,SCN_0496,Stressed,Stressed,0.136,0.864,0.0
BANK_010,SCN_0496,Stressed,Stressed,0.0,0.998,0.002
BANK_011,SCN_0496,Healthy,Healthy,0.996,0.004,0.0
BANK_012,SCN_0496,Healthy,Healthy,1.0,0.0,0.0
BANK_013,SCN_0496,Critical,Critical,0.0,0.0,1.0
BANK_014,SCN_0496,Stressed,Stressed,0.0,0.862,0.138
BANK_015,SCN_0496,Critical,Critical,0.0,0.052,0.948
BANK_016,SCN_0496,Healthy,Healthy,1.0,0.0,0.0
BANK_017,SCN_0496,Stressed,Critical,0.002,0.086,0.912
BANK_018,SCN_0496,Stressed,Stressed,0.0,1.0,0.0
BANK_019,SCN_0496,Critical,Critical,0.0,0.0,1.0
BANK_020,SCN_0496,Critical,Critical,0.0,0.028,0.972
BANK_021,SCN_0496,Critical,Critical,0.0,0.104,0.896
BANK_022,SCN_0496,Critical,Critical,0.0,0.066,0.934
BANK_023,SCN_0496,Stressed,Stressed,0.006,0.994,0.0
BANK_024,SCN_0496,Stressed,Stressed,0.0,1.0,0.0
BANK_025,SCN_0496,Stressed,Stressed,0.006,0.994,0.0
BANK_026,SCN_0496,Stressed,Healthy,0.77,0.23,0.0
BANK_027,SCN_0496,Stressed,Stressed,0.048,0.952,0.0
BANK_028,SCN_0496,Critical,Stressed,0.0,0.636,0.364
BANK_029,SCN_0496,Stressed,Stressed,0.0,0.636,0.364
BANK_030,SCN_0496,Critical,Critical,0.0,0.0,1.0
BANK_031,SCN_0496,Healthy,Healthy,1.0,0.0,0.0
BANK_032,SCN_0496,Stressed,Stressed,0.09,0.91,0.0
BANK_033,SCN_0496,Stressed,Stressed,0.0,0.724,0.276
BANK_034,SCN_0496,Critical,Stressed,0.0,1.0,0.0
BANK_035,SCN_0496,Healthy,Healthy,1.0,0.0,0.0
BANK_036,SCN_0496,Stressed,Healthy,0.904,0.096,0.0
BANK_037,SCN_0496,Stressed,Stressed,0.0,0.884,0.116
BANK_038,SCN_0496,Stressed,Stressed,0.0,1.0,0.0
BANK_039,SCN_0496,Healthy,Healthy,0.994,0.006,0.0
BANK_040,SCN_0496,Healthy,Healthy,0.992,0.008,0.0
BANK_001,SCN_0498,Healthy,Healthy,1.0,0.0,0.0
BANK_002,SCN_0498,Stressed,Stressed,0.262,0.738,0.0
BANK_003,SCN_0498,Healthy,Stressed,0.0,1.0,0.0
BANK_004,SCN_0498,Healthy,Stressed,0.322,0.678,0.0
BANK_005,SCN_0498,Healthy,Healthy,1.0,0.0,0.0
BANK_006,SCN_0498,Stressed,Stressed,0.0,1.0,0.0
BANK_007,SCN_0498,Healthy,Healthy,1.0,0.0,0.0
BANK_008,SCN_0498,Stressed,Stressed,0.0,1.0,0.0
BANK_009,SCN_0498,Stressed,Stressed,0.276,0.724,0.0
BANK_010,SCN_0498,Critical,Stressed,0.0,0.758,0.242
BANK_011,SCN_0498,Healthy,Healthy,0.784,0.216,0.0
BANK_012,SCN_0498,Healthy,Healthy,1.0,0.0,0.0
BANK_013,SCN_0498,Critical,Critical,0.0,0.0,1.0
BANK_014,SCN_0498,Stressed,Stressed,0.0,0.762,0.238
BANK_015,SCN_0498,Critical,Critical,0.0,0.018,0.982
BANK_016,SCN_0498,Healthy,Healthy,1.0,0.0,0.0
BANK_017,SCN_0498,Critical,Stressed,0.0,0.968,0.032
BANK_018,SCN_0498,Stressed,Stressed,0.0,1.0,0.0
BANK_019,SCN_0498,Critical,Critical,0.0,0.0,1.0
BANK_020,SCN_0498,Critical,Critical,0.0,0.0,1.0
BANK_021,SCN_0498,Critical,Stressed,0.0,0.976,0.024
BANK_022,SCN_0498,Critical,Critical,0.0,0.0,1.0
BANK_023,SCN_0498,Stressed,Stressed,0.0,1.0,0.0
BANK_024,SCN_0498,Stressed,Stressed,0.0,1.0,0.0
BANK_025,SCN_0498,Stressed,Stressed,0.21,0.75,0.04
BANK_026,SCN_0498,Stressed,Healthy,0.728,0.272,0.0
BANK_027,SCN_0498,Stressed,Stressed,0.034,0.966,0.0
BANK_028,SCN_0498,Critical,Stressed,0.0,0.692,0.308
BANK_029,SCN_0498,Critical,Critical,0.0,0.086,0.914
BANK_030,SCN_0498,Critical,Critical,0.0,0.0,1.0
BANK_031,SCN_0498,Healthy,Healthy,1.0,0.0,0.0
BANK_032,SCN_0498,Stressed,Stressed,0.0,1.0,0.0
BANK_033,SCN_0498,Critical,Stressed,0.0,0.65,0.35
BANK_034,SCN_0498,Stressed,Stressed,0.0,0.996,0.004
BANK_035,SCN_0498,Healthy,Healthy,1.0,0.0,0.0
BANK_036,SCN_0498,Healthy,Stressed,0.228,0.772,0.0
BANK_037,SCN_0498,Stressed,Critical,0.002,0.338,0.66
BANK_038,SCN_0498,Stressed,Stressed,0.0,0.994,0.006
BANK_039,SCN_0498,Healthy,Healthy,1.0,0.0,0.0
BANK_040,SCN_0498,Healthy,Healthy,0.986,0.014,0.0
