loan_id,sector,pd_annual,lgd,ead,rwa,loan_amount
LN_000001,Technology,0.00584,0.5415,2231852.0,1209754.0,2231852.0
LN_000002,Technology,0.0126,0.3865,6319210.0,4045442.0,6319210.0
LN_000003,Technology,0.0119,0.4048,4066620.0,2323031.0,4066620.0
LN_000004,Technology,0.01002,0.5537,418790.0,321615.0,418790.0
LN_000005,Technology,0.00313,0.607,3004580.0,2484953.0,3004580.0
LN_000006,Technology,0.0084,0.5565,4904139.0,3337487.0,4904139.0
LN_000007,Technology,1.07%,0.2877,3155120.0,1818513.0,3155120.0
LN_000008,Technology,0.01164,0.4379,5602466.0,3631067.0,5602466.0
LN_000009,Technology,0.00512,0.3526,1154388.0,683594.0,1154388.0
LN_000010,Technology,0.00866,0.5004,772839.0,548264.0,-772839.0
LN_000011,Technology,0.00674,0.2614,5069373.0,3034437.0,5069373.0
LN_000012,Technology,0.00734,0.6305,689135.0,476484.0,689135.0
LN_000013,Technology,0.0187,0.6018,230757.0,201158.0,230757.0
LN_000014,Technology,0.00735,0.5883,5575863.0,3741733.0,5575863.0
LN_000015,Technology,0.01082,0.5863,969439.0,728270.0,969439.0
LN_000016,technology,0.01712,0.3904,1472676.0,1068249.0,1472676.0
LN_000017,Technology,0.00822,0.3925,494192.0,321642.0,494192.0
LN_000018,Technology,0.0104,0.4421,531326.0,323382.0,531326.0
LN_000019,Technology,0.01162,0.6208,629115.0,456789.0,629115.0
LN_000020,Technology,0.01136,0.4885,1394446.0,925512.0,1394446.0
LN_000021,Technology,0.00596,0.3963,2895467.0,1740653.0,2895467.0
LN_000022,Techno logy,0.01143,0.4308,200957.0,143255.0,200957.0
LN_000023,Technology,0.0217,0.287,4243211.0,2433261.0,4243211.0
LN_000024,Technology,0.00507,0.4036,613331.0,383788.0,613331.0
LN_000025,Technology,0.0169,0.6165,688552.0,565312.0,688552.0
LN_000026,Technology,0.01168,0.5258,3939298.0,2903837.0,3939298.0
LN_000027,Technology,0.00798,0.32,1856166.0,1108554.0,1856166.0
LN_000028,Technology,0.02991,0.4915,430294.0,376810.0,430294.0
LN_000029,Technology,0.0161,0.4967,12651046.0,9414801.0,12651046.0
LN_000030,Technology,0.00604,0.6753,845798.0,677050.0,845798.0
LN_000031,Technology,0.01142,0.7948,2561167.0,2263549.0,2561167.0
LN_000032,Technology,0.01468,0.5003,2442538.0,1961020.0,2442538.0
LN_000033,Technology,0.01001,0.224,8202790.0,3594815.0,8202790.0
LN_000034,Technology,0.01548,0.6793,1268048.0,1116649.0,1268048.0
LN_000035,Technology,0.01064,0.5067,5480722.0,3723898.0,5480722.0
LN_000036,Technology,0.01536,0.3714,952426.0,602273.0,952426.0
LN_000037,Technology,0.02258,0.4923,6142772.0,4347854.0,6142772.0
LN_000038,Technology,0.00785,0.5361,932545.0,558105.0,932545.0
LN_000039,Technology,0.01218,0.5085,1392274.0,951785.0,1392274.0
LN_000040,Technology,0.00873,0.4533,13317963.0,8221140.0,13317963.0
LN_000041,Technology,0.01172,0.4925,2745927.0,1965893.0,2745927.0
LN_000042,technology,0.00608,0.6812,2232018.0,1534478.0,2232018.0
LN_000043,Techno logy,0.00823,0.5613,18825201.0,14678204.0,18825201.0
LN_000044,Technology,0.00997,0.4503,2870551.0,1926391.0,2870551.0
LN_000045,Technology,1.72%,0.3513,884272.0,560838.0,884272.0
LN_000046,Technology,0.0195,0.647,4169413.0,3282880.0,4169413.0
LN_000047,Technology,0.00568,0.4859,613525.0,375435.0,613525.0
LN_000048,Technology,0.00739,0.4288,6180899.0,3546007.0,6180899.0
LN_000049,Technology,0.0152,0.2369,6680046.0,3635717.0,6680046.0
LN_000050,Technology,0.00406,0.4316,1127709.0,690233.0,1127709.0
LN_000051,Technology,0.00873,0.3956,1067421.0,652269.0,1067421.0
LN_000052,Technology,0.01048,0.3064,2386079.0,1218532.0,2386079.0
LN_000053,Technology,0.02062,0.6316,2028512.0,1638675.0,2028512.0
LN_000054,Technology,0.01553,0.5319,752360.0,519901.0,752360.0
LN_000055,Technology,0.00934,0.3462,3529778.0,2133527.0,3529778.0
LN_000056,Technology,0.00915,0.6346,259570.0,219898.0,259570.0
LN_000057,Technology,0.00971,0.3344,1297303.0,808751.0,1297303.0
LN_000058,Technology,N/A,0.5706,1335367.0,1054334.0,1335367.0
LN_000059,Technology,0.00888,0.4396,1521781.0,857992.0,1521781.0
LN_000060,Technology,0.00945,0.5405,2719291.0,1721903.0,2719291.0
LN_000061,Technology,--,0.1563,585742.0,252084.0,585742.0
LN_000062,Technology,0.01036,0.6254,3602623.0,2854634.0,3602623.0
LN_000063,Technology,0.00997,0.5819,1670283.0,1155145.0,1670283.0
LN_000064,Technology,0.0063,0.6785,1043866.0,797664.0,1043866.0
LN_000065,Technology,0.01094,0.4889,509829.0,333139.0,509829.0
LN_000066,Technology,0.00881,0.4031,612650.0,385435.0,612650.0
LN_000067,Technology,0.01971,0.2993,2867590.0,2015744.0,2867590.0
LN_000068,Technology,0.01525,0.285,762844.0,430225.0,762844.0
LN_000069,Technology,0.01087,0.474,2132609.0,1405075.0,2132609.0
LN_000070,Technology,0.01536,0.3788,5784200.0,3529705.0,5784200.0
LN_000071,Technology,0.00928,0.6651,5616956.0,4579178.0,5616956.0
LN_000072,Technology,0.01861,0.4403,"9,521,421",6213547.0,9521421.0
LN_000073,Technology,0.01097,0.3212,1487139.0,796862.0,1487139.0
LN_000074,Tech,0.01473,0.657,675703.0,493469.0,675703.0
LN_000075,Technology,0.00577,0.4747,5549305.0,3192256.0,5549305.0
LN_000076,Technology,0.01308,0.5753,2725770.0,2094663.0,2725770.0
LN_000077,Technology,0.00473,0.3954,6153973.0,4457241.0,6153973.0
LN_000078,Technology,0.00398,0.5635,2022235.0,1282083.0,2022235.0
LN_000079,Technology,0.00945,0.3886,6611385.0,4416391.0,6611385.0
LN_000080,Technology,0.00701,0.3935,"4,662,420",2895727.0,4662420.0
LN_000081,Technology,0.01194,0.2008,4094187.0,1952849.0,4094187.0
LN_000082,Technology,0.03379,0.3086,3309080.0,2344996.0,3309080.0
LN_000083,Technology,0.00726,0.4113,2976792.0,1810171.0,2976792.0
LN_000084,Technology,0.00805,0.2962,2524853.0,1329844.0,2524853.0
LN_000085,Technology,0.01219,0.644,2506916.0,2190737.0,2506916.0
LN_000086,Technology,0.01408,0.4118,5383516.0,3045138.0,5383516.0
LN_000087,Technology,0.01007,0.3819,1198616.0,766536.0,1198616.0
LN_000088,Technology,0.00992,0.7123,11345626.0,9279521.0,11345626.0
LN_000089,Technology,0.01563,0.3476,1798413.0,1089812.0,1798413.0
LN_000090,Techno logy,0.01427,0.4213,5357671.0,3615404.0,5357671.0
LN_000091,Technology,0.00656,0.4732,1827422.0,1267335.0,1827422.0
LN_000092,Technology,0.01057,0.5639,1562803.0,1142777.0,1562803.0
LN_000093,Technology,0.0112,0.6388,15262345.0,12048160.0,15262345.0
LN_000094,Technology,0.00649,0.5449,1467855.0,1061702.0,1467855.0
LN_000095,Technology,0.01253,0.4317,557624.0,312824.0,557624.0
LN_000096,Technology,0.00716,0.5159,979283.0,735105.0,979283.0
LN_000097,Technology,0.01788,0.2099,1456329.0,1000006.0,1456329.0
LN_000098,Technology,0.01211,0.4048,"17,259,091",11983748.0,17259091.0
LN_000099,Technology,0.0115,0.4503,2459365.0,1764216.0,2459365.0
LN_000100,Technology,,0.6355,5092967.0,3454324.0,5092967.0
LN_000101,Technology,0.01037,0.7035,734583.0,582690.0,734583.0
LN_000102,Technology,0.00405,0.4332,2845547.0,1627551.0,2845547.0
LN_000103,Technology,0.00625,0.6441,3914257.0,2788485.0,3914257.0
LN_000104,Technology,0.01319,0.4368,12118996.0,8698136.0,12118996.0
LN_000105,Technology,0.00379,0.3979,996882.0,549719.0,996882.0
LN_000106,Technology,0.0168,0.5623,3656976.0,2755764.0,3656976.0
LN_000107,Technology,0.00459,0.4312,2706702.0,1405635.0,2706702.0
LN_000108,Technology,0.01606,0.4253,719954.0,484045.0,719954.0
LN_000109,Technology,0.00721,0.473,1961464.0,1290473.0,1961464.0
LN_000110,Technology,1.62%,0.579,1536754.0,1122806.0,1536754.0
LN_000111,Technology,0.01174,0.3605,195495.0,113919.0,195495.0
LN_000112,technology,0.0051,0.337,3639391.0,2403033.0,3639391.0
LN_000113,Technology,0.02054,0.3138,3432849.0,2009355.0,3432849.0
LN_000114,Technology,0.02262,0.4539,1289446.0,880488.0,1289446.0
LN_000115,Technology,0.01064,0.2811,524445.0,276923.0,524445.0
LN_000116,Technology,0.00959,0.3742,8784845.0,5914705.0,8784845.0
LN_000117,Technology,0.01015,0.5576,2609468.0,2146790.0,2609468.0
LN_000118,Technology,0.00676,0.6158,5528124.0,4123004.0,5528124.0
LN_000119,Technology,1.91%,0.7147,8194547.0,6732076.0,8194547.0
LN_000120,Technology,0.00839,0.5869,1187963.0,833624.0,1187963.0
LN_000121,Technology,0.01072,0.6879,4505513.0,3811387.0,4505513.0
LN_000122,Technology,0.0074,0.5257,1571449.0,1002500.0,1571449.0
LN_000123,Technology,0.00804,0.6076,1878735.0,1512527.0,1878735.0
LN_000124,Technology,0.00581,0.5847,1835894.0,1426921.0,1835894.0
LN_000125,Technology,0.02062,0.7872,1997364.0,1818037.0,1997364.0
LN_000126,Technology,0.01018,0.3773,6092798.0,3965843.0,6092798.0
LN_000127,Technology,0.01783,0.4948,2263641.0,1735359.0,2263641.0
LN_000128,Technology,1.11%,0.5608,1715002.0,1376418.0,1715002.0
LN_000129,Technology,0.00777,0.3533,1516811.0,816626.0,1516811.0
LN_000130,Technology,0.00934,0.4824,2813590.0,2055115.0,2813590.0
LN_000131,Technology,0.00831,0.4882,817323.0,530962.0,817323.0
LN_000132,Technology,0.01104,0.331,1209841.0,677442.0,1209841.0
LN_000133,Technology,0.00912,0.4094,1898125.0,1205293.0,1898125.0
LN_000134,Technology,0.00947,0.6111,1135756.0,831627.0,1135756.0
LN_000135,Technology,0.00552,0.6582,"1,776,546",1236052.0,1776546.0
LN_000136,Technology,0.00735,0.4754,1085858.0,625150.0,1085858.0
LN_000137,Technology,0.02515,0.5248,14836717.0,11015353.0,14836717.0
LN_000138,Technology,0.00786,0.3581,7554987.0,5037301.0,7554987.0
LN_000139,Technology,0.00649,0.4146,3136474.0,2242996.0,3136474.0
LN_000140,Technology,0.01302,0.3919,1895587.0,1281775.0,1895587.0
LN_000141,Technology,0.02223,0.4998,17884087.0,14621185.0,17884087.0
LN_000142,Technology,0.00532,0.3867,2762401.0,1571100.0,2762401.0
LN_000143,Techno logy,0.00991,0.3503,1833637.0,1097013.0,1833637.0
LN_000144,Technology,0.00802,0.6106,2708171.0,2025936.0,2708171.0
LN_000145,Technology,0.00456,0.55,2715810.0,1699591.0,2715810.0
ln_000146,Technology,0.01588,0.5491,8194514.0,5718232.0,8194514.0
LN_000147,Technology,0.01087,0.4066,1962428.0,1263234.0,1962428.0
LN_000148,Technology,0.0114,0.624,"16,321,316",12169014.0,16321316.0
LN_000149,Technology,0.00755,0.8392,827891.0,665360.0,827891.0
LN_000150,Technology,0.01381,0.4931,4003614.0,2896124.0,4003614.0
LN_000151,Tech,0.0084,0.5543,734416.0,508308.0,734416.0
LN_000152,Technology,0.01024,0.3381,12307984.0,7981230.0,12307984.0
LN_000153,Technology,0.00632,0.4376,1437035.0,902984.0,1437035.0
LN_000154,Technology,0.00599,0.4015,1886943.0,1116632.0,1886943.0
LN_000155,Technology,0.02145,0.4986,5039889.0,3826717.0,5039889.0
LN_000156,Technology,0.00854,0.4442,7018067.0,4469929.0,7018067.0
LN_000157,Technology,0.01273,0.4804,657882.0,432329.0,657882.0
LN_000158,Technology,0.01082,0.4425,1414800.0,902850.0,1414800.0
LN_000159,Technology,0.00882,0.3708,495704.0,319414.0,495704.0
LN_000160,Technology,0.00853,0.5202,2294356.0,1651130.0,2294356.0
LN_000161,Technology,0.01507,0.3847,1807193.0,1294525.0,1807193.0
LN_000162,technology,0.95%,0.7103,1410879.0,1005613.0,1410879.0
LN_000163,Technology,999,0.3113,1008724.0,567645.0,1008724.0
LN_000164,Technology,0.01112,0.6406,1359668.0,1017465.0,1359668.0
LN_000165,Technology,0.01981,0.4879,948145.0,707092.0,948145.0
LN_000166,Technology,0.01546,0.5398,3394339.0,2433831.0,3394339.0
LN_000167,Technology,0.01332,0.4092,9107491.0,5731437.0,9107491.0
LN_000168,Technology,0.0083,0.6272,290086.0,227401.0,290086.0
LN_000169,Technology,0.00551,0.4783,1781008.0,1166652.0,1781008.0
LN_000170,Technology,0.01768,0.21,1316498.0,675736.0,1316498.0
LN_000171,Technology,0.01783,0.5723,3272374.0,2743950.0,3272374.0
LN_000172,Technlogy,0.01025,0.8003,772116.0,696078.0,772116.0
LN_000173,Technology,0.01442,0.5477,1727562.0,1225020.0,1727562.0
LN_000174,Technology,0.01626,0.6252,707198.0,589078.0,707198.0
LN_000175,Technology,0.01667,0.5962,4014228.0,2975084.0,4014228.0
ln_000176,Technology,0.01744,0.274,2208739.0,1461354.0,2208739.0
LN_000177,Techno logy,0.00876,0.2733,1701776.0,922298.0,1701776.0
LN_000178,Technology,0.02346,0.5822,2896013.0,2232402.0,2896013.0
LN_000179,Technology,0.0059,0.2466,1563089.0,785260.0,1563089.0
LN_000180,Technology,0.01692,0.5399,422877.0,300336.0,422877.0
LN_000181,Technology,0.01408,0.3204,3628711.0,2250960.0,3628711.0
LN_000182,Technology,0.01703,0.5923,2668235.0,2099014.0,2668235.0
LN_000183,Technology,0.02815,0.6965,1714408.0,1549361.0,1714408.0
LN_000184,Technology,0.02311,0.8097,5355222.0,4852648.0,5355222.0
LN_000185,Technology,0.0062,0.5005,6764191.0,3243020.0,6764191.0
LN_000186,Technology,0.00473,0.6199,670900.0,485687.0,670900.0
LN_000187,Technology,0.01655,0.514,915826.0,583548.0,915826.0
LN_000188,Technology,0.00662,0.501,9397393.0,6366563.0,9397393.0
LN_000189,Technology,--,0.4117,8264746.0,5773381.0,8264746.0
LN_000190,Technology,0.01674,0.7002,955762.0,811689.0,955762.0
LN_000191,Technology,0.00484,0.5048,614121.0,391291.0,614121.0
LN_000192,Technology,0.00383,0.4941,1057153.0,672049.0,1057153.0
LN_000193,Technology,1.25%,0.4311,1215348.0,796784.0,1215348.0
LN_000194,Technology,0.01125,0.3847,410279.0,246832.0,410279.0
LN_000195,Technology,0.00973,0.2482,2063316.0,1064047.0,2063316.0
LN_000196,Technology,0.01121,0.4525,555975.0,344680.0,555975.0
LN_000197,Technology,0.00715,0.4864,596162.0,429141.0,596162.0
LN_000198,Technology,0.00516,0.6037,4999079.0,3560384.0,4999079.0
LN_000199,Technology,0.01012,0.3822,1010008.0,675448.0,1010008.0
LN_000200,Technology,0.00677,0.5125,1862046.0,1228947.0,1862046.0
LN_000201,Technology,0.00484,0.5449,3751829.0,2559880.0,3751829.0
LN_000202,Technology,0.01416,0.5773,4510334.0,3355522.0,4510334.0
LN_000203,Technology,0.01067,0.6388,1427789.0,1125789.0,1427789.0
LN_000204,Technology,0.01348,0.6109,2090210.0,1689283.0,2090210.0
LN_000205,Technology,0.00671,0.7136,876114.0,696278.0,876114.0
LN_000206,Technology,-999,0.3831,11479087.0,6594742.0,11479087.0
LN_000207,Technology,0.67%,0.4975,3830889.0,2392994.0,3830889.0
LN_000208,Technology,0.00706,0.6236,663589.0,543023.0,663589.0
LN_000209,Technology,0.01213,0.56,2008132.0,1439404.0,2008132.0
LN_000210,Technology,0.00744,0.5235,4082456.0,2727073.0,4082456.0
LN_000211,Technology,0.01314,0.3205,3230246.0,2191407.0,3230246.0
LN_000212,Technology,0.01304,0.5835,12457431.0,10009831.0,12457431.0
LN_000213,Technology,0.03028,0.3178,7888976.0,5783840.0,7888976.0
LN_000214,Technology,0.00548,0.4948,1166305.0,740683.0,1166305.0
LN_000215,Technology,0.01715,0.7724,1829361.0,1820836.0,1829361.0
LN_000216,Technology,0.01052,0.687,555218.0,450052.0,555218.0
LN_000217,Technology,0.01092,0.4152,2566646.0,1722919.0,2566646.0
LN_000218,Technology,0.00533,0.5486,2326042.0,1570403.0,2326042.0
LN_000219,Technology,0.00874,,29863292.0,18569424.0,29863292.0
LN_000220,Technology,0.01595,0.3301,2204988.0,1235913.0,2204988.0
LN_000221,Technology,0.01056,0.4194,246571.0,163805.0,246571.0
LN_000222,Technology,0.01145,0.2559,1021284.0,591409.0,1021284.0
LN_000223,Technology,0.00951,0.5728,2237807.0,1589087.0,2237807.0
LN_000224,Technology,0.01959,0.7889,569573.0,480085.0,569573.0
LN_000225,Technology,0.01088,0.4647,840246.0,503160.0,840246.0
LN_000226,Technology,0.00366,NA,1387511.0,742761.0,1387511.0
LN_000227,Technology,0.00778,0.2965,2814990.0,1370806.0,2814990.0
LN_000228,Technology,0.00411,0.6423,1695208.0,1310148.0,1695208.0
LN_000229,Technology,0.00216,0.5545,821942.0,596396.0,821942.0
LN_000230,Technology,0.00844,0.3848,4396586.0,3313702.0,4396586.0
LN_000231,Technology,0.02143,0.3996,1165919.0,865442.0,1165919.0
ln_000232,Technology,0.01126,0.4937,1213900.0,800522.0,1213900.0
LN_000233,Techno logy,0.00612,0.3508,503332.0,269832.0,503332.0
LN_000234,Technology,0.00687,0.6176,911313.0,508831.0,911313.0
LN_000235,Technology,0.01936,0.5216,3837875.0,2775925.0,3837875.0
LN_000236,Technology,0.0119,0.3991,396727.0,250752.0,396727.0
LN_000237,Technology,0.01127,0.5063,1862600.0,1386638.0,1862600.0
LN_000238,Technology,0.01071,0.5453,4099529.0,3053105.0,4099529.0
LN_000239,Technology,0.01121,0.1916,1371683.0,757266.0,1371683.0
LN_000240,Technology,0.01645,0.6856,2541966.0,2126305.0,2541966.0
LN_000241,Technology,0.0145,0.6836,654655.0,553866.0,654655.0
LN_000242,Technology,0.01225,0.5157,7414408.0,5779730.0,7414408.0
LN_000243,Technology,0.00653,0.4267,6014646.0,3432178.0,6014646.0
LN_000244,Technology,0.0142,0.3919,2531080.0,1589195.0,2531080.0
LN_000245,Technology,0.00781,0.6804,345787.0,242629.0,345787.0
LN_000246,Technology,0.01901,0.5674,702707.0,602241.0,702707.0
LN_000247,Technology,0.00583,0.2795,5311372.0,3205672.0,5311372.0
LN_000248,Technology,0.01027,0.256,11092490.0,6544930.0,11092490.0
LN_000249,Technology,0.01096,0.5013,2690596.0,1699168.0,2690596.0
LN_000250,Technology,0.00567,0.3236,6961995.0,3973093.0,6961995.0
LN_000251,Technology,0.02602,0.3366,1089137.0,740070.0,1089137.0
LN_000252,Technology,2.28%,0.7526,1654932.0,1497615.0,1654932.0
LN_000253,Technology,0.00872,0.7751,2002297.0,1640390.0,2002297.0
LN_000254,Technology,0.01618,0.8021,3053364.0,2791506.0,3053364.0
LN_000255,Technology,0.01329,0.2702,433587.0,242215.0,433587.0
LN_000256,Technology,0.00298,0.4526,5123378.0,3379047.0,5123378.0
LN_000257,Technology,0.01247,0.1692,7505933.0,3977816.0,7505933.0
LN_000258,Technology,0.01067,0.2665,634075.0,346142.0,634075.0
LN_000259,Technology,0.01147,0.5166,515719.0,359638.0,515719.0
LN_000260,Technology,0.00642,0.4089,2839725.0,1679437.0,2839725.0
LN_000261,Technology,0.00961,0.3666,1039599.0,675724.0,1039599.0
LN_000262,technology,-999,0.6489,186806.0,140793.0,186806.0
LN_000263,Technology,0.01992,0.5101,4489452.0,3433819.0,4489452.0
LN_000264,Technology,0.013,0.6281,2336704.0,1761556.0,2336704.0
LN_000265,Technology,0.01097,0.253,1241723.0,596903.0,1241723.0
LN_000266,Technology,0.02363,0.4785,16553399.0,13246725.0,16553399.0
LN_000267,Technology,0.00833,0.5508,2298028.0,1493768.0,2298028.0
LN_000268,Technology,0.91%,0.6396,941498.0,743821.0,941498.0
LN_000269,TECHNOLOGY,0.00443,0.4417,2212889.0,1417441.0,2212889.0
LN_000270,Technology,0.02411,0.6335,706860.0,537401.0,706860.0
LN_000271,Technology,0.01782,0.4901,933738.0,634197.0,933738.0
LN_000272,Technology,0.0174,0.497,2943237.0,2066259.0,2943237.0
LN_000273,Technology,0.01537,0.6292,1149065.0,858620.0,1149065.0
LN_000274,Technology,0.01162,0.585,1274015.0,869398.0,1274015.0
LN_000275,Technology,0.01225,0.5147,10613131.0,7891889.0,10613131.0
LN_000276,Technology,0.0097,0.6503,4724662.0,3561886.0,4724662.0
LN_000277,Technology,0.00994,0.5737,4463678.0,3322806.0,4463678.0
LN_000278,Technology,0.0113,0.4378,3393846.0,2162101.0,3393846.0
LN_000279,Tech,0.02343,0.635,3245757.0,2775412.0,3245757.0
LN_000280,Technology,0.01452,0.4287,8582559.0,5452968.0,8582559.0
LN_000281,Technology,0.01068,0.6006,1961288.0,1457414.0,1961288.0
LN_000282,Technology,0.00823,0.4412,12789970.0,8583712.0,12789970.0
LN_000283,Technology,0.00801,0.5942,772399.0,561615.0,772399.0
LN_000284,Technology,None,0.4878,1549775.0,1150724.0,1549775.0
LN_000285,Technology,0.01417,0.5699,503864.0,349742.0,503864.0
LN_000286,Technology,0.01138,0.2308,1418180.0,785102.0,1418180.0
LN_000287,Technology,0.00925,0.6459,3358820.0,2613165.0,3358820.0
LN_000288,Technology,0.00632,0.4699,8536867.0,5407512.0,8536867.0
LN_000289,Technology,0.01064,0.6778,1030269.0,770790.0,1030269.0
LN_000290,Technology,0.01703,0.6498,2010637.0,1682232.0,2010637.0
LN_000291,Technology,0.00904,0.7416,1396455.0,1307350.0,1396455.0
LN_000292,Technology,0.00982,0.6566,955565.0,721384.0,955565.0
LN_000293,Technology,0.00985,0.6249,608820.0,468557.0,608820.0
LN_000294,Technology,0.01162,0.6811,2125078.0,1728042.0,2125078.0
LN_000295,Technology,0.00496,0.5551,353837.0,196990.0,353837.0
LN_000296,Technology,0.00978,0.3658,2233769.0,1376103.0,2233769.0
LN_000297,Technology,0.72%,0.5488,2042346.0,1347037.0,2042346.0
LN_000298,Technology,0.01712,0.2514,1036031.0,683985.0,1036031.0
LN_000299,Technology,0.00748,0.7328,727780.0,571470.0,727780.0
LN_000300,Technology,0.01468,0.6198,500995.0,370771.0,500995.0
LN_000301,Technology,0.02357,0.3132,12993843.0,8482245.0,12993843.0
LN_000302,Technology,0.0094,0.7138,522660.0,421965.0,522660.0
LN_000303,Technology,0.00814,0.6384,9495799.0,6855953.0,9495799.0
LN_000304,Technology,0.0121,0.2398,3644838.0,2011581.0,3644838.0
LN_000305,Technology,0.01099,0.4724,1389753.0,845034.0,1389753.0
LN_000306,Technology,0.00669,0.7229,628808.0,488266.0,628808.0
LN_000307,Technology,0.01385,0.5349,5672561.0,4345666.0,5672561.0
LN_000308,Technology,-999,0.2945,11277374.0,8923221.0,11277374.0
LN_000309,Technology,0.00967,0.3114,785938.0,483047.0,785938.0
LN_000310,Technology,0.00994,0.5104,"1,483,497",1044311.0,1483497.0
LN_000311,Technology,0.00652,0.6782,5724590.0,4701866.0,5724590.0
LN_000312,Technology,0.0129,0.4342,2798072.0,2006781.0,2798072.0
LN_000313,Technology,0.0059,0.3375,14777535.0,9667169.0,14777535.0
LN_000314,Technology,0.00632,0.3727,1130888.0,731763.0,1130888.0
LN_000315,Technology,0.02086,0.5949,3439886.0,2739688.0,3439886.0
LN_000316,Technology,0.00699,0.7152,572478.0,456972.0,572478.0
LN_000317,Technology,0.01889,0.3716,16265380.0,11005897.0,16265380.0
LN_000318,Technology,0.02357,0.3062,963490.0,650330.0,963490.0
LN_000319,TECHNOLOGY,0.01252,0.6115,219848.0,169605.0,219848.0
LN_000320,Tech,0.01451,0.7368,1763646.0,1416474.0,1763646.0
LN_000321,Technology,0.0292,0.4628,1739707.0,1173518.0,1739707.0
LN_000322,Technology,0.00997,0.4936,13581637.0,8797095.0,13581637.0
LN_000323,Technology,0.00818,0.3434,1425222.0,693526.0,1425222.0
LN_000324,Technology,0.00559,0.2872,1974872.0,1076108.0,1974872.0
LN_000325,Technology,0.01123,0.4316,3620406.0,2371285.0,3620406.0
LN_000326,Technology,0.02305,0.3823,9770991.0,6007039.0,9770991.0
LN_000327,Technology,0.01777,0.4436,1877456.0,1379943.0,1877456.0
LN_000328,Technology,0.00687,0.3066,5655480.0,3411203.0,5655480.0
LN_000329,Technology,0.00717,0.7586,3357618.0,2736711.0,3357618.0
LN_000330,Technology,0.00855,n.a.,1487225.0,1139490.0,1487225.0
LN_000331,Technology,0.01273,0.4011,2161282.0,1600570.0,2161282.0
LN_000332,Technology,0.00993,0.6132,2058178.0,1413001.0,2058178.0
LN_000333,Technology,0.01225,0.442,800213.0,574867.0,800213.0
LN_000334,Technology,0.01276,0.3692,6731702.0,4386736.0,6731702.0
LN_000335,Technology,0.00947,0.696,500337.0,405554.0,500337.0
LN_000336,Technology,0.01078,0.4982,6451522.0,4744420.0,6451522.0
LN_000337,Technology,0.0122,0.6268,5194324.0,3802174.0,5194324.0
LN_000338,Technology,0.01055,0.6184,1822297.0,1318981.0,1822297.0
LN_000339,Technology,0.01415,0.5122,930254.0,628182.0,930254.0
LN_000340,Technology,0.02803,0.5394,1594758.0,1239342.0,1594758.0
LN_000341,Technology,0.01479,0.706,3208880.0,2638008.0,3208880.0
LN_000342,Technology,0.01131,0.6464,"4,204,711",2946696.0,4204711.0
LN_000343,Technology,0.00473,0.5782,2664632.0,1716326.0,2664632.0
LN_000344,Technology,0.01335,0.7561,5393980.0,4719044.0,5393980.0
LN_000345,Technology,0.00416,0.2474,1145353.0,581200.0,1145353.0
LN_000346,Technology,0.00544,0.2205,2528746.0,1322640.0,2528746.0
LN_000347,Technology,0.01686,0.6276,416779.0,292538.0,416779.0
LN_000348,Technology,0.01566,0.4091,4292090.0,2703002.0,4292090.0
LN_000349,Technology,0.01021,0.4288,2331061.0,1443633.0,2331061.0
LN_000350,Technology,0.00468,0.5114,1319922.0,872426.0,1319922.0
LN_000351,Technology,0.00914,0.3512,6389715.0,3633466.0,6389715.0
LN_000352,Technology,0.00783,0.4582,3993521.0,2778221.0,3993521.0
LN_000353,Healthcare,0.0068,0.2096,597674.0,269676.0,597674.0
LN_000354,Healthcare,0.00706,0.373,1244336.0,785009.0,1244336.0
LN_000355,Healthcare,0.70%,0.5118,5805728.0,3767291.0,5805728.0
LN_000356,Healthcare,0.00997,0.1206,1705548.0,847126.0,1705548.0
LN_000357,Healthcare,0.00553,0.1991,887830.0,386204.0,887830.0
LN_000358,Healthcare,0.01227,0.1909,532578.0,283150.0,532578.0
LN_000359,Healthcare,0.00881,0.1695,3418409.0,1401000.0,3418409.0
LN_000360,Healthcare,0.00756,0.1188,5545793.0,2412079.0,5545793.0
LN_000361,Healthcare,0.00715,0.477,8109537.0,5094296.0,8109537.0
LN_000362,Health Care,0.00908,0.2794,2110523.0,1235362.0,2110523.0
LN_000363,Healthcare,0.01163,0.53,5686728.0,4084701.0,5686728.0
LN_000364,Healthcare,0.01123,0.205,711917.0,369742.0,711917.0
LN_000365,Healthcare,0.00845,0.414,2365924.0,1580925.0,2365924.0
LN_000366,Healthcare,0.01085,0.2534,1015885.0,570881.0,1015885.0
LN_000367,Healthcare,0.00743,0.4598,2379728.0,1599824.0,2379728.0
LN_000368,Healthcare,0.01309,0.1335,4237023.0,2280228.0,4237023.0
LN_000369,Healthcare,0.00691,0.4615,5829163.0,3729656.0,5829163.0
LN_000370,Healthcare,0.00248,0.4719,743223.0,451606.0,743223.0
LN_000371,Healthcare,0.01367,0.4834,7103832.0,5058115.0,7103832.0
LN_000372,Healthcare,MISSING,0.2636,1244534.0,642568.0,1244534.0
LN_000373,Healthcare,0.0039,0.4296,717067.0,449478.0,717067.0
LN_000374,Healthcare,0.00634,0.2113,1686310.0,939911.0,1686310.0
LN_000375,Healthcare,0.0045,0.2609,463288.0,259889.0,463288.0
LN_000376,Healthcare,0.02001,0.3798,2009177.0,1321321.0,2009177.0
LN_000377,Healthcare,0.00898,0.2622,2672064.0,1287013.0,2672064.0
LN_000378,Healthcare,0.00319,0.3151,1636856.0,879686.0,1636856.0
LN_000379,Healthcare,0.0092,0.2332,3418876.0,1794529.0,3418876.0
LN_000380,Healthcare,0.00573,0.5529,1460043.0,1082530.0,1460043.0
LN_000381,Healthcare ,0.01825,0.2399,2008118.0,1144753.0,2008118.0
LN_000382,Healthcare,0.00414,0.4202,473541.0,280887.0,473541.0
LN_000383,Healthcare,0.00228,0.3177,2087191.0,1195574.0,2087191.0
LN_000384,Healthcare,n/a,0.4104,853944.0,506362.0,853944.0
LN_000385,Healthcare,0.59%,0.2741,1275539.0,670614.0,1275539.0
LN_000386,Healthcare,0.00568,0.2226,1821150.0,1073987.0,1821150.0
LN_000387,Healthcare,0.0024,0.2783,2420865.0,1427045.0,2420865.0
LN_000388,Healthcare,0.00867,0.3789,385383.0,246445.0,385383.0
LN_000389,Healthcare,0.01616,0.244,418835.0,248033.0,418835.0
LN_000390,Healthcare,0.00269,n.a.,1478713.0,908139.0,1478713.0
LN_000391,Healthcare,0.01257,0.277,3214054.0,1939031.0,3214054.0
LN_000392,Healthcare,0.00527,0.1708,2867351.0,1365154.0,2867351.0
LN_000393,Healthcare,0.02266,0.3468,4883820.0,3347123.0,4883820.0
LN_000394,Healthcare,0.00871,0.2309,7346497.0,3680743.0,7346497.0
LN_000395,Healthcare,0.00637,0.2285,3285703.0,1678745.0,3285703.0
LN_000396,Healthcare,0.01217,0.3502,1960667.0,1184361.0,1960667.0
LN_000397,Healthcare,0.00911,0.3777,712974.0,446140.0,712974.0
LN_000398,Healthcare,0.00521,0.3887,776530.0,515562.0,776530.0
LN_000399,Healthcare,0.00998,0.5782,1253546.0,932128.0,1253546.0
LN_000400,Healthcare,0.00542,0.3604,2613352.0,1295367.0,2613352.0
LN_000401,Healthcare,0.00286,0.1956,2493987.0,1057357.0,2493987.0
LN_000402,Healthcare,0.01933,0.5691,2008506.0,1401090.0,2008506.0
LN_000403,Healthcare,0.00588,0.1692,1716736.0,749098.0,1716736.0
LN_000404,Healthcare,0.00516,0.592,3757085.0,2750611.0,3757085.0
LN_000405,Healthcare,0.00829,0.2881,2463245.0,1418457.0,2463245.0
LN_000406,Healthcare,0.00321,0.3511,2693911.0,1427930.0,2693911.0
LN_000407,Healthcare,0.00356,0.2062,2722592.0,1349508.0,2722592.0
LN_000408,HEALTHCARE,0.00545,0.3153,1158185.0,597574.0,1158185.0
LN_000409,Healthcare,0.0054,0.2211,713416.0,307300.0,713416.0
LN_000410,Healthcare,0.00726,0.3363,3268316.0,1653576.0,3268316.0
LN_000411,Healthcare,0.01227,0.6001,3033978.0,2149295.0,3033978.0
LN_000412,Healthcare,0.00552,0.1934,1604996.0,895565.0,1604996.0
LN_000413,Healthcare,0.00896,0.5521,1319702.0,842039.0,1319702.0
LN_000414,Healthcare,0.00946,0.5829,19522570.0,15363604.0,19522570.0
LN_000415,Healthcare,0.00407,0.53,936073.0,683103.0,936073.0
LN_000416,Healthcare,0.00785,0.3501,1608984.0,930203.0,1608984.0
LN_000417,Healthcare,0.00437,0.4062,2608190.0,1551156.0,2608190.0
LN_000418,Healthcare,0.01192,0.2215,630600.0,321780.0,630600.0
LN_000419,Healthcare,0.00879,0.2363,2248769.0,1189640.0,2248769.0
LN_000420,Healthcare,0.00706,0.3255,12072092.0,7264121.0,12072092.0
LN_000421,Healthcare,0.00358,0.5791,5088664.0,3500735.0,5088664.0
LN_000422,Healthcare ,0.00742,0.526,3763493.0,2751328.0,3763493.0
LN_000423,Healthcare,0.00477,0.2605,3616747.0,2092684.0,3616747.0
LN_000424,Healthcare,0.00996,0.3039,2236946.0,1323273.0,2236946.0
LN_000425,Healthcare,0.00659,0.2605,5215005.0,2850679.0,5215005.0
LN_000426,Healthcare,0.00466,0.2083,1711355.0,833309.0,1711355.0
ln_000427,Healthcare,0.01112,0.319,1310411.0,795242.0,1310411.0
LN_000428,Healthcare,0.01004,0.2958,2214861.0,1140174.0,2214861.0
LN_000429,Healthcare,0.0052,0.6138,4947309.0,3643626.0,4947309.0
LN_000430,Healthcare,0.01251,0.0643,2783120.0,1302874.0,2783120.0
LN_000431,Healthcare,0.00603,0.2036,"3,926,255",1776842.0,3926255.0
LN_000432,Healthcare,0.006,0.295,264220.0,172540.0,264220.0
LN_000433,HEALTHCARE,0.00745,0.396,6594293.0,3701951.0,6594293.0
LN_000434,Healthcare,0.0048,0.5983,20774970.0,13752148.0,20774970.0
LN_000435,Healthcare,0.00561,0.4807,7599263.0,5010827.0,7599263.0
LN_000436,Healthcare,0.00646,0.3737,"1,455,759",720667.0,1455759.0
LN_000437,Healthcare,0.01505,0.6248,856162.0,635095.0,856162.0
LN_000438,Healthcare,0.01482,0.2113,2639558.0,1257485.0,2639558.0
LN_000439,Healthcare,N/A,0.4511,745404.0,435423.0,745404.0
LN_000440,Healthcare,0.01566,0.4541,4132236.0,2828447.0,4132236.0
LN_000441,Healthcare,0.00685,0.5785,1182625.0,854559.0,1182625.0
LN_000442,Healthcare,0.00847,0.3607,5226861.0,3405875.0,5226861.0
LN_000443,Healthcare,0.01089,0.4499,7809050.0,5468850.0,7809050.0
LN_000444,Healthcare,0.0081,0.3984,262080.0,176684.0,262080.0
LN_000445,Healthcare,0.02342,0.3925,2680291.0,1964798.0,2680291.0
LN_000446,Healthcare,0.00791,0.3871,994879.0,581315.0,994879.0
LN_000447,Healthcare,0.00385,0.545,488394.0,354474.0,488394.0
LN_000448,Healthcare,0.01345,0.3183,1078751.0,624269.0,1078751.0
LN_000449,Healthcare ,0.0057,0.309,1606750.0,836765.0,1606750.0
LN_000450,Healthcare,0.00601,0.2827,5622826.0,3459234.0,5622826.0
LN_000451,Healthcare,0.00157,0.474,436809.0,286861.0,436809.0
LN_000452,Healthcare,0.01155,0.2402,5719948.0,3200923.0,5719948.0
LN_000453,Healthcare,0.01054,0.2827,15047473.0,9081681.0,15047473.0
LN_000454,Healthcare,0.01044,0.3158,3634924.0,2280836.0,3634924.0
LN_000455,Healthcare,0.01142,0.1329,3452465.0,1452949.0,3452465.0
LN_000456,Healthcare,0.0163,0.4483,1973334.0,1355605.0,1973334.0
LN_000457,Healthcare,0.00684,0.2251,617613.0,279926.0,617613.0
LN_000458,Healthcare,0.01119,0.203,3414307.0,1816786.0,3414307.0
LN_000459,Healthcare,0.00483,0.2778,2936372.0,1454882.0,2936372.0
LN_000460,Healthcare,0.00587,0.3103,4156777.0,2581120.0,4156777.0
LN_000461,Healthcare,0.01187,0.337,26101363.0,16436437.0,26101363.0
LN_000462,Healthcare,0.00851,0.3279,4140962.0,2228419.0,4140962.0
LN_000463,Healthcare,0.00359,0.369,3061359.0,1747532.0,3061359.0
LN_000464,Healthcare,0.00839,0.2678,9536042.0,4618753.0,9536042.0
LN_000465,Healthcare,0.00639,0.2055,520967.0,260796.0,520967.0
LN_000466,Healthcare,0.00465,0.5878,637912.0,462969.0,637912.0
LN_000467,Healthcare,0.0087,0.3962,1374295.0,866450.0,1374295.0
LN_000468,Healthcare,0.00572,0.3751,1038958.0,510597.0,1038958.0
LN_000469,Healthcare,0.00319,0.1297,4003146.0,1685221.0,4003146.0
LN_000470,Healthcare,0.00402,0.3147,1456019.0,829618.0,1456019.0
LN_000471,Healthcare,0.01695,0.3319,11393933.0,7368772.0,11393933.0
LN_000472,Healthcare,0.00328,0.2194,9148543.0,4990283.0,9148543.0
LN_000473,Healthcare,0.00782,0.2346,4319839.0,1982650.0,4319839.0
LN_000474,Healthcare,0.0095,0.178,1359552.0,718122.0,1359552.0
LN_000475,Healthcare,0.00964,0.1275,3706536.0,1640581.0,3706536.0
LN_000476,Healthcare,0.00379,0.4514,4500581.0,2826093.0,4500581.0
LN_000477,Healthcare,0.00596,0.3998,688373.0,428915.0,688373.0
LN_000478,Healthcare,0.00751,,"2,834,674",1557277.0,2834674.0
LN_000479,Healthcare,0.01044,0.45,4052204.0,2546782.0,4052204.0
LN_000480,Healthcare,0.00507,0.2299,2483356.0,1274642.0,2483356.0
LN_000481,Healthcare,0.00391,0.6048,"9,623,974",6206452.0,9623974.0
LN_000482,Healthcare,0.01156,0.2104,6734949.0,3109454.0,6734949.0
LN_000483,Healthcare,0.01216,0.3801,875960.0,575448.0,875960.0
LN_000484,Healthcare,0.00842,0.3508,2265124.0,1331715.0,2265124.0
LN_000485,Healthcare,0.00516,0.346,867293.0,422833.0,867293.0
LN_000486,Healthcare,0.00858,0.3405,3570491.0,1940160.0,3570491.0
LN_000487,Healthcare,0.00739,0.3555,840296.0,494060.0,840296.0
LN_000488,Healthcare,0.01064,0.3444,5035226.0,3414527.0,5035226.0
LN_000489,Healthcare,0.00375,0.2346,2948487.0,1624155.0,2948487.0
LN_000490,Healthcare,0.00742,0.1916,5280294.0,2835091.0,5280294.0
LN_000491,Healthcare,0.00646,0.534,1729898.0,1021290.0,1729898.0
LN_000492,Healthcare,0.00402,0.2084,466197.0,224237.0,466197.0
LN_000493,Healthcare,0.0078,0.4283,11692906.0,7639066.0,11692906.0
LN_000494,Healthcare,0.00712,0.4696,1683001.0,1123913.0,1683001.0
LN_000495,Healthcare,0.0057,0.5338,7923533.0,5512429.0,7923533.0
LN_000496,Healthcare,0.00853,0.3309,3075076.0,1748652.0,3075076.0
LN_000497,Healthcare,0.34%,0.4311,3923796.0,2718104.0,3923796.0
LN_000498,Healthcare,0.00681,0.2049,12464646.0,7160620.0,12464646.0
LN_000499,Healthcare,0.00869,0.2454,2810556.0,1488063.0,2810556.0
LN_000500,Healthcare,0.00807,0.3152,8112276.0,4217297.0,8112276.0
LN_000501,Healthcare,0.01199,0.4106,453310.0,338843.0,453310.0
LN_000502,Healthcare,0.00384,0.2805,4779077.0,2374036.0,4779077.0
LN_000503,Healthcare,0.00329,0.3574,1570290.0,978660.0,1570290.0
LN_000504,Healthcare,0.00789,0.2526,1749062.0,1099733.0,1749062.0
LN_000505,Healthcare,0.00879,0.5564,2017509.0,1328943.0,2017509.0
LN_000506,Healthcare,0.0202,0.3299,2828296.0,1878737.0,2828296.0
LN_000507,Healthcare,0.00953,0.1504,10488796.0,4925350.0,10488796.0
LN_000508,Healthcare,0.00452,0.5357,313309.0,217615.0,313309.0
LN_000509,Healthcare,0.01047,0.3397,2090049.0,1280714.0,2090049.0
LN_000510,Healthcare,0.00459,0.3148,976930.0,630110.0,976930.0
LN_000511,Healthcare,0.00333,0.4393,6417067.0,4095221.0,6417067.0
LN_000512,Healthcare,0.0258,0.5894,1310037.0,1081565.0,1310037.0
LN_000513,Healthcare,0.00824,0.5346,3157932.0,2358423.0,3157932.0
LN_000514,Healthcare,0.01001,0.4825,1343991.0,885528.0,1343991.0
LN_000515,Healthcare,0.00928,0.6716,3900894.0,2940843.0,3900894.0
LN_000516,Healthcare,0.01732,0.7262,5517642.0,5309799.0,5517642.0
LN_000517,Healthcare,0.00807,0.322,1344130.0,714428.0,1344130.0
LN_000518,Healthcare,0.01287,0.2009,2100599.0,1071963.0,2100599.0
LN_000519,Healthcare,0.00419,0.2613,483254.0,250392.0,483254.0
LN_000520,Healthcare,0.00349,0.3498,2714335.0,1377685.0,2714335.0
LN_000521,Healthcare,0.01428,0.2809,4708715.0,2268908.0,4708715.0
LN_000522,Healthcare,0.01463,0.2223,1147680.0,699962.0,1147680.0
LN_000523,Healthcare,0.00904,0.2583,6131932.0,3091154.0,6131932.0
LN_000524,Healthcare,0.00784,0.3457,251538.0,140144.0,251538.0
LN_000525,Healthcare,0.00761,0.5444,314055.0,211512.0,314055.0
LN_000526,healthcare,0.00496,0.4489,499027.0,286780.0,499027.0
LN_000527,Healthcare,0.01511,0.1147,1231647.0,550672.0,1231647.0
LN_000528,Healthcare,0.00973,0.2325,2037586.0,1103052.0,2037586.0
LN_000529,Healthcare,0.00901,0.4431,1848330.0,1413456.0,1848330.0
LN_000530,Healthcare,None,0.2107,1870218.0,1029476.0,1870218.0
LN_000531,Healthcare,0.01182,0.504,4123586.0,3020577.0,4123586.0
LN_000532,Healthcare,0.00901,0.2735,1247358.0,594120.0,1247358.0
LN_000533,Healthcare,0.01016,0.3677,565283.0,344284.0,565283.0
LN_000534,Healthcare,0.0039,0.5592,576581.0,356828.0,576581.0
LN_000535,Healthcare,0.00903,0.2702,16540505.0,9733717.0,16540505.0
LN_000536,Healthcare,0.0209,0.4419,190335.0,134012.0,190335.0
LN_000537,Healthcare,0.0054,0.3588,1676685.0,970286.0,1676685.0
LN_000538,Health Care,0.00656,0.5082,8593913.0,5684814.0,8593913.0
LN_000539,Healthcare,0.01093,0.1871,3243045.0,1577304.0,3243045.0
LN_000540,Healthcare,0.0113,0.2979,872486.0,438544.0,872486.0
LN_000541,Healthcare,0.00957,0.1724,2004377.0,1058817.0,2004377.0
LN_000542,Healthcare,0.00312,n.a.,4744879.0,2803636.0,4744879.0
LN_000543,Healthcare,0.009,0.341,6694565.0,3545173.0,6694565.0
LN_000544,Healthcare,0.00387,0.5866,813675.0,551690.0,813675.0
LN_000545,Healthcare,-,0.3978,"4,278,512",2388904.0,4278512.0
LN_000546,Healthcare,missing,0.4111,2574480.0,1651519.0,2574480.0
LN_000547,Healthcare,0.00604,0.3546,6034856.0,3794891.0,6034856.0
LN_000548,Healthcare,0.01049,0.2892,8033036.0,4671220.0,8033036.0
LN_000549,Healthcare,None,0.4583,1418843.0,1151615.0,1418843.0
LN_000550,Healthcare,0.01032,0.4349,469332.0,304773.0,469332.0
LN_000551,Healthcare,0.01005,0.3304,2971253.0,1877764.0,2971253.0
LN_000552,Healthcare,0.00447,0.38,11819712.0,5798491.0,11819712.0
LN_000553,Healthcare,0.00508,0.2421,3969854.0,2100212.0,3969854.0
LN_000554,Healthcare,0.00411,0.3445,2517610.0,1295469.0,2517610.0
LN_000555,Healthcare,0.00536,0.3525,22069415.0,11288096.0,22069415.0
LN_000556,Healthcare,0.00406,0.1703,706891.0,328924.0,706891.0
LN_000557,Healthcare,0.00503,0.2534,4933938.0,2453396.0,4933938.0
LN_000558,Healthcare,0.00631,0.5712,1130556.0,823277.0,-1130556.0
LN_000559,Healthcare ,0.00424,0.445,2101774.0,1413057.0,2101774.0
LN_000560,Healthcare,0.00344,0.3853,2187569.0,1013612.0,2187569.0
LN_000561,Healthcare,0.00354,0.4115,9095537.0,5375728.0,9095537.0
LN_000562,Healthcare,-,0.4749,784376.0,595245.0,784376.0
LN_000563,Healthcare,0.00721,0.3439,1171236.0,729512.0,1171236.0
LN_000564,Healthcare,0.01169,0.1918,406649.0,241953.0,406649.0
LN_000565,Healthcare,0.0118,0.1425,3255502.0,1632075.0,3255502.0
LN_000566,Healthcare,0.0059,0.4271,1264802.0,690109.0,1264802.0
LN_000567,Healthcare,0.00979,0.4031,3049917.0,1742123.0,3049917.0
LN_000568,Healthcare,0.00341,0.1935,683780.0,348404.0,683780.0
LN_000569,Healthcare,0.02192,0.689,1396213.0,1264244.0,1396213.0
LN_000570,Healthcare,0.01273,0.3329,5652377.0,3221428.0,5652377.0
LN_000571,Healthcare,0.00629,0.1941,1680057.0,803231.0,1680057.0
LN_000572,Healthcare,0.00391,0.3068,3738881.0,2065072.0,3738881.0
LN_000573,Healthcare,0.00846,0.2744,3392183.0,1564590.0,3392183.0
LN_000574,Healthcare,0.00275,0.1995,1404912.0,640328.0,1404912.0
LN_000575,Healthcare,0.00474,0.2619,420379.0,252408.0,420379.0
LN_000576,Healthcare,0.01018,0.5024,5357767.0,4252745.0,5357767.0
LN_000577,Healthcare,0.00727,0.351,2372287.0,1371920.0,2372287.0
LN_000578,healthcare,0.00548,0.0878,5346420.0,2778958.0,5346420.0
LN_000579,Healthcare,0.01126,0.3787,267258.0,159465.0,267258.0
LN_000580,Healthcare,0.00416,0.1876,382333.0,166204.0,382333.0
LN_000581,Healthcare,0.00807,0.1606,234669.0,87276.0,234669.0
LN_000582,Healthcare,0.00546,0.4435,832193.0,558887.0,832193.0
LN_000583,Healthcare,0.00458,0.5543,5669478.0,3745992.0,5669478.0
LN_000584,Healthcare,0.00883,0.2209,3522388.0,2248991.0,3522388.0
LN_000585,Healthcare,0.00426,0.462,1932845.0,1243433.0,1932845.0
LN_000586,Healthcare,0.01812,0.1752,2280483.0,1280701.0,2280483.0
LN_000587,Healthcare,0.00523,0.5652,4279925.0,2563655.0,4279925.0
LN_000588,Healthcare,0.01893,0.4407,1478454.0,1150322.0,1478454.0
LN_000589,Healthcare,NULL,0.3342,2971944.0,1596056.0,2971944.0
LN_000590,Healthcare,0.00948,0.3575,2300443.0,1363022.0,2300443.0
LN_000591,Healthcare,0.00384,0.3659,224496.0,103511.0,224496.0
LN_000592,Healthcare,0.00358,0.2645,1361134.0,762779.0,1361134.0
LN_000593,Healthcare,0.00758,not available,7782701.0,4612002.0,7782701.0
LN_000594,Healthcare,0.00982,0.1987,1346201.0,652977.0,1346201.0
LN_000595,healthcare,0.0037,0.6283,1733353.0,1247194.0,1733353.0
LN_000596,Healthcare,0.01265,0.3724,1090113.0,705834.0,1090113.0
LN_000597,Healthcare,0.0047,0.5893,1231847.0,920929.0,1231847.0
LN_000598,Healthcare,0.00747,0.2218,6154351.0,3195233.0,6154351.0
LN_000599,Healthcare,0.00846,0.454,1529684.0,1122473.0,1529684.0
LN_000600,Healthcare,0.00942,0.3281,719786.0,411725.0,719786.0
LN_000601,Healthcare,0.00285,0.3599,89080.0,47383.0,89080.0
LN_000602,Healthcare,0.01572,0.7604,1127997.0,943463.0,1127997.0
LN_000603,Healthcare,0.00927,0.3601,279803.0,132613.0,279803.0
LN_000604,Healthcare,0.00566,0.3,322839.0,163292.0,322839.0
LN_000605,Healthcare,0.00419,0.3243,4429671.0,2662512.0,4429671.0
LN_000606,Healthcare,0.003,0.199,4062598.0,1982199.0,4062598.0
LN_000607,Healthcare,0.00354,0.3029,294032.0,145290.0,294032.0
LN_000608,Healthcare,0.00919,0.2138,4686222.0,2518546.0,4686222.0
LN_000609,Healthcare,0.0059,0.6988,3166116.0,2108749.0,3166116.0
LN_000610,Healthcare,0.00398,0.3472,913546.0,500460.0,913546.0
LN_000611,Healthcare,0.00538,0.316,4168383.0,2415967.0,4168383.0
LN_000612,Healthcare,0.0153,0.2271,393177.0,235461.0,393177.0
LN_000613,Healthcare,0.00593,0.121,599726.0,246308.0,599726.0
LN_000614,Healthcare,unknown,0.295,474003.0,278008.0,474003.0
LN_000615,Healthcare,0.01375,0.5032,658128.0,526527.0,658128.0
LN_000616,Healthcare,0.00882,0.4173,4815481.0,2929552.0,4815481.0
LN_000617,Healthcare,0.00716,0.4032,527038.0,342077.0,527038.0
LN_000618,Healthcare,0.00517,0.1095,632452.0,228096.0,632452.0
LN_000619,Healthcare,0.00322,0.4692,772170.0,406615.0,772170.0
LN_000620,Healthcare ,0.39%,0.3921,2431749.0,1500308.0,2431749.0
LN_000621,Healthcare,0.00551,0.3078,1423976.0,785770.0,1423976.0
LN_000622,Healthcare,0.00627,0.2013,4737391.0,2395522.0,4737391.0
LN_000623,Healthcare ,n/a,0.5176,981952.0,641248.0,981952.0
LN_000624,Healthcare,0.00922,0.3484,550857.0,319284.0,550857.0
LN_000625,Healthcare,0.00783,0.2138,1208046.0,667366.0,1208046.0
LN_000626,Healthcare,0.00782,0.2314,2070940.0,1258037.0,2070940.0
LN_000627,Healthcare,0.00423,0.5101,785872.0,504918.0,785872.0
LN_000628,Healthcare,0.00238,0.2033,2630407.0,1028314.0,2630407.0
LN_000629,Healthcare,0.00539,0.1418,12237392.0,6381303.0,12237392.0
LN_000630,Healthcare,0.00434,0.524,"1,110,624",768335.0,1110624.0
LN_000631,Healthcare,0.00505,0.2648,2073914.0,1156083.0,2073914.0
LN_000632,Healthcare,0.0061,0.2853,7663363.0,4215288.0,7663363.0
LN_000633,Healthcare,0.00376,0.4105,1035975.0,737533.0,1035975.0
LN_000634,Healthcare,0.00402,0.2147,847969.0,418363.0,847969.0
LN_000635,Healthcare,0.00666,0.4054,662043.0,421102.0,662043.0
LN_000636,Healthcare,0.00742,0.4024,2940064.0,1530476.0,2940064.0
LN_000637,Healthcare,0.00504,0.3668,3300115.0,1816631.0,3300115.0
ln_000638,Healthcare,0.00898,0.4273,1698872.0,1022661.0,1698872.0
LN_000639,Healthcare,0.00627,0.3003,"2,053,882",1127034.0,2053882.0
LN_000640,Healthcare,0.0042,0.5072,7030412.0,4703695.0,7030412.0
LN_000641,Healthcare,0.00714,0.5061,4677650.0,2952437.0,4677650.0
LN_000642,Healthcare,0.01794,0.3357,483316.0,351037.0,483316.0
LN_000643,Healthcare,0.005,0.4085,1941868.0,1065695.0,1941868.0
LN_000644,Healthcare,0.01254,0.0632,2175628.0,946223.0,2175628.0
LN_000645,Healthcare,1.39%,0.4166,4019270.0,2701540.0,4019270.0
LN_000646,Healthcare,0.01481,0.4163,1563126.0,942009.0,1563126.0
LN_000647,Healthcare,0.00464,0.2705,1024031.0,565899.0,1024031.0
LN_000648,Healthcare,0.01917,0.262,1233836.0,787474.0,1233836.0
LN_000649,Healthcare,0.00742,0.3285,329328.0,183770.0,329328.0
LN_000650,Healthcare,0.00617,0.2084,1898365.0,1128652.0,1898365.0
LN_000651,Healthcare,0.00624,0.3871,1071565.0,644954.0,1071565.0
LN_000652,Healthcare,0.00946,0.3004,3100245.0,1808899.0,3100245.0
LN_000653,Healthcare,0.00718,0.158,696210.0,298931.0,696210.0
LN_000654,Healthcare,0.00641,0.4156,1255250.0,666176.0,1255250.0
LN_000655,Healthcare,0.0133,0.4273,728992.0,459750.0,728992.0
LN_000656,Real_Estate,0.01328,0.4563,2614959.0,1920343.0,2614959.0
LN_000657,Real_Estate,0.01242,0.5374,8566152.0,5952424.0,8566152.0
LN_000658,Real_Estate,0.02291,0.2284,1112651.0,686622.0,1112651.0
LN_000659,Real_Estate,0.00473,0.4213,730880.0,386667.0,730880.0
LN_000660,Real_Estate,0.00884,0.3138,3216809.0,1494672.0,3216809.0
LN_000661,Real_Estate,0.00625,0.4715,428244.0,258367.0,428244.0
LN_000662,Real_Estate,0.03052,0.3284,229351.0,155986.0,229351.0
LN_000663,Real_Estate,0.01176,0.3288,1355645.0,709622.0,1355645.0
LN_000664,Real_Estate,0.01205,0.2567,1060750.0,503133.0,1060750.0
LN_000665,Real_Estate,0.00899,0.4562,1603675.0,1092064.0,1603675.0
LN_000666,Real_Estate,0.02446,0.5039,1219068.0,893947.0,1219068.0
LN_000667,Real_Estate,1.27%,0.3495,2950600.0,1575541.0,2950600.0
LN_000668,Real_Estate,0.01743,not available,1697026.0,1240028.0,1697026.0
LN_000669,Real_Estate,0.00564,0.432,1163066.0,731969.0,1163066.0
LN_000670,Real_Estate,0.02803,0.4112,1339717.0,975019.0,1339717.0
LN_000671,Real_Estate,0.01901,0.1639,3982258.0,2338679.0,3982258.0
LN_000672,Real_Estate,0.02056,0.3365,5524010.0,3423743.0,5524010.0
LN_000673,Real_Estate,0.02897,0.2793,5232673.0,3954568.0,5232673.0
LN_000674,Real_Estate,0.01417,0.5604,4254835.0,2832010.0,4254835.0
LN_000675,Real_Estate,0.01435,0.2955,78319.0,41710.0,78319.0
LN_000676,Real_Estate,0.02235,0.3896,778246.0,537446.0,778246.0
LN_000677,Real_Estate,0.01932,0.4837,1547732.0,1072268.0,1547732.0
LN_000678,real_estate,0.01381,0.5133,2604868.0,2043370.0,2604868.0
LN_000679,Real_Estate,-999,,420752.0,245438.0,420752.0
LN_000680,Real_Estate,0.01213,0.3472,8794792.0,5066716.0,8794792.0
LN_000681,Real_Estate,0.02233,0.1146,2873466.0,1602366.0,2873466.0
LN_000682,Real_Estate,0.02491,0.4136,1140118.0,859396.0,1140118.0
LN_000683,Real_Estate,0.01565,0.3521,2499236.0,1715006.0,2499236.0
LN_000684,Real_Estate,0.03999,0.2121,1501072.0,1084361.0,1501072.0
LN_000685,Real_Estate,0.00723,0.4353,993028.0,736072.0,993028.0
LN_000686,Real_Estate,0.01389,0.3998,3521686.0,2212278.0,3521686.0
LN_000687,Real_Estate,0.03679,0.426,1348915.0,1095768.0,1348915.0
LN_000688,Real_Estate,0.01264,0.288,517637.0,323755.0,517637.0
LN_000689,Real-Estate,0.00701,0.6655,1125550.0,833748.0,1125550.0
LN_000690,Real Estate,0.03142,0.3657,1894389.0,1370418.0,1894389.0
LN_000691,Real_Estate,0.02053,0.436,721729.0,496701.0,721729.0
LN_000692,Real_Estate,0.00859,0.3154,7501430.0,4059736.0,7501430.0
LN_000693,Real_Estate,0.02303,0.5095,715173.0,508053.0,715173.0
LN_000694,Real_Estate,0.00936,0.2709,12324967.0,6479825.0,12324967.0
LN_000695,Real_Estate,0.00798,0.2252,5201977.0,2303273.0,5201977.0
LN_000696,Real_Estate,0.01447,0.2289,829721.0,481092.0,829721.0
LN_000697,Real_Estate,1.23%,0.3124,2423681.0,1246430.0,2423681.0
LN_000698,Real_Estate,0.00901,0.438,6940893.0,5177486.0,6940893.0
LN_000699,Real_Estate,0.01301,0.192,1758949.0,1084170.0,1758949.0
LN_000700,Real  Estate,0.00944,0.2182,646072.0,374553.0,646072.0
LN_000701,Real_Estate,0.0161,0.6016,2382785.0,1822584.0,2382785.0
LN_000702,Real_Estate,0.01544,0.3938,15592314.0,9790743.0,15592314.0
LN_000703,Real_Estate,0.0227,0.5481,480437.0,406701.0,480437.0
LN_000704,Real_Estate,0.01244,0.3024,3713942.0,2220372.0,3713942.0
LN_000705,Real_Estate,0.00802,0.3527,2154773.0,1331179.0,2154773.0
LN_000706,Real_Estate,0.00807,0.315,1897308.0,1012434.0,1897308.0
LN_000707,Real_Estate,0.01381,0.4786,1446113.0,1080256.0,1446113.0
LN_000708,Real_Estate,0.03374,0.3596,1552245.0,1099247.0,1552245.0
LN_000709,Real_Estate,0.02391,0.5477,6033141.0,4812850.0,6033141.0
LN_000710,Real_Estate,0.01133,0.2053,3883027.0,1717852.0,3883027.0
LN_000711,Real_Estate,0.02506,0.3866,788883.0,534857.0,788883.0
LN_000712,Real_Estate,0.00874,0.3323,10168998.0,6181023.0,10168998.0
LN_000713,Real_Estate,0.02597,0.198,584936.0,345059.0,584936.0
LN_000714,Real  Estate,0.0129,0.3898,4153968.0,2563646.0,4153968.0
LN_000715,Real_Estate,0.02297,0.4614,2573907.0,2003810.0,2573907.0
LN_000716,Real_Estate,0.02135,0.3808,7102655.0,4840158.0,7102655.0
LN_000717,Real_Estate,0.0136,0.3433,3059913.0,2080245.0,3059913.0
LN_000718,Real_Estate,0.01842,0.5137,6163876.0,3822949.0,6163876.0
LN_000719,Real_Estate,0.00915,0.4318,2092974.0,1398620.0,2092974.0
LN_000720,Real_Estate,0.01506,0.369,5674976.0,3780038.0,5674976.0
LN_000721,Real_Estate,0.0269,0.7093,3028345.0,2489667.0,3028345.0
LN_000722,Real_Estate,0.12192,0.3191,18408433.0,21903716.0,18408433.0
LN_000723,Real_Estate,0.02224,0.2012,1070727.0,680191.0,1070727.0
LN_000724,Real_Estate,0.01634,0.2998,7088796.0,3949790.0,7088796.0
LN_000725,Real_Estate,0.00941,0.5292,3418170.0,2267034.0,3418170.0
LN_000726,Real_Estate,0.02659,0.2383,2563304.0,1711682.0,2563304.0
LN_000727,Real_Estate,0.00681,0.4792,1219700.0,774926.0,1219700.0
LN_000728,Real_Estate,0.01045,0.4051,3362204.0,2207908.0,3362204.0
LN_000729,Real_Estate,0.01871,0.4558,492520.0,328565.0,492520.0
LN_000730,Real_Estate,0.00854,0.5405,547219.0,388908.0,547219.0
LN_000731,Real_Estate,0.03384,0.248,4383418.0,3247052.0,4383418.0
LN_000732,Real_Estate,0.02704,n.a.,454376.0,329145.0,454376.0
LN_000733,Real_Estate,0.01176,,9054434.0,5165075.0,9054434.0
LN_000734,Real_Estate,0.01183,0.3686,1635830.0,1069055.0,1635830.0
LN_000735,Real_Estate,0.00807,0.2773,2763485.0,1523208.0,2763485.0
LN_000736,Real_Estate,0.00775,0.1593,2321782.0,1013056.0,2321782.0
LN_000737,Real_Estate,0.01952,0.5652,3279308.0,2770050.0,3279308.0
LN_000738,Real_Estate,0.02138,not available,1629714.0,961304.0,1629714.0
LN_000739,Real_Estate,0.01865,0.3685,1492117.0,1126862.0,1492117.0
LN_000740,Real_Estate,0.01786,0.3359,1900030.0,1154764.0,1900030.0
LN_000741,Real_Estate,0.0118,0.3772,6155605.0,4333357.0,6155605.0
LN_000742,Real_Estate,0.01873,0.4433,6696182.0,4696046.0,6696182.0
LN_000743,Real_Estate,0.00747,0.1789,7708045.0,3270704.0,7708045.0
LN_000744,Real_Estate,0.0157,0.2703,3107591.0,1848773.0,3107591.0
LN_000745,Real_Estate,0.03275,0.2235,1764839.0,1205858.0,1764839.0
LN_000746,Real_Estate,0.03036,0.5195,402133.0,338664.0,402133.0
LN_000747,Real_Estate,0.01239,0.3493,4103356.0,2735363.0,4103356.0
LN_000748,Real_Estate,0.01322,0.3522,5000471.0,2878568.0,5000471.0
LN_000749,Real_Estate,0.03121,0.196,1441733.0,961442.0,1441733.0
LN_000750,Real_Estate,0.03834,0.4744,4836309.0,4231453.0,4836309.0
LN_000751,Real_Estate,0.00738,0.1381,7831529.0,3555640.0,7831529.0
LN_000752,Real_Estate,0.01262,0.2887,2372025.0,1269466.0,2372025.0
LN_000753,Real_Estate,0.01759,0.2632,6209986.0,3415372.0,6209986.0
LN_000754,Real_Estate,0.02882,0.257,2936299.0,2052062.0,2936299.0
LN_000755,Real_Estate,0.01027,0.1978,380843.0,212312.0,380843.0
LN_000756,Real_Estate,0.02159,0.2864,1345805.0,798124.0,1345805.0
LN_000757,Real_Estate,0.01345,0.2236,1432743.0,693906.0,1432743.0
LN_000758,Real_Estate,0.05152,0.4046,3666038.0,3448260.0,3666038.0
LN_000759,Real_Estate,0.01941,0.4738,910624.0,589131.0,910624.0
LN_000760,Real_Estate,0.01462,0.5666,1392294.0,1050516.0,1392294.0
LN_000761,Real_Estate,0.01322,0.3441,824872.0,474880.0,824872.0
LN_000762,Real_Estate,0.02657,0.4652,2077639.0,1402730.0,2077639.0
LN_000763,Real_Estate,0.02199,0.3953,2315431.0,1627301.0,2315431.0
LN_000764,Real_Estate,0.00908,0.4179,5723196.0,3560453.0,5723196.0
LN_000765,Real_Estate,0.01744,0.5123,4792208.0,3859057.0,4792208.0
LN_000766,Real_Estate,0.00799,0.2041,2545968.0,1579728.0,2545968.0
LN_000767,Real_Estate,0.0107,0.2758,2748869.0,1522163.0,2748869.0
LN_000768,Real_Estate,0.00817,0.5246,2408065.0,1771851.0,2408065.0
LN_000769,Real_Estate,0.00804,0.2041,2417391.0,1353046.0,2417391.0
LN_000770,Real_Estate,0.01108,0.1385,10143020.0,4704692.0,10143020.0
LN_000771,Real_Estate,0.00956,0.1658,179770.0,81370.0,179770.0
LN_000772,Real_Estate,0.02039,0.2755,1812153.0,1270687.0,1812153.0
LN_000773,Real_Estate,0.02334,0.5522,2953236.0,2282248.0,2953236.0
LN_000774,Real_Estate,0.01388,0.2142,6686175.0,3657110.0,6686175.0
LN_000775,Real_Estate,0.00892,0.4192,723181.0,446069.0,723181.0
LN_000776,Real_Estate,0.02343,0.3779,3055849.0,2105354.0,3055849.0
LN_000777,Real_Estate,0.00566,0.4189,5114805.0,2974380.0,5114805.0
LN_000778,Real_Estate,0.00593,0.2429,1383809.0,766114.0,1383809.0
LN_000779,Real_Estate,0.02254,0.391,320275.0,243412.0,320275.0
LN_000780,Real_Estate,0.02175,0.1804,1507440.0,841678.0,1507440.0
LN_000781,Real_Estate,0.02552,0.2589,650143.0,373196.0,650143.0
LN_000782,Real_Estate,0.01404,0.6992,4142097.0,3390317.0,4142097.0
LN_000783,Real_Estate,0.00831,0.2857,922557.0,442961.0,922557.0
LN_000784,Real_Estate,0.01212,0.4719,12817633.0,8300502.0,12817633.0
LN_000785,Real_Estate,MISSING,0.3416,2488707.0,1794548.0,2488707.0
LN_000786,Real_Estate,0.01065,0.6087,965489.0,831633.0,965489.0
LN_000787,Real_Estate,0.011,0.1601,1304313.0,678174.0,1304313.0
LN_000788,Real_Estate,0.00777,0.5716,724773.0,474849.0,724773.0
LN_000789,Real_Estate,0.00872,0.5081,3189340.0,2289256.0,3189340.0
LN_000790,Real_Estate,0.02389,0.344,9597131.0,5450854.0,9597131.0
LN_000791,Real_Estate,0.01966,0.1909,1741547.0,932731.0,1741547.0
LN_000792,Real_Estate,0.00873,0.209,5447369.0,3215841.0,5447369.0
LN_000793,Real_Estate,0.0091,0.37,841910.0,540778.0,841910.0
LN_000794,Real_Estate,0.0118,0.1073,2939802.0,1200321.0,2939802.0
LN_000795,Real_Estate,0.0206,not available,21631973.0,13170876.0,21631973.0
LN_000796,Real_Estate,0.0087,0.2978,529751.0,320889.0,529751.0
LN_000797,Real_Estate,0.01438,0.4359,"7,408,081",4969467.0,7408081.0
LN_000798,Real_Estate,0.00533,0.1735,6986197.0,3109479.0,6986197.0
LN_000799,Real_Estate,0.00832,0.1566,329642.0,166070.0,329642.0
LN_000800,Real_Estate,0.01933,0.2864,514710.0,304761.0,514710.0
LN_000801,Real_Estate,0.02456,0.3181,813884.0,467090.0,813884.0
LN_000802,Real_Estate,0.00875,0.2239,5691180.0,3204721.0,5691180.0
LN_000803,Real_Estate,0.01061,0.2508,1406710.0,726676.0,1406710.0
LN_000804,Real_Estate,0.02336,0.1082,1826970.0,907936.0,1826970.0
LN_000805,Real_Estate,0.01286,0.2216,4381727.0,2102943.0,4381727.0
LN_000806,Real_Estate,0.01192,0.3684,2429913.0,1540118.0,2429913.0
LN_000807,Real_Estate,0.02031,0.0896,2706335.0,1294325.0,2706335.0
LN_000808,Real_Estate,0.01727,0.416,1565973.0,1112852.0,1565973.0
LN_000809,Real_Estate,0.02735,0.2989,6644676.0,4401247.0,6644676.0
LN_000810,Real_Estate,0.02332,0.644,991698.0,887642.0,991698.0
LN_000811,Real_Estate,0.01172,0.1849,11524913.0,5762697.0,11524913.0
LN_000812,Real_Estate,0.01474,0.4431,1539290.0,995642.0,1539290.0
LN_000813,Real_Estate,0.01519,0.2227,971820.0,449808.0,971820.0
LN_000814,Real_Estate,0.00792,0.241,4119150.0,1946833.0,4119150.0
LN_000815,Real-Estate,0.0096,0.1169,3386710.0,1710072.0,3386710.0
LN_000816,Real_Estate,2.55%,0.2451,297722.0,234305.0,297722.0
LN_000817,Real_Estate,0.00706,0.0723,2690559.0,987487.0,2690559.0
LN_000818,Real_Estate,0.0258,0.3516,558972.0,359839.0,558972.0
LN_000819,Real_Estate,0.01807,0.3962,940477.0,649238.0,940477.0
LN_000820,Real_Estate,0.0146,0.5467,4733290.0,3593772.0,4733290.0
LN_000821,Real_Estate,0.02052,0.3059,909576.0,550171.0,909576.0
LN_000822,Real_Estate,0.01989,0.1347,3072880.0,1673405.0,3072880.0
LN_000823,Real_Estate,0.02873,0.3943,1472987.0,966972.0,1472987.0
LN_000824,Real_Estate,0.01281,0.361,14875095.0,9041217.0,14875095.0
LN_000825,Real_Estate,0.01397,0.547,1954724.0,1518177.0,1954724.0
LN_000826,Real_Estate,None,0.3668,664234.0,473836.0,664234.0
LN_000827,real_estate,4.03%,0.1583,712344.0,475613.0,712344.0
LN_000828,Real_Estate,0.02518,0.3013,"868,689",565611.0,868689.0
LN_000829,Real_Estate,0.00985,0.1544,2439475.0,1253421.0,2439475.0
LN_000830,Real_Estate,0.01325,0.3342,2140091.0,1424598.0,2140091.0
LN_000831,Real_Estate,0.011,0.26,5655170.0,3282662.0,5655170.0
LN_000832,Real_Estate,0.01578,0.3506,2534410.0,1514025.0,2534410.0
LN_000833,Real_Estate,0.01745,n.a.,2437330.0,1664891.0,2437330.0
LN_000834,Real_Estate,0.04953,0.3132,2961416.0,2561180.0,2961416.0
LN_000835,Real_Estate,0.00627,0.3297,1880945.0,998382.0,1880945.0
LN_000836,Real_Estate,0.02626,n.a.,2866637.0,1592871.0,2866637.0
LN_000837,Real_Estate,0.01952,0.4583,4681036.0,3472350.0,4681036.0
LN_000838,Real_Estate,0.01102,0.2921,4680286.0,2772105.0,4680286.0
LN_000839,Real_Estate,0.01455,0.0932,1239248.0,661630.0,1239248.0
LN_000840,Real_Estate,0.01223,0.4753,364712.0,250370.0,364712.0
LN_000841,Real_Estate,0.01608,0.4536,951832.0,629375.0,951832.0
LN_000842,Real_Estate,0.02599,0.4046,2829816.0,1992386.0,2829816.0
LN_000843,Real_Estate,0.00733,0.4306,177176.0,102216.0,177176.0
LN_000844,Real_Estate,0.03032,0.3477,1325658.0,892674.0,1325658.0
LN_000845,Real_Estate,0.01301,0.5628,3340848.0,2362072.0,3340848.0
LN_000846,Real_Estate,0.03335,0.3407,1212565.0,861851.0,1212565.0
LN_000847,Real_Estate,0.0193,0.3739,696306.0,504278.0,696306.0
LN_000848,Real_Estate,0.02914,0.3228,12299635.0,7856492.0,12299635.0
LN_000849,Real_Estate,0.02085,0.1981,8500467.0,4922829.0,8500467.0
LN_000850,Real_Estate,0.02706,0.3168,1643003.0,1075691.0,1643003.0
LN_000851,Real_Estate,0.01616,0.1974,7980809.0,5003381.0,7980809.0
LN_000852,Real_Estate,0.01035,0.2841,7787768.0,4508110.0,7787768.0
LN_000853,Real_Estate,0.02201,0.4968,686422.0,503977.0,686422.0
LN_000854,Real_Estate,0.02244,0.3396,30984384.0,21980622.0,30984384.0
LN_000855,Real_Estate,0.04501,0.4051,831711.0,701727.0,831711.0
LN_000856,Real_Estate,0.00575,0.2791,1630987.0,834887.0,1630987.0
LN_000857,Real_Estate,0.01424,0.4517,709141.0,537328.0,709141.0
LN_000858,Real_Estate,0.02677,0.247,2290892.0,1556254.0,2290892.0
LN_000859,Real_Estate,0.00839,0.44,568910.0,412959.0,568910.0
LN_000860,Real_Estate,0.01403,0.3026,2102600.0,1378683.0,2102600.0
LN_000861,Real_Estate,0.04546,0.4942,6247968.0,5815064.0,6247968.0
LN_000862,Real_Estate,0.032,0.2098,2619080.0,1732683.0,2619080.0
LN_000863,Real_Estate,0.01012,0.4542,1623374.0,980862.0,1623374.0
LN_000864,Real_Estate,0.03216,0.3685,9914626.0,7718748.0,9914626.0
LN_000865,Real_Estate,0.02849,-,862043.0,757262.0,862043.0
LN_000866,Real_Estate,0.02324,0.3168,5560224.0,3863978.0,5560224.0
LN_000867,Real Estate,0.01905,-,1560334.0,1161052.0,1560334.0
LN_000868,Real_Estate,0.01774,0.4294,2617933.0,1717378.0,2617933.0
LN_000869,Real_Estate,0.01018,0.253,2176068.0,1083627.0,2176068.0
LN_000870,Real_Estate,0.01216,0.1322,2395459.0,1265196.0,2395459.0
LN_000871,Real_Estate,0.02274,0.4494,1997356.0,1589057.0,1997356.0
LN_000872,Real_Estate,0.0169,0.2001,963184.0,524888.0,963184.0
LN_000873,Real_Estate,0.03979,0.5512,1191774.0,1087237.0,1191774.0
LN_000874,Real_Estate,0.01333,0.2209,3269831.0,2020945.0,3269831.0
LN_000875,Real_Estate,0.00473,0.3152,1886411.0,958437.0,1886411.0
LN_000876,Real_Estate,0.01333,0.4644,656427.0,437388.0,656427.0
LN_000877,Real_Estate,0.01811,0.272,1036666.0,570666.0,1036666.0
LN_000878,Real_Estate,0.01909,0.4561,1049031.0,809715.0,1049031.0
LN_000879,Real_Estate,0.01631,0.4281,1983370.0,1376869.0,1983370.0
LN_000880,Real_Estate,0.01044,0.3697,2502684.0,1478830.0,2502684.0
LN_000881,Real_Estate,0.03334,0.2051,2291461.0,1325538.0,2291461.0
LN_000882,Real_Estate,0.01131,0.4339,1087331.0,701851.0,1087331.0
LN_000883,Real_Estate,0.02252,0.3094,2126331.0,1494345.0,2126331.0
LN_000884,Real_Estate,0.01366,0.0939,531226.0,248014.0,531226.0
LN_000885,Real_Estate,0.00866,0.4369,116684.0,72244.0,116684.0
LN_000886,Real_Estate,0.03203,0.3675,1972913.0,1527172.0,1972913.0
LN_000887,Real_Estate,0.00449,0.1042,398543.0,147855.0,398543.0
LN_000888,Real_Estate,0.01031,0.3274,807426.0,478370.0,807426.0
LN_000889,Real_Estate,0.01961,0.424,622567.0,453560.0,622567.0
LN_000890,Real_Estate,0.01321,0.2944,3894010.0,2143575.0,3894010.0
LN_000891,Real_Estate,0.023,0.527,618782.0,454573.0,618782.0
LN_000892,Real_Estate,0.01503,0.0725,2729798.0,1338557.0,2729798.0
LN_000893,Real_Estate,0.0126,0.6029,1269251.0,952277.0,1269251.0
LN_000894,Real_Estate,0.04661,0.181,600424.0,429612.0,600424.0
LN_000895,Real_Estate,0.01416,0.329,427543.0,266886.0,427543.0
LN_000896,Real_Estate,0.01461,0.3217,3271428.0,2040400.0,3271428.0
LN_000897,Real_Estate,0.0092,0.2633,3029921.0,1521339.0,3029921.0
LN_000898,Real_Estate,0.01088,0.3598,4460165.0,2578637.0,4460165.0
LN_000899,Real_Estate,0.02189,0.1408,12825756.0,7428092.0,12825756.0
LN_000900,Real_Estate,0.02098,0.515,2693932.0,2189897.0,2693932.0
LN_000901,Real_Estate,0.01584,0.4455,2716529.0,2051999.0,2716529.0
LN_000902,Real_Estate,0.01115,0.5883,1810609.0,1261207.0,1810609.0
LN_000903,Real_Estate,unknown,0.3019,2274460.0,1597571.0,2274460.0
LN_000904,Real_Estate,0.00675,0.445,1440399.0,966600.0,1440399.0
LN_000905,Real_Estate,0.01335,0.2921,835225.0,490607.0,835225.0
LN_000906,Real_Estate,0.01396,0.3021,14982292.0,9323932.0,14982292.0
LN_000907,Real_Estate,0.01038,0.6796,316780.0,261470.0,316780.0
LN_000908,Real_Estate,0.01711,0.3149,2625166.0,1871055.0,2625166.0
LN_000909,Real_Estate,0.01135,0.5518,3167804.0,2114459.0,3167804.0
LN_000910,Real_Estate,0.01061,0.282,2362598.0,1410044.0,2362598.0
LN_000911,Real_Estate,0.03907,0.05,776409.0,468368.0,776409.0
LN_000912,Real_Estate,0.02299,0.3003,1675283.0,1074059.0,1675283.0
LN_000913,Real_Estate,0.02892,0.1097,1277933.0,816637.0,1277933.0
LN_000914,real_estate,0.01629,0.248,691357.0,430742.0,691357.0
LN_000915,Real_Estate,0.02573,0.2427,1930589.0,1131046.0,1930589.0
LN_000916,Real_Estate,0.02348,0.4478,1343763.0,969417.0,1343763.0
LN_000917,Real_Estate,0.02915,0.1075,1161589.0,689590.0,1161589.0
LN_000918,Real_Estate,0.05196,0.2346,3989969.0,2869368.0,3989969.0
LN_000919,Real_Estate,0.0142,0.4933,698006.0,521894.0,698006.0
LN_000920,Real_Estate,0.01811,0.3444,3122593.0,2006902.0,3122593.0
LN_000921,Real_Estate,0.01551,0.3385,1090807.0,693388.0,1090807.0
LN_000922,Real_Estate,0.00274,0.5095,3075545.0,2035154.0,3075545.0
LN_000923,Real_Estate,0.00792,0.1995,2148919.0,1278878.0,2148919.0
LN_000924,Real_Estate,0.01607,0.2688,2548477.0,1515005.0,2548477.0
LN_000925,Real_Estate,0.02187,0.2817,751948.0,463846.0,751948.0
LN_000926,Real_Estate,0.01195,0.4045,921788.0,671738.0,921788.0
LN_000927,Real_Estate,0.02812,,849437.0,671992.0,849437.0
LN_000928,Real_Estate,0.03029,0.3178,2375266.0,1612759.0,2375266.0
LN_000929,Real_Estate,unknown,0.4754,4207996.0,2604870.0,4207996.0
LN_000930,Energy,0.02522,0.5705,1074793.0,879677.0,1074793.0
LN_000931,Energy,0.0169,0.3831,168979.0,111813.0,168979.0
LN_000932,Energy,0.01865,0.351,10811870.0,7233726.0,10811870.0
LN_000933,Energy,0.01604,0.2613,827384.0,488136.0,827384.0
LN_000934,Energy,0.01382,0.5867,1787402.0,1310077.0,1787402.0
LN_000935,Energy,0.01002,0.5739,687211.0,442207.0,687211.0
LN_000936,Energy,0.01004,not available,2922372.0,2052323.0,2922372.0
LN_000937,Energy,0.0183,0.3296,481787.0,322349.0,481787.0
LN_000938,Energy,0.01571,0.4785,2224599.0,1473435.0,2224599.0
LN_000939,Energy,0.03314,0.3797,1698872.0,1327113.0,1698872.0
LN_000940,Energy,0.01015,0.3008,4884023.0,2904718.0,4884023.0
LN_000941,Energy,0.01162,0.5229,713685.0,506479.0,713685.0
LN_000942,Energy,0.00892,0.3275,1093389.0,536453.0,1093389.0
LN_000943,Energy,0.02924,0.261,1622278.0,985603.0,1622278.0
LN_000944, Energy,0.00804,0.2426,"14,992,945",7502511.0,14992945.0
LN_000945,Energy,0.02166,not available,497044.0,435953.0,497044.0
LN_000946,Energy,0.03012,0.5584,2678650.0,2126125.0,2678650.0
LN_000947,Energy,0.0138,0.7261,1085214.0,882900.0,1085214.0
LN_000948,Energy,0.02117,0.5507,2729300.0,1973899.0,2729300.0
LN_000949,Energy,0.00517,0.6611,3782337.0,2718471.0,3782337.0
LN_000950,Energy,0.01222,0.7721,2318051.0,2002223.0,2318051.0
LN_000951,Energy,0.00651,0.606,2602764.0,1607477.0,2602764.0
LN_000952,Energy,0.01611,0.3793,2644047.0,1354807.0,2644047.0
LN_000953,Energy,0.01486,0.2892,1155442.0,727943.0,1155442.0
LN_000954,Energy,0.01012,-,1646467.0,1223100.0,1646467.0
LN_000955,Energy,0.02361,0.5612,415989.0,319815.0,415989.0
LN_000956,Energy,0.01764,0.3735,1441215.0,1020865.0,1441215.0
LN_000957,Energy,0.01143,0.3538,970708.0,640972.0,970708.0
LN_000958,Energy,0.01149,0.5156,1585077.0,945578.0,1585077.0
LN_000959,Energy,0.00716,0.4821,4081360.0,2646423.0,4081360.0
LN_000960,Energy,0.01351,0.4024,2909509.0,2055275.0,2909509.0
LN_000961,Energy,unknown,0.2562,3165181.0,2245428.0,3165181.0
LN_000962,Energy,0.01042,0.3016,5789175.0,3250287.0,5789175.0
LN_000963,Energy,0.01823,0.6885,207340.0,183365.0,207340.0
LN_000964,Energy,0.01129,0.5901,3042891.0,2214101.0,3042891.0
LN_000965,Energy,0.02203,0.4642,1971435.0,1333519.0,1971435.0
LN_000966,Energy,0.0184,0.5795,1836617.0,1365652.0,1836617.0
LN_000967,Energy,0.0132,0.5899,579337.0,397495.0,579337.0
LN_000968,Energy,0.00613,0.6067,3406458.0,2544066.0,3406458.0
LN_000969,Energy,0.01149,0.5165,6029481.0,3711517.0,6029481.0
LN_000970,Energy,0.0268,0.7698,5374250.0,5282431.0,5374250.0
LN_000971,Energy,0.01313,0.4441,1855763.0,1093998.0,1855763.0
LN_000972,Energy,0.02021,0.3667,3704439.0,2496371.0,3704439.0
LN_000973,Energy,0.01168,0.319,4854815.0,2529169.0,4854815.0
LN_000974,Energy,0.00589,0.7579,11469473.0,9004404.0,11469473.0
LN_000975,Energy,0.01829,0.2579,6491216.0,4227785.0,6491216.0
LN_000976,Energy,0.01735,0.2668,2304410.0,1510797.0,2304410.0
LN_000977,Energy,0.01113,0.3648,2202079.0,1500212.0,2202079.0
LN_000978,Energy,0.01234,0.5228,2359290.0,1665230.0,2359290.0
LN_000979,Energy,MISSING,0.6565,2498374.0,2042952.0,2498374.0
LN_000980,Energy,0.01106,0.2983,1252054.0,739604.0,1252054.0
LN_000981,Energy,0.01758,0.323,4200422.0,2783184.0,4200422.0
LN_000982,Energy,0.0134,0.5066,1038680.0,714361.0,1038680.0
LN_000983,Energy,0.00462,0.4624,935548.0,641499.0,935548.0
LN_000984,Energy,0.0138,0.1844,2819902.0,1548633.0,2819902.0
LN_000985,Energy,0.01103,0.2778,1162357.0,726275.0,1162357.0
LN_000986,Energy,0.0098,0.6332,"1,591,347",1240657.0,1591347.0
LN_000987,Energy,0.01808,0.5701,276941.0,222835.0,276941.0
LN_000988,Energy,1.16%,0.6534,4287515.0,3178815.0,4287515.0
LN_000989,Energy,0.01936,0.4485,1996465.0,1378960.0,1996465.0
LN_000990,Energy,0.02545,0.2438,"1,778,144",1015159.0,1778144.0
LN_000991,Energy,0.01591,0.593,3123056.0,2359623.0,3123056.0
LN_000992,Energy,0.0069,0.663,2453537.0,1830133.0,2453537.0
LN_000993,Energy,0.01033,0.4645,1029651.0,728931.0,1029651.0
LN_000994,Energy,0.02328,0.766,13600107.0,11515937.0,13600107.0
LN_000995,Energy,0.01305,0.5488,1305449.0,1162512.0,1305449.0
LN_000996,Energy,0.00995,0.512,5084271.0,3477118.0,5084271.0
LN_000997,Energy,0.01419,0.3806,11508029.0,8125031.0,11508029.0
LN_000998,Energy,0.01902,n.a.,1109907.0,841467.0,1109907.0
LN_000999,Energy,0.01686,0.4814,2194145.0,1291507.0,2194145.0
LN_001000,Energy,0.02042,0.4012,918883.0,623636.0,918883.0
LN_001001,Energy,0.00987,0.2831,5464231.0,3482173.0,5464231.0
LN_001002,Energy,0.01296,0.308,1457431.0,691671.0,1457431.0
LN_001003,Energy,0.0131,0.7354,702088.0,610940.0,702088.0
LN_001004,Energy,0.01468,0.3175,7045410.0,3984776.0,7045410.0
LN_001005,Energy,0.00527,0.3178,4814920.0,2560339.0,4814920.0
LN_001006,Energy,0.01321,0.435,858967.0,582675.0,858967.0
LN_001007,Energy,0.00765,0.2138,6202354.0,2597803.0,6202354.0
LN_001008,Energy,0.02951,0.4047,2416180.0,1831627.0,2416180.0
LN_001009,Energy,0.03204,0.2676,26750714.0,17541557.0,26750714.0
LN_001010,Energy,0.03408,0.406,10302320.0,7612982.0,10302320.0
LN_001011,Energy,0.02216,0.4253,1180514.0,886096.0,1180514.0
LN_001012,Energy,0.01168,0.628,1550080.0,1456316.0,1550080.0
LN_001013,Energy,0.02386,0.5641,867910.0,711028.0,867910.0
LN_001014,Energy,0.01345,0.2921,2275777.0,1405723.0,2275777.0
LN_001015,Energy,0.0201,NA,2096271.0,1365880.0,2096271.0
LN_001016,Energy,0.00951,0.5834,4044355.0,2792120.0,4044355.0
LN_001017,Enrgy,None,0.2783,2175676.0,1264744.0,2175676.0
LN_001018,Energy,0.0187,0.5083,492091.0,401696.0,492091.0
LN_001019,Energy,0.03569,0.3793,923410.0,720982.0,923410.0
LN_001020,Energy,0.01468,0.4755,7721804.0,5735141.0,7721804.0
LN_001021,Energy,0.04528,0.5094,6028973.0,5360375.0,6028973.0
LN_001022,Energy,0.05804,0.3095,1716058.0,1704180.0,1716058.0
LN_001023,Energy,0.00789,0.2117,1758473.0,756004.0,1758473.0
LN_001024,Energy,-999,0.4579,1704493.0,1223275.0,1704493.0
LN_001025,Energy,0.00929,0.5793,2045256.0,1533855.0,2045256.0
LN_001026,Energy,0.01388,0.5023,403382.0,290995.0,403382.0
LN_001027,Energy,0.01142,0.5296,4701983.0,3067997.0,4701983.0
LN_001028,Enrgy,0.01439,0.3877,1068028.0,631344.0,1068028.0
LN_001029,Energy,0.02396,0.7612,2302368.0,2070092.0,2302368.0
LN_001030,Energy,0.02366,0.6528,179294.0,153189.0,179294.0
LN_001031,Energy,0.01692,0.4278,2501957.0,1562609.0,2501957.0
LN_001032,Energy,0.0149,0.5343,7176558.0,4868399.0,7176558.0
LN_001033,Energy,0.01578,0.5513,236910.0,183429.0,236910.0
LN_001034,Energy,0.01584,0.634,8530143.0,7197101.0,8530143.0
LN_001035,Energy,0.01976,0.506,3140670.0,2252407.0,3140670.0
LN_001036,Energy,0.01492,0.6009,993658.0,728772.0,993658.0
LN_001037,Energy,0.01908,0.4602,440340.0,299254.0,440340.0
LN_001038,Energy,0.00779,0.366,6070651.0,4372468.0,6070651.0
LN_001039,ENERGY,0.02203,0.4523,2566312.0,1934275.0,2566312.0
LN_001040,Energy,0.03531,0.3653,3523860.0,2670354.0,3523860.0
LN_001041,Energy,0.0163,0.6102,1543542.0,1284199.0,1543542.0
LN_001042,Energy,0.0074,0.533,934536.0,748226.0,934536.0
LN_001043,Energy,0.02903,0.4792,4592588.0,3878796.0,4592588.0
LN_001044,Energy,0.01265,0.5331,803810.0,519210.0,803810.0
LN_001045,Energy,0.0034,,4729798.0,2792446.0,4729798.0
LN_001046,Energy,0.01337,0.46,405550.0,268142.0,405550.0
LN_001047,Energy,0.02009,0.4026,826545.0,556303.0,826545.0
LN_001048,Energy,0.01801,0.321,499756.0,285792.0,499756.0
LN_001049,Energy,0.02751,0.4109,6989309.0,5029581.0,6989309.0
LN_001050,Energy,0.02025,0.4637,375548.0,251772.0,375548.0
LN_001051,Energy,0.01584,0.3087,673522.0,424274.0,673522.0
LN_001052,energy,0.00561,0.2255,3758886.0,1909695.0,3758886.0
LN_001053,Energy,0.00859,0.267,2489381.0,1184130.0,2489381.0
LN_001054,Energy,0.01628,0.2723,16248878.0,8288036.0,16248878.0
LN_001055,Energy,0.02083,0.388,11619421.0,7697047.0,11619421.0
LN_001056,Energy,0.00897,0.5029,3607970.0,2565419.0,3607970.0
LN_001057,Energy,0.01101,0.5264,3867424.0,2817141.0,3867424.0
LN_001058,Energy,0.0188,0.4077,349440.0,238232.0,349440.0
LN_001059,Energy,0.00579,0.4107,861028.0,381569.0,861028.0
LN_001060,Energy,0.00569,0.6346,1461137.0,1032193.0,1461137.0
LN_001061,Energy,0.0133,0.5125,1687521.0,1135039.0,1687521.0
LN_001062,Energy,0.01688,0.4418,536938.0,362709.0,536938.0
LN_001063,Energy,0.01176,0.2941,820959.0,426260.0,820959.0
LN_001064,Energy,0.00479,0.3883,889677.0,505916.0,889677.0
LN_001065,Energy,0.01508,0.587,5523221.0,4020978.0,5523221.0
LN_001066,Energy,0.00772,0.5014,3004288.0,2422081.0,3004288.0
LN_001067,Energy,0.0206,0.6228,"1,455,765",1236568.0,1455765.0
LN_001068,Energy,0.01418,0.4051,1536234.0,992690.0,1536234.0
LN_001069,Energy,0.01699,0.5044,2641987.0,1915369.0,2641987.0
LN_001070,Energy,0.02047,0.375,1026034.0,688630.0,-1026034.0
LN_001071,Energy,0.01149,0.391,1554180.0,996886.0,1554180.0
LN_001072,Energy,0.02245,0.3989,385322.0,262702.0,385322.0
LN_001073,Energy,0.02758,0.3443,3794174.0,2663272.0,3794174.0
LN_001074,Energy,0.01814,0.4372,5013623.0,3753936.0,5013623.0
LN_001075,Energy,0.02879,0.4947,2827307.0,2359300.0,2827307.0
LN_001076,Energy,0.01093,0.457,3156891.0,2148138.0,3156891.0
LN_001077,Energy,0.02346,0.5502,2835321.0,2433128.0,2835321.0
LN_001078,Energy,0.01703,0.4974,14088372.0,10355065.0,14088372.0
LN_001079,Energy,0.00915,0.4904,2429065.0,1514283.0,2429065.0
LN_001080,Energy,0.01434,0.4341,564003.0,330047.0,564003.0
LN_001081,Energy,0.01147,0.5893,733168.0,517656.0,733168.0
LN_001082,Energy,0.01134,0.2721,3948875.0,2221587.0,3948875.0
LN_001083,Energy,0.01557,0.5295,5545454.0,4173336.0,5545454.0
LN_001084,Energy,0.02522,0.5314,4178087.0,3533062.0,4178087.0
LN_001085,Energy,0.01274,0.2904,4464160.0,2479309.0,4464160.0
LN_001086,Energy,0.01586,0.5067,2388847.0,1627960.0,2388847.0
LN_001087,Energy,0.00721,0.5279,480649.0,346209.0,480649.0
LN_001088,ENERGY,0.01572,0.197,1013314.0,617818.0,1013314.0
LN_001089,Energy,999,0.5886,353117.0,284675.0,353117.0
LN_001090,Energy,0.02227,0.4929,1378297.0,1060771.0,1378297.0
LN_001091,Energy,0.01887,0.2719,541180.0,367854.0,541180.0
LN_001092,Energy,0.01149,0.3754,2189062.0,1399853.0,2189062.0
LN_001093,energy,0.00921,0.3694,1695345.0,1023356.0,1695345.0
LN_001094,Energy,0.01424,0.6157,308523.0,206045.0,308523.0
LN_001095,Energy,0.00769,0.2516,4023797.0,2410300.0,4023797.0
LN_001096,Energy,0.0081,0.4879,4133167.0,2881623.0,4133167.0
LN_001097,Energy,-999,0.5772,525793.0,428228.0,525793.0
LN_001098,ENERGY,0.00947,0.2862,2288683.0,1233375.0,2288683.0
LN_001099,Energy,0.03629,0.5622,3961980.0,3218956.0,3961980.0
LN_001100,Energy,0.00735,0.5511,1507114.0,1040204.0,1507114.0
LN_001101,Energy,0.01845,0.3488,4524430.0,2919263.0,4524430.0
LN_001102,Energy,0.00835,0.2896,2384936.0,1460580.0,2384936.0
LN_001103,Energy,0.01626,NA,5569857.0,3190470.0,5569857.0
LN_001104,Energy,0.00891,0.5718,2376394.0,1873070.0,2376394.0
LN_001105,Energy,0.01522,0.2824,1696411.0,1011707.0,1696411.0
LN_001106,Energy,0.0138,0.3913,3245312.0,2289801.0,3245312.0
LN_001107,Energy,0.01193,0.395,4213871.0,2478568.0,4213871.0
LN_001108,Energy,0.01922,0.3798,2522787.0,1739597.0,2522787.0
LN_001109,Energy,0.03149,0.4934,1289206.0,1120949.0,1289206.0
LN_001110,Energy,0.01113,0.3854,928845.0,587497.0,928845.0
LN_001111,Energy,0.02311,0.365,1384960.0,849957.0,1384960.0
LN_001112,Energy,0.01555,0.5165,1142426.0,809782.0,1142426.0
LN_001113,Energy,0.01469,0.3799,2411882.0,1620587.0,2411882.0
LN_001114,Energy,0.04418,0.3426,2330346.0,1704363.0,2330346.0
LN_001115,Energy,0.00509,0.4563,1823208.0,1015755.0,1823208.0
LN_001116,Energy,0.01065,0.7189,1973523.0,1616385.0,1973523.0
LN_001117,Energy,0.00608,0.7611,2332689.0,1762216.0,2332689.0
LN_001118,Energy,0.01277,0.2373,8913079.0,5251860.0,8913079.0
LN_001119,Energy,1.33%,NA,6290289.0,3963365.0,6290289.0
LN_001120,Energy,0.09846,0.4501,1134127.0,1241037.0,1134127.0
LN_001121,Energy,0.0177,0.6408,2963269.0,2275068.0,2963269.0
LN_001122,Energy,0.03629,-,1438740.0,1273343.0,1438740.0
LN_001123,Energy,0.02837,0.4492,1797081.0,1297533.0,1797081.0
LN_001124,Energy,0.01199,0.3005,1560117.0,912588.0,1560117.0
LN_001125,Energy,0.01891,0.4148,1080816.0,758679.0,1080816.0
LN_001126,Energy,0.03409,0.5445,531823.0,427827.0,531823.0
LN_001127,Energy,0.01625,0.3497,184123.0,127509.0,184123.0
LN_001128,Energy,0.01654,0.5977,2390329.0,1876056.0,2390329.0
LN_001129,Energy,MISSING,0.4899,6154070.0,4643799.0,6154070.0
LN_001130,Energy,0.00708,0.2661,822918.0,372423.0,822918.0
LN_001131,Energy,0.00997,0.522,3205687.0,1946764.0,3205687.0
LN_001132,Energy,0.01762,0.6981,1356628.0,949219.0,1356628.0
LN_001133,Energy,0.01954,0.5784,2575584.0,1993213.0,2575584.0
LN_001134,Energy,0.00946,0.34,904233.0,524750.0,904233.0
LN_001135,Energy,0.0127,0.4825,1573272.0,1142050.0,1573272.0
LN_001136,Energy,0.01403,0.4084,1767263.0,1292367.0,1767263.0
LN_001137,Energy,0.01383,0.4788,198527.0,135335.0,198527.0
LN_001138,Energy,0.02102,0.5306,2418768.0,1820304.0,2418768.0
LN_001139,Energy,0.01571,0.6474,1720283.0,1412336.0,1720283.0
LN_001140,Energy,0.01618,0.5071,179430.0,143668.0,179430.0
LN_001141,Energy,0.00739,0.3692,3672425.0,2035495.0,3672425.0
LN_001142,Energy,0.00884,0.4228,1899493.0,1263281.0,1899493.0
LN_001143,Energy,0.01748,0.4595,2388810.0,1656229.0,2388810.0
LN_001144,Energy,0.00676,0.648,2777993.0,2023368.0,2777993.0
LN_001145,Energy,0.01703,0.6324,1311412.0,1100175.0,1311412.0
LN_001146,Energy,0.01074,0.2463,693811.0,352770.0,693811.0
LN_001147,Energy,0.00996,0.504,1274508.0,805001.0,1274508.0
LN_001148,Energy,0.02053,0.2533,1296274.0,834724.0,1296274.0
LN_001149,Energy,0.01065,0.2226,16703529.0,8905922.0,16703529.0
LN_001150,Energy,0.00973,0.5614,11614058.0,8154067.0,11614058.0
LN_001151,Energy,0.01065,0.3219,1221132.0,711235.0,1221132.0
LN_001152,Energy,0.01531,0.5043,1311213.0,973321.0,1311213.0
LN_001153,Energy,0.05813,0.5958,2669441.0,2685844.0,2669441.0
LN_001154,Energy,0.0052,0.5656,3373837.0,2458706.0,3373837.0
LN_001155,Energy,0.01473,0.462,1000419.0,711704.0,1000419.0
LN_001156,Energy,0.01319,0.4767,741837.0,566523.0,741837.0
LN_001157, Energy,0.02384,0.2689,12668230.0,8899612.0,12668230.0
LN_001158,Energy,0.01237,0.7108,5421353.0,4642218.0,5421353.0
LN_001159,Energy,0.00436,0.5334,433901.0,285322.0,433901.0
LN_001160,Energy,0.02869,0.2759,353279.0,239523.0,353279.0
LN_001161,Energy,MISSING,0.2439,876325.0,442191.0,876325.0
LN_001162,Energy,0.01442,0.5761,2411846.0,2156794.0,2411846.0
LN_001163,Energy,0.00753,0.3431,3311058.0,1890624.0,3311058.0
LN_001164,Energy,0.00862,0.5512,1400525.0,1023661.0,1400525.0
LN_001165,Energy,0.0116,0.5072,407170.0,311421.0,407170.0
LN_001166,Energy,0.02272,0.3136,2407786.0,1417751.0,2407786.0
LN_001167,Energy,0.02255,0.2214,3488406.0,1967482.0,3488406.0
LN_001168,Energy,0.01102,0.3157,1943460.0,1104499.0,1943460.0
LN_001169,Enrgy,0.01903,0.6203,1203145.0,906995.0,1203145.0
LN_001170,Energy,0.01233,0.6613,3396483.0,2453943.0,3396483.0
LN_001171,Energy,0.01568,0.6243,1840185.0,1398328.0,1840185.0
LN_001172,Energy,0.01601,0.4851,655132.0,508252.0,655132.0
LN_001173,Energy,0.02017,0.5454,2129337.0,1715208.0,2129337.0
LN_001174,Energy,999,0.4677,552938.0,372036.0,552938.0
LN_001175,Energy,0.01388,0.1948,4950645.0,2674056.0,4950645.0
LN_001176,Energy,0.01651,0.2536,3062108.0,1542656.0,3062108.0
LN_001177,Energy,0.01549,0.1299,738149.0,404189.0,738149.0
LN_001178,Energy,0.00997,0.1874,2385815.0,1270544.0,2385815.0
LN_001179,Energy,0.03482,0.4614,6546608.0,4955685.0,6546608.0
LN_001180,Energy,0.01177,0.3884,241600.0,155345.0,241600.0
LN_001181,Energy,0.02156,0.6276,1694740.0,1378367.0,1694740.0
LN_001182,Energy,0.01638,0.2392,9625187.0,5316122.0,9625187.0
LN_001183,Energy,0.02715,0.1367,429021.0,230392.0,429021.0
LN_001184,ENERGY,0.005,0.2031,1649307.0,752660.0,1649307.0
LN_001185,Energy,0.04098,0.469,485075.0,390543.0,485075.0
LN_001186,Energy,0.01331,0.3218,1817172.0,1141836.0,1817172.0
LN_001187,Energy,0.00802,0.4641,187254.0,125477.0,187254.0
LN_001188,Energy,0.01577,0.1005,399418.0,205490.0,399418.0
LN_001189,Energy,0.04539,0.2001,1149368.0,829520.0,1149368.0
LN_001190,Energy,0.01901,0.2225,2220183.0,1253250.0,2220183.0
LN_001191,Energy,0.00802,0.4123,2806206.0,2035920.0,2806206.0
LN_001192,Energy,0.01175,0.4988,2937506.0,1763036.0,2937506.0
LN_001193,Energy,0.0287,0.4364,5949735.0,4882163.0,5949735.0
LN_001194,Energy,0.00736,0.4887,3834414.0,2603876.0,3834414.0
LN_001195,Energy,0.01352,0.394,3988199.0,2591308.0,3988199.0
LN_001196,Energy,0.01277,0.3266,745936.0,432104.0,745936.0
LN_001197,Energy,0.04337,0.3322,1665643.0,1300069.0,1665643.0
LN_001198,Energy,0.01278,0.3564,43517929.0,24453842.0,43517929.0
LN_001199,Energy,0.02838,0.3953,17785524.0,11859841.0,17785524.0
LN_001200,energy,0.01055,0.5268,4363149.0,3036652.0,4363149.0
LN_001201,Energy,NULL,0.6631,4000063.0,2759643.0,4000063.0
LN_001202,Energy,2.43%,0.4469,5103322.0,3992288.0,5103322.0
LN_001203,Energy,0.02013,0.6932,1307658.0,1185158.0,1307658.0
LN_001204,Energy,0.00626,0.3872,"13,204,403",5638545.0,13204403.0
LN_001205,Energy,0.0203,0.5903,1343788.0,963943.0,1343788.0
LN_001206,Energy,0.02033,0.2726,1791220.0,1135746.0,1791220.0
LN_001207,Energy,0.01089,0.2832,16365755.0,9496073.0,16365755.0
LN_001208,Energy,0.01648,0.4219,252702.0,173111.0,252702.0
LN_001209,Energy,0.01688,0.4918,2767828.0,2052188.0,-2767828.0
LN_001210,Energy,0.0116,0.4299,358533.0,248086.0,358533.0
LN_001211,Energy,0.01105,0.3985,1022951.0,692851.0,1022951.0
LN_001212,Energy,0.01058,0.534,1774065.0,1410834.0,1774065.0
LN_001213,Energy,0.0129,0.3125,1373866.0,823237.0,1373866.0
LN_001214,Energy,0.00763,0.4232,2301806.0,1542940.0,2301806.0
LN_001215,Energy,0.01445,0.4263,913484.0,537738.0,913484.0
LN_001216,Energy,0.00703,0.3812,1753555.0,1041353.0,1753555.0
LN_001217,Energy,1.53%,0.479,604827.0,388916.0,604827.0
LN_001218,Energy,0.01415,0.69,1326288.0,1170781.0,1326288.0
LN_001219,Energy,0.00883,0.6297,496247.0,429110.0,496247.0
LN_001220,Energy,0.02254,0.2326,3699924.0,2363824.0,3699924.0
LN_001221,Energy,0.0386,0.3014,543233.0,369969.0,543233.0
LN_001222,Energy,0.02849,0.5446,3840192.0,3124130.0,3840192.0
LN_001223,ENERGY,0.75%,0.5984,1291548.0,935381.0,1291548.0
LN_001224,Energy,0.02777,0.5149,1439862.0,1164058.0,1439862.0
LN_001225,ENERGY,0.01645,0.5268,6205596.0,4912325.0,6205596.0
LN_001226,Energy,0.01437,0.6691,2159548.0,1837025.0,2159548.0
LN_001227,Energy,0.01098,0.3333,300096.0,139674.0,300096.0
LN_001228,Energy,0.0147,0.387,3176055.0,2280833.0,3176055.0
LN_001229,Energy,0.02939,0.6084,111171.0,92816.0,111171.0
LN_001230,Energy,0.01933,0.667,2525634.0,2029603.0,2525634.0
LN_001231,Energy,0.01201,0.4603,1307265.0,973698.0,1307265.0
LN_001232,Energy,0.01058,0.3426,488029.0,286645.0,488029.0
LN_001233,Energy,1.20%,0.454,2098130.0,1262897.0,2098130.0
LN_001234,Energy,0.01973,0.5201,1431920.0,983673.0,1431920.0
LN_001235,Energy,0.03724,0.4753,14067318.0,11767975.0,14067318.0
LN_001236,Energy,0.00873,0.4134,1258910.0,848397.0,1258910.0
LN_001237,Energy,0.01473,0.3904,13225447.0,9614359.0,13225447.0
LN_001238,Energy,0.01218,0.5484,"7,614,075",5444135.0,7614075.0
LN_001239,Energy,0.01015,0.4521,1061151.0,673772.0,1061151.0
LN_001240,Energy,0.01797,0.2296,866027.0,575088.0,866027.0
LN_001241,Energy,0.01938,0.4957,7165604.0,5122586.0,7165604.0
LN_001242,Energy,0.0073,,1696485.0,1145648.0,1696485.0
LN_001243,Energy,0.00882,0.553,2273602.0,1631653.0,2273602.0
LN_001244,Energy,0.02667,0.6698,1508661.0,1341358.0,1508661.0
LN_001245,Energy,0.01726,0.4726,585821.0,410390.0,585821.0
LN_001246,Energy,0.0191,0.4175,1342105.0,950049.0,1342105.0
LN_001247,Energy,0.0115,0.4661,750239.0,488386.0,750239.0
LN_001248,energy,0.01221,0.6367,425865.0,314435.0,425865.0
LN_001249,Energy,0.01851,0.3029,1451311.0,899425.0,1451311.0
LN_001250,Energy,0.01152,0.5005,11384322.0,7522625.0,11384322.0
LN_001251,Energy,0.00851,0.6547,9644306.0,7476270.0,9644306.0
LN_001252,Energy,0.01475,0.6168,1825538.0,1425488.0,1825538.0
LN_001253,Energy,0.02309,0.744,2220726.0,1962030.0,2220726.0
LN_001254,Energy,n/a,0.5195,3228516.0,2187886.0,3228516.0
LN_001255,Energy,0.0249,0.5682,7484145.0,5982153.0,7484145.0
LN_001256,Energy,0.02088,0.2967,2662708.0,1928402.0,2662708.0
LN_001257,Energy,0.00962,0.5497,1208428.0,856061.0,1208428.0
LN_001258,ENERGY,0.0148,0.5682,1316151.0,948241.0,1316151.0
LN_001259,Energy,0.01444,NA,5983258.0,4000193.0,5983258.0
LN_001260,Energy,0.02018,0.2675,25782934.0,16763760.0,25782934.0
LN_001261,Energy,0.02051,0.5551,1042332.0,799672.0,1042332.0
LN_001262,ENERGY,0.00774,0.4636,252899.0,162536.0,252899.0
LN_001263,Energy,0.00756,0.3546,4344657.0,2504473.0,4344657.0
LN_001264,energy,0.02455,0.4076,1799164.0,1310770.0,1799164.0
LN_001265,Energy,0.0156,0.4539,2229154.0,1586179.0,2229154.0
LN_001266,Energy,0.01813,0.5112,6642954.0,5055159.0,6642954.0
LN_001267,Energy,0.0174,0.334,2077162.0,1153096.0,2077162.0
LN_001268,Energy,0.03148,0.5162,519110.0,398809.0,519110.0
LN_001269,Energy, ,0.6448,275514.0,171029.0,275514.0
LN_001270,Energy,0.02529,0.5646,1852541.0,1576780.0,1852541.0
LN_001271,Energy,0.00983,0.2755,613556.0,377155.0,613556.0
LN_001272,Energy,0.02114,0.5169,2592023.0,2138315.0,2592023.0
LN_001273,Energy,0.02864,0.6236,546371.0,475781.0,546371.0
LN_001274,Energy,0.00744,0.5238,1367684.0,1010613.0,1367684.0
LN_001275,Energy,0.018,NA,449147.0,295390.0,449147.0
LN_001276,Energy,0.01286,0.3227,1353647.0,808653.0,1353647.0
LN_001277,energy,1.28%,0.3773,1245627.0,692508.0,1245627.0
LN_001278,Enrgy,0.01506,0.4139,3514510.0,2206040.0,3514510.0
LN_001279,Energy,0.00876,0.2843,7406879.0,3912260.0,7406879.0
LN_001280,Energy,0.00916,0.3518,1618415.0,1040803.0,1618415.0
LN_001281,Energy,0.02042,0.4511,823182.0,660426.0,823182.0
LN_001282,Energy,0.0224,0.4468,13652388.0,9632133.0,13652388.0
LN_001283,Energy,0.01114,0.2428,2791600.0,1584919.0,2791600.0
LN_001284,Energy,0.00718,0.259,3576504.0,1960409.0,3576504.0
LN_001285,Energy,0.04635,0.4138,3567313.0,2910455.0,3567313.0
LN_001286,Energy,0.0254,0.4606,8292479.0,5543592.0,8292479.0
LN_001287,Energy,1.76%,0.5629,5322197.0,3866425.0,5322197.0
LN_001288,Energy,0.00886,0.2042,3824577.0,1692162.0,3824577.0
LN_001289,Energy,0.01106,0.7891,4180997.0,3484150.0,4180997.0
LN_001290,Energy,0.01662,0.7077,826857.0,686850.0,826857.0
LN_001291,Energy,0.00917,0.5516,1061180.0,740870.0,1061180.0
LN_001292,Energy,0.03255,0.3077,1750943.0,1234251.0,1750943.0
LN_001293,Industrials,0.01509,0.6456,1023601.0,752584.0,1023601.0
LN_001294,Industrials,0.00744,0.5626,601531.0,430963.0,601531.0
LN_001295,Industrials,0.01846,0.4448,1763678.0,1086605.0,1763678.0
LN_001296,Industrials,0.00514,0.5153,5547282.0,3610912.0,5547282.0
LN_001297,Industrials,None,0.2949,500231.0,309094.0,500231.0
LN_001298,Industrials,0.01438,0.2982,385103.0,254307.0,385103.0
LN_001299,Industrials,0.00798,0.4362,3508939.0,2015814.0,3508939.0
LN_001300,Industrials,0.00534,0.4642,124296.0,84834.0,124296.0
LN_001301,Industrials,0.01629,0.4388,12892471.0,9430758.0,12892471.0
LN_001302,Industrials,0.00846,0.5133,1275385.0,865778.0,1275385.0
LN_001303,Industrials,0.01749,0.4681,4229841.0,3558189.0,4229841.0
LN_001304,Industrials,0.01737,0.4413,13388752.0,9360075.0,13388752.0
LN_001305,Industrials,0.0118,0.1785,453645.0,215817.0,453645.0
LN_001306,Industrials,0.01183,0.2138,683126.0,384320.0,683126.0
LN_001307,Industrials,0.01938,0.5739,19800605.0,13626091.0,19800605.0
LN_001308,Industrials,0.01428,0.5157,1494960.0,1198598.0,1494960.0
LN_001309,Industrials,0.00743,0.3696,1754960.0,1142229.0,1754960.0
LN_001310,industrials,0.01287,0.2709,2522837.0,1407093.0,2522837.0
LN_001311,Industrials,0.0156,0.404,5892081.0,4121690.0,5892081.0
LN_001312,Industrials,0.0131,0.1333,7755622.0,4122823.0,7755622.0
LN_001313,Industrials,0.01301,0.23,2237724.0,1468567.0,2237724.0
LN_001314,Industrials,0.011,0.3571,1419627.0,827342.0,1419627.0
LN_001315,Industrials,0.01116,0.3465,1926782.0,1046577.0,1926782.0
LN_001316,Industrials,0.00743,0.281,2726921.0,1217557.0,2726921.0
LN_001317,Industrials,0.0058,0.4317,7630874.0,4648037.0,7630874.0
LN_001318,Industrials,0.02074,0.1829,2297279.0,1140340.0,2297279.0
LN_001319,Industrials,0.00862,0.4696,12861815.0,8400559.0,12861815.0
LN_001320,Industrials,0.01322,0.2831,831659.0,505862.0,831659.0
LN_001321,Industrials,0.0056,0.4507,3445384.0,2104632.0,3445384.0
LN_001322,Industrials,0.01281,0.3623,12044600.0,6980367.0,12044600.0
LN_001323,Industrials,0.00784,0.3561,7462751.0,4897898.0,7462751.0
LN_001324,Industrials,0.05189,0.5383,2809683.0,2666840.0,2809683.0
LN_001325,Industrials,0.00713,0.3549,810988.0,488241.0,810988.0
LN_001326,Industrials,NULL,0.2538,965495.0,564396.0,965495.0
LN_001327,Industrials,--,not available,1704152.0,1358514.0,1704152.0
LN_001328,Industrials,0.02085,0.1415,2747543.0,1394373.0,2747543.0
LN_001329,Industrials,0.00415,0.3301,1550138.0,1065094.0,1550138.0
LN_001330,Industrials,0.01343,0.303,451349.0,266844.0,451349.0
LN_001331,Industrials,0.01832,0.4129,940373.0,597534.0,940373.0
LN_001332,Industrials,0.00644,0.5566,"3,395,540",2321557.0,3395540.0
LN_001333,Industrials,0.01663,0.32,4697547.0,2810599.0,4697547.0
LN_001334,Industrials, ,0.2416,478222.0,227785.0,478222.0
LN_001335,Industrials,0.0072,0.583,1378249.0,957700.0,1378249.0
LN_001336,Industrials,0.00994,0.3358,361227.0,215054.0,361227.0
LN_001337,Industrials,0.0094,0.574,1123701.0,812991.0,1123701.0
LN_001338,Industrials,0.00593,0.3136,74842454.0,43992098.0,74842454.0
LN_001339,Industrials,0.03599,0.4506,2134351.0,1550812.0,2134351.0
LN_001340,Industrials,0.00943,0.7524,1404981.0,1047408.0,1404981.0
LN_001341,Industrials,0.00816,0.3157,1095510.0,674064.0,1095510.0
LN_001342,Industrials,0.01809,0.407,580388.0,384009.0,580388.0
LN_001343,Industrials,0.01141,0.3634,299015.0,204228.0,299015.0
LN_001344,Industrials,2.30%,0.3234,1915608.0,1308941.0,1915608.0
LN_001345,Industrials,0.01036,0.324,1507735.0,783758.0,1507735.0
LN_001346,Industrials,0.01409,0.5173,9059604.0,6782775.0,9059604.0
LN_001347,Industrials,0.01239,0.3801,375335.0,218966.0,375335.0
LN_001348,Industrials,0.01285,0.4928,3122087.0,2227831.0,3122087.0
LN_001349,Industrials,0.01067,0.4491,7883200.0,5725593.0,7883200.0
LN_001350,Industrials,0.01123,0.1328,270294.0,162507.0,270294.0
LN_001351,Industrials,0.02719,0.6209,3918833.0,3343303.0,3918833.0
LN_001352,Industrials,0.00844,0.3429,385319.0,241673.0,385319.0
LN_001353,Industrials,0.00902,0.4332,3411677.0,2251295.0,3411677.0
LN_001354,Industrials,0.00997,0.3692,9043993.0,5929577.0,9043993.0
LN_001355,Industrials,0.0157,0.2141,1992238.0,862240.0,1992238.0
LN_001356,Industrials,0.01443,0.2286,2682371.0,1460313.0,2682371.0
LN_001357,Industrials,1.88%,0.5328,984041.0,760628.0,984041.0
LN_001358,Industrials,0.61%,0.2893,2688445.0,1537305.0,2688445.0
LN_001359,Industrials,0.01345,0.203,6365401.0,3218777.0,6365401.0
LN_001360,Industrials,0.01084,0.3555,1659008.0,1086702.0,1659008.0
LN_001361,Industrials,0.01026,0.3546,1734383.0,1154110.0,1734383.0
LN_001362,Industrials,0.01283,0.5306,2981147.0,2159732.0,2981147.0
LN_001363,Industrials,0.00445,0.2821,4640584.0,2423700.0,4640584.0
LN_001364,Industrials,0.01354,0.3525,375309.0,228509.0,375309.0
LN_001365,Industrials,0.01271,0.5056,2126706.0,1517422.0,2126706.0
LN_001366,Industrials,0.00582,0.3236,993000.0,621299.0,993000.0
LN_001367,Industrials,0.01128,0.589,3324001.0,2728343.0,3324001.0
LN_001368,Industrials,0.0255,0.2026,5773115.0,3419886.0,5773115.0
LN_001369,industrials,0.00976,0.3427,2752552.0,1517513.0,2752552.0
LN_001370,Industrials,0.01587,0.5347,7497528.0,5253214.0,7497528.0
LN_001371,Industrials,0.01058,0.1305,726315.0,390680.0,726315.0
LN_001372,Industrials,0.00791,0.1564,1317393.0,654678.0,1317393.0
LN_001373,Industrials,0.00749,0.3885,727263.0,455309.0,727263.0
LN_001374,Industrials,0.00971,0.692,2125980.0,1734197.0,2125980.0
LN_001375,Industrials,0.02253,0.1637,2207496.0,1317043.0,2207496.0
LN_001376,Industrials,0.01773,0.4808,1634001.0,1170933.0,1634001.0
LN_001377,Industrials,0.00834,0.4204,579205.0,335870.0,579205.0
LN_001378,Industrials,0.0194,0.3354,1850319.0,1149455.0,1850319.0
LN_001379,Industrials,0.0111,0.1952,1279477.0,681072.0,1279477.0
LN_001380,Industrials,0.0084,0.3522,3714251.0,2289296.0,3714251.0
LN_001381,Industrials,0.01464,0.5541,1518781.0,1102162.0,1518781.0
LN_001382,Industrials,0.00753,0.4842,6577440.0,4224216.0,6577440.0
LN_001383,Industrials,0.00544,0.3669,2535885.0,1665326.0,2535885.0
LN_001384,Industrials,0.02246,0.3838,299320.0,201726.0,299320.0
LN_001385,Industrials,0.00479,0.3723,1676639.0,1000936.0,1676639.0
LN_001386,Industrials,0.01547,0.4217,463681.0,306271.0,463681.0
LN_001387,Industrials,0.00556,0.3731,5390708.0,2946553.0,5390708.0
LN_001388,Industrials,0.01166,0.3243,8679852.0,4536034.0,8679852.0
LN_001389,Industrials,0.01073,0.4295,1947878.0,1217658.0,1947878.0
LN_001390,Industrials,0.00952,0.2722,3150890.0,1628517.0,3150890.0
LN_001391,Industrials,0.00401,0.6722,456168.0,360067.0,456168.0
LN_001392,Industrials,0.01121,0.4965,200541.0,127060.0,200541.0
LN_001393,Industrials,0.01162,0.4044,1134497.0,706896.0,1134497.0
LN_001394,Industrials,0.76%,0.4189,1541850.0,1020083.0,1541850.0
LN_001395,Industrials,0.01145,0.283,425646.0,242877.0,425646.0
LN_001396,Industrials,0.01934,0.2697,"2,197,710",1410514.0,2197710.0
LN_001397,Industrial,0.0083,NA,2757643.0,1804316.0,2757643.0
LN_001398,Industrails,0.01344,0.5778,3867638.0,2574188.0,3867638.0
LN_001399,Industrials,0.00671,0.637,9776808.0,7054878.0,9776808.0
LN_001400,Industrials,0.0143,0.4794,4586704.0,2992324.0,4586704.0
LN_001401,Industrials,0.01624,0.4286,1376939.0,1038628.0,1376939.0
LN_001402,Industrials,0.04033,0.5843,2230891.0,2028815.0,2230891.0
LN_001403,Industrials,0.01852,0.3713,3705240.0,2567236.0,3705240.0
LN_001404,Industrials,0.01467,0.2508,687418.0,457065.0,687418.0
LN_001405,Industrials,0.02375,0.3481,7792100.0,5204107.0,7792100.0
LN_001406,Industrials,0.00725,0.4398,5040858.0,3232553.0,5040858.0
LN_001407,Industrials,0.02011,0.4351,1590368.0,1165617.0,1590368.0
LN_001408,Industrials,0.00905,0.3808,1043905.0,628602.0,1043905.0
LN_001409,Industrials,0.00873,0.4296,98367829.0,69335509.0,98367829.0
LN_001410,Industrials,0.02035,0.4544,4739261.0,3629576.0,4739261.0
LN_001411,Industrials,0.0133,0.3143,5247403.0,3441891.0,5247403.0
LN_001412,Industrials,0.0228,0.4529,12632680.0,9353716.0,12632680.0
LN_001413,Industrials,0.0058,0.5966,5475105.0,3818866.0,5475105.0
LN_001414,Industrials,MISSING,0.4383,2488451.0,1633419.0,2488451.0
LN_001415,Industrials,0.92%,0.2755,4123858.0,2226340.0,4123858.0
LN_001416,Industrials,0.01038,0.2361,788335.0,362941.0,788335.0
LN_001417,Industrials,0.00463,0.5078,4175446.0,2829439.0,4175446.0
LN_001418,Industrials,0.01883,0.4324,415557.0,309318.0,415557.0
LN_001419,Industrials,0.01316,0.5543,3099072.0,2278957.0,3099072.0
LN_001420,Industrials,0.0073,0.4279,3555449.0,2154262.0,3555449.0
LN_001421,Industrials,0.00611,0.1832,407446.0,200197.0,407446.0
LN_001422,Industrials,0.00774,0.4738,14342781.0,9616488.0,14342781.0
LN_001423,Industrials,0.02364,0.3916,619856.0,449936.0,619856.0
LN_001424,Industrials,N/A,0.328,5869410.0,4060655.0,5869410.0
LN_001425,Industrials,0.01008,0.4263,1172551.0,707497.0,1172551.0
LN_001426,Industrials,0.01515,0.504,2771994.0,2047464.0,2771994.0
LN_001427,Industrials,0.01196,0.7577,1028022.0,900132.0,1028022.0
LN_001428,Industrials,0.01333,0.4181,25866983.0,17224601.0,25866983.0
LN_001429,Industrials,0.01715,0.4292,5804785.0,3941402.0,5804785.0
LN_001430,Industrials,0.014,0.05,12890735.0,5303059.0,12890735.0
LN_001431,Industrials,0.01833,0.2208,4510590.0,2495314.0,4510590.0
LN_001432,Industrials,0.00662,0.3057,4129670.0,2460213.0,4129670.0
LN_001433,Industrials,0.01228,0.3517,2365090.0,1638728.0,2365090.0
LN_001434,Industrials,0.01,0.3059,1588769.0,868869.0,1588769.0
LN_001435,Industrails,0.01255,0.2988,3784790.0,2329856.0,3784790.0
LN_001436,Industrials,0.01168,0.6104,2394828.0,1877983.0,2394828.0
LN_001437,Industrials,0.00872,0.5196,1741171.0,1290630.0,1741171.0
LN_001438,Industrials,0.01004,0.4841,496839.0,343259.0,496839.0
LN_001439,Industrials,0.01899,0.2584,1487153.0,937654.0,1487153.0
LN_001440,Industrials,0.00909,0.4903,3784223.0,2730616.0,3784223.0
LN_001441,Industrials,0.00648,0.3482,1258520.0,658513.0,1258520.0
LN_001442,Industrials,0.01598,0.5822,2911995.0,2243398.0,2911995.0
LN_001443,Industrials,0.01924,0.2051,1763802.0,865527.0,1763802.0
LN_001444,Industrials,0.01046,0.4713,709568.0,407265.0,709568.0
LN_001445,Industrials,0.01272,0.4851,809064.0,528589.0,809064.0
LN_001446,Industrials,0.00792,0.3281,956235.0,479887.0,956235.0
LN_001447,Industrials,0.01082,0.5065,1517641.0,1094334.0,1517641.0
LN_001448,Industrials,0.02058,0.2042,1563590.0,997596.0,1563590.0
LN_001449,industrials,0.01772,0.4197,6433181.0,4333302.0,6433181.0
LN_001450,Industrials,0.01286,0.4378,672464.0,445744.0,672464.0
LN_001451,Industrials,0.01046,0.315,251767.0,145031.0,251767.0
LN_001452,Industrials,0.00538,0.3077,4132393.0,2232197.0,4132393.0
LN_001453,Industrials,0.01397,,1283151.0,713056.0,1283151.0
LN_001454,Industrials,0.01499,0.4486,1812668.0,1280200.0,1812668.0
LN_001455,Industrials,0.02008,0.2741,27955710.0,16764793.0,27955710.0
LN_001456,Industrials,0.03215,0.7721,9191615.0,8544800.0,9191615.0
LN_001457,Industrials,0.01441,0.404,3751336.0,2379017.0,3751336.0
LN_001458,Industrials,0.01915,0.5245,5412534.0,4306682.0,5412534.0
LN_001459,Industrials,0.00694,0.632,2320040.0,1670038.0,2320040.0
LN_001460,Industrials,0.02163,0.3347,5485898.0,4053773.0,5485898.0
LN_001461,Industrials,0.01834,0.3569,1098089.0,709283.0,1098089.0
LN_001462,Industrials,0.02337,0.3376,989829.0,739195.0,989829.0
LN_001463,Industrials,0.01669,0.4284,1273085.0,798611.0,1273085.0
LN_001464,Industrials,0.01497,0.6512,10386380.0,7943165.0,10386380.0
LN_001465,Industrials,0.02474,0.4028,10149897.0,7570554.0,10149897.0
LN_001466,Industrials,0.00867,0.5297,1104935.0,795374.0,1104935.0
LN_001467,Industrials,0.01645,0.67,6772231.0,5492817.0,6772231.0
LN_001468,Industrials,0.0204,0.5078,1748480.0,1497247.0,1748480.0
LN_001469,Industrials,0.00818,0.5986,6200177.0,4549156.0,6200177.0
LN_001470,Industrials,0.00684,0.2443,1487627.0,805896.0,1487627.0
LN_001471,Industrials,0.01486,0.2348,5497035.0,2975599.0,5497035.0
LN_001472,Industrials,0.01277,0.3503,1840061.0,1296415.0,1840061.0
LN_001473,Industrials,0.01619,-,1537231.0,1119938.0,1537231.0
LN_001474,Industrials,0.01648,0.3012,2017565.0,1285335.0,2017565.0
LN_001475,Industrials,0.00828,0.3873,2428995.0,1292105.0,2428995.0
LN_001476,Industrials,0.0142,0.2143,1137748.0,651991.0,1137748.0
LN_001477,Industrials,0.02088,0.44,507686.0,353101.0,507686.0
LN_001478,Industrials,0.01013,0.35,11758224.0,7346461.0,11758224.0
LN_001479,Industrials,0.01049,0.7073,1381098.0,1173441.0,1381098.0
LN_001480,Industrials,0.00695,not available,320415.0,192349.0,320415.0
LN_001481,Industrials,0.01796,0.4259,201573.0,142034.0,201573.0
LN_001482,Industrials,0.03124,0.6076,116505.0,106893.0,116505.0
LN_001483,Industrials,0.00619,0.284,1103519.0,610491.0,1103519.0
LN_001484,Industrials,0.01749,0.3101,8355949.0,5102917.0,8355949.0
LN_001485,Industrials,0.01874,0.2643,387410.0,215483.0,387410.0
LN_001486,Industrials,0.00919,0.4105,1489728.0,892290.0,1489728.0
LN_001487,Industrials,0.01007,0.4617,314121.0,189158.0,314121.0
LN_001488,Industrials,0.00725,0.5293,6435896.0,4736479.0,6435896.0
LN_001489,Industrials,0.00824,0.3064,3018053.0,1735085.0,3018053.0
LN_001490,Industrials,0.0131,0.4167,2890007.0,1729261.0,2890007.0
LN_001491,Industrials,0.0166,0.3257,8309077.0,5235793.0,8309077.0
LN_001492,Industrials,0.01279,0.2015,11256913.0,5339988.0,11256913.0
LN_001493,Industrials,0.01834,0.2576,5985026.0,2623064.0,5985026.0
LN_001494,Industrials,0.01336,0.4678,1146274.0,859414.0,1146274.0
LN_001495,Industrials,0.00684,0.5723,532415.0,407976.0,532415.0
LN_001496,Industrials,0.02454,0.2892,710616.0,414900.0,710616.0
LN_001497,Industrials,0.02155,0.4479,343100.0,237148.0,343100.0
LN_001498,Industrials,0.00856,0.4711,13301943.0,8944294.0,13301943.0
LN_001499,Industrials,0.02871,0.2883,1709904.0,1133929.0,1709904.0
LN_001500,Industrials,0.01522,0.4131,2374740.0,1489377.0,2374740.0
LN_001501,Industrials,0.01291,0.311,2545794.0,1462211.0,2545794.0
LN_001502,Industrials,0.03083,0.1209,16586174.0,9802722.0,16586174.0
LN_001503,Industrials,0.00358,0.628,1166710.0,805866.0,1166710.0
LN_001504,Industrials,0.00554,0.3256,7022332.0,4033790.0,7022332.0
LN_001505,Industrials,0.01713,0.5422,"2,845,307",2108230.0,2845307.0
LN_001506,Industrials,0.01075,0.3443,1780852.0,1010243.0,1780852.0
LN_001507,Industrials,0.00764,0.4448,289462.0,186203.0,289462.0
LN_001508,Industrials,0.02529,0.4217,5362029.0,3495440.0,5362029.0
LN_001509,Industrials,0.01538,0.5458,969202.0,791338.0,969202.0
LN_001510,Industrials,0.00651,0.3099,1299382.0,615685.0,1299382.0
LN_001511,Industrials,0.0088,0.5854,2628982.0,1898409.0,2628982.0
LN_001512,Industrials,0.01833,NA,2298214.0,1905979.0,2298214.0
LN_001513,Industrials,0.02899,0.2324,6626361.0,4466380.0,6626361.0
LN_001514,Industrials,0.00457,0.28,1045813.0,570987.0,1045813.0
LN_001515,Industrials,0.01372,0.4523,2469525.0,1842016.0,2469525.0
LN_001516,Industrials,0.01009,0.295,2777412.0,1438292.0,2777412.0
LN_001517,Industrials,0.00519,0.4317,2142550.0,1320966.0,2142550.0
LN_001518,Industrials,0.01121,0.3946,4200410.0,2701287.0,4200410.0
LN_001519,Industrials,0.00557,0.3627,1606063.0,898562.0,1606063.0
LN_001520,Industrials,0.00936,0.4754,7214679.0,4612513.0,7214679.0
LN_001521,Industrials,0.02677,0.1406,1005128.0,657156.0,1005128.0
LN_001522,Industrials,0.01563,0.3311,474423.0,280688.0,474423.0
LN_001523,Industrials,0.01781,0.2971,2001108.0,1196061.0,2001108.0
LN_001524,Industrials,0.0163,0.4386,7037336.0,4761747.0,7037336.0
LN_001525,Industrials,-999,0.1924,1227454.0,654717.0,1227454.0
LN_001526,Industrials,0.01956,0.3941,1093804.0,758675.0,1093804.0
LN_001527,Industrials,0.0069,0.4676,1461810.0,934988.0,1461810.0
LN_001528,Industrials,0.01022,0.5781,2473419.0,1853395.0,2473419.0
LN_001529,Industrials,0.01847,0.2683,1742221.0,1074094.0,1742221.0
LN_001530,Industrials,0.00855,0.3048,2874310.0,1708131.0,2874310.0
LN_001531,Industrials,0.00985,0.3285,355846.0,234721.0,355846.0
LN_001532,Industrials,0.02197,0.4697,9764040.0,6827427.0,9764040.0
LN_001533,Industrial,0.02578,0.3596,3802360.0,2989579.0,3802360.0
LN_001534,Industrials,0.00908,0.5424,860642.0,586671.0,860642.0
LN_001535,Industrials,0.0082,0.3596,8571045.0,5412747.0,8571045.0
LN_001536,Industrials,0.01623,0.5683,3317718.0,2552201.0,3317718.0
LN_001537,Industrial,0.01394,0.2462,9496706.0,5275397.0,9496706.0
LN_001538,Industrials,0.0088,0.7273,621893.0,439083.0,621893.0
LN_001539,Industrials,0.01635,0.4434,11516740.0,8910311.0,11516740.0
LN_001540,Industrails,0.01601,0.2453,2188470.0,1191505.0,2188470.0
LN_001541,Industrials,0.01272,0.4415,251057.0,158425.0,251057.0
LN_001542,Industrials,0.05129,0.4022,4531774.0,4229043.0,4531774.0
LN_001543,Industrials,0.02373,0.4866,1530053.0,1170496.0,1530053.0
LN_001544,industrials,0.0182,0.3203,735532.0,538054.0,735532.0
LN_001545,Industrials,0.02016,0.4596,1672906.0,1353210.0,1672906.0
LN_001546,Industrials,0.05191,0.287,282604.0,241871.0,282604.0
LN_001547,Industrials,0.02091,0.4739,3808434.0,2855712.0,3808434.0
LN_001548,Industrials,0.00862,0.3735,1671022.0,1080021.0,1671022.0
LN_001549,Industrials,0.01432,0.3613,1580628.0,901115.0,1580628.0
LN_001550,Industrials,0.01269,0.5488,8955712.0,6606827.0,8955712.0
LN_001551,Industrials,0.00928,0.4906,2164238.0,1480420.0,2164238.0
LN_001552,Industrials,0.0139,0.5013,1056822.0,725808.0,1056822.0
LN_001553,Industrials,0.01384,0.4586,784081.0,548178.0,784081.0
LN_001554,Industrials,0.01192,0.3101,1960239.0,1020123.0,1960239.0
LN_001555,Industrials,0.00966,0.1849,6247836.0,3472261.0,6247836.0
LN_001556,Industrials,0.01836,0.4078,1146851.0,859853.0,1146851.0
LN_001557,Industrials,0.00562,0.3456,716689.0,365797.0,716689.0
LN_001558,Industrials,1.83%,0.1508,5397699.0,2975412.0,5397699.0
LN_001559,Industrials,0.01231,0.3155,2219234.0,1499040.0,2219234.0
LN_001560,Industrials,0.01401,0.6692,2033300.0,1675640.0,2033300.0
LN_001561,Industrials,0.00384,0.4181,17875509.0,9881275.0,17875509.0
LN_001562,Retail,0.01051,0.3595,1223425.0,818870.0,1223425.0
LN_001563,Retail,0.02628,0.1815,949747.0,598144.0,949747.0
LN_001564,Retail,0.0428,0.4651,2468936.0,2242994.0,2468936.0
LN_001565,Retail,999,0.463,2046392.0,1399099.0,2046392.0
LN_001566,Retail,0.01751,0.4934,502642.0,366036.0,502642.0
LN_001567,Retail,0.01168,0.5604,716260.0,495857.0,716260.0
LN_001568,Retail ,0.01491,0.6358,976613.0,648347.0,976613.0
LN_001569,Retail,0.02003,0.3495,1314270.0,911224.0,1314270.0
LN_001570,Retail,0.01683,0.6087,1366521.0,1066569.0,1366521.0
LN_001571,Retail,0.01222,0.2389,1021431.0,663533.0,1021431.0
LN_001572,retail,0.04889,0.4759,3549135.0,2877738.0,3549135.0
LN_001573,Retail,0.01588,0.4111,4755715.0,3384699.0,4755715.0
LN_001574,Retail,0.01569,0.3991,2069316.0,1280240.0,2069316.0
LN_001575,Retail,0.0298,0.2238,238756.0,155661.0,238756.0
LN_001576,Retail,1.73%,0.5476,1660137.0,1183533.0,1660137.0
LN_001577,Retail,0.01553,0.4699,3285229.0,2360279.0,3285229.0
LN_001578,Retail,0.02751,0.5509,1784805.0,1457920.0,1784805.0
LN_001579,Retail,0.01027,0.6157,2496730.0,1978103.0,2496730.0
LN_001580,Retail,-999,0.4947,2124160.0,1654069.0,2124160.0
LN_001581,Retail,0.02864,0.574,466061.0,401066.0,466061.0
LN_001582,Retail,0.02386,0.4985,173702.0,143887.0,173702.0
LN_001583,Retail,0.01571,0.5313,3476758.0,2647329.0,3476758.0
LN_001584,Retail,0.0171,0.4864,1172682.0,837308.0,1172682.0
LN_001585,Retail,0.00732,0.4072,2856320.0,1934222.0,2856320.0
LN_001586,Retail,0.01609,0.2194,1442041.0,810636.0,1442041.0
LN_001587,Retail,0.01982,0.6685,1637609.0,1402292.0,1637609.0
LN_001588,Retail,0.0264,0.5151,7073524.0,5493930.0,7073524.0
LN_001589,Retail,0.01842,0.4014,616686.0,400839.0,616686.0
LN_001590,Retail,0.01415,0.6859,1906024.0,1276163.0,1906024.0
LN_001591,Retail,0.01133,0.7552,681047.0,590272.0,681047.0
LN_001592,Retail,0.01678,0.4631,2059512.0,1340349.0,2059512.0
LN_001593,Retail,0.01835,0.4648,3024686.0,2271477.0,3024686.0
LN_001594,Retail,0.03126,0.4005,3572738.0,3015577.0,3572738.0
LN_001595,Retail,0.01724,0.5042,2219750.0,1483613.0,2219750.0
LN_001596,Retail,0.01339,0.4968,518668.0,386763.0,518668.0
LN_001597,Retail,0.01628,0.38,2426828.0,1583244.0,2426828.0
LN_001598,Retail,0.01351,0.4648,4492346.0,3183641.0,4492346.0
LN_001599,Retail,0.01528,0.5152,4949998.0,3309193.0,4949998.0
LN_001600,Retail,0.00575,0.3909,14707113.0,8843382.0,14707113.0
LN_001601,Retail,0.0078,0.6564,3283070.0,2513542.0,3283070.0
LN_001602,Retail,0.95%,0.311,731372.0,472794.0,731372.0
LN_001603,Retail,0.02161,0.2365,1174452.0,836350.0,1174452.0
LN_001604,Retail ,0.01651,0.5939,2086227.0,1650290.0,2086227.0
LN_001605,Retail,0.01845,0.6192,5200760.0,4079075.0,5200760.0
LN_001606,Retail ,0.0305,0.3047,650344.0,524527.0,650344.0
LN_001607,Retail,0.01024,0.4996,4581195.0,3122708.0,4581195.0
LN_001608,Retail,0.0302,0.4785,3572157.0,2829643.0,3572157.0
LN_001609,Retail,0.02075,0.4728,842778.0,623532.0,842778.0
LN_001610,Retail,0.01205,0.3231,3427677.0,2134224.0,3427677.0
LN_001611,Retail,0.03583,0.3762,931806.0,751189.0,931806.0
LN_001612,retail,0.00847,0.3275,1916995.0,1062214.0,1916995.0
LN_001613,Retail,0.00982,0.1884,1443562.0,733094.0,1443562.0
LN_001614,Retail,0.01547,0.1356,2409183.0,1463296.0,2409183.0
LN_001615,Retail,0.02096,not available,627956.0,557536.0,627956.0
LN_001616,Retail,0.0156,0.3074,3171136.0,2011853.0,3171136.0
LN_001617,Retail,0.00597,0.1796,245033.0,122075.0,245033.0
LN_001618,Retail,0.0148,0.5434,1308653.0,951815.0,1308653.0
LN_001619,Retail,0.01645,0.5025,1125271.0,871498.0,1125271.0
LN_001620,Retail,0.06032,0.372,8592238.0,7669778.0,8592238.0
LN_001621,Retail,0.03381,0.3944,3203402.0,2487060.0,3203402.0
LN_001622,Retail,0.01822,0.4186,1212075.0,810284.0,1212075.0
LN_001623,Retail,0.01,0.4318,824238.0,509808.0,824238.0
LN_001624,Retail, ,0.5082,1988451.0,1499027.0,1988451.0
LN_001625,Retail,0.00964,0.5399,1058984.0,747339.0,1058984.0
LN_001626,Retail,0.01895,0.451,16054802.0,10996862.0,16054802.0
LN_001627,Retail,0.02055,0.6547,138235.0,114879.0,138235.0
LN_001628,Retail,0.01406,0.6154,2047733.0,1590701.0,2047733.0
LN_001629,Retail,0.01939,0.3413,186904.0,118224.0,186904.0
LN_001630,Retail,0.01456,0.3782,5153339.0,3169333.0,5153339.0
LN_001631,Retail,0.01293,0.5351,898001.0,643053.0,898001.0
LN_001632,Retail,0.03657,0.3602,8822042.0,7072334.0,8822042.0
LN_001633,RETAIL,2.28%,0.3645,1147511.0,850205.0,1147511.0
LN_001634,Retail,0.01473,0.4319,5376921.0,3685993.0,5376921.0
LN_001635,Retail,0.01174,0.2388,2334773.0,1260118.0,2334773.0
LN_001636,Retail,0.01871,0.6412,5913218.0,4814995.0,5913218.0
LN_001637,Retail,0.02267,0.503,1967647.0,1680980.0,1967647.0
LN_001638,Retail,0.02609,0.5826,114582.0,99830.0,114582.0
LN_001639,Retail,0.03547,0.4622,968438.0,748233.0,968438.0
LN_001640,Retail,0.02152,0.4629,438857.0,321255.0,438857.0
LN_001641,Retail,0.00986,0.4841,4726437.0,3077275.0,4726437.0
LN_001642,Retail,0.04667,,3207330.0,2964849.0,3207330.0
LN_001643,Retail,N/A,0.3549,1937057.0,1255796.0,1937057.0
LN_001644,Retail,0.02583,0.3166,2964125.0,2019297.0,2964125.0
LN_001645,Retail,0.03314,0.472,2321967.0,1729292.0,2321967.0
LN_001646,Retail,0.00822,0.5027,1119724.0,726278.0,1119724.0
LN_001647,Retail,0.01425,0.4149,12319555.0,9075447.0,12319555.0
LN_001648,Retail,0.01331,0.4672,2417375.0,1777053.0,2417375.0
LN_001649,Retail,0.03081,0.5033,1603059.0,1236303.0,1603059.0
LN_001650,Retail,n/a,0.6188,478652.0,334800.0,478652.0
LN_001651,Retail,0.01461,0.564,1067947.0,753304.0,1067947.0
LN_001652,Retial,3.62%,0.3385,1948128.0,1294981.0,1948128.0
LN_001653,Retail,0.02358,0.4135,1626187.0,1094569.0,1626187.0
LN_001654,Retail,0.01416,0.5089,1225120.0,861147.0,1225120.0
LN_001655,Retail,0.0433,0.6071,1835544.0,1642446.0,1835544.0
LN_001656,Retail,0.00889,0.3106,662829.0,404963.0,662829.0
LN_001657,Retail,0.02141,0.4785,1941177.0,1436577.0,1941177.0
LN_001658,Retail,0.0153,0.5953,443414.0,330259.0,443414.0
LN_001659,Retail,0.02202,0.5211,850949.0,725723.0,850949.0
LN_001660,Retail,0.01494,0.3924,955386.0,659261.0,955386.0
LN_001661,RETAIL,0.01133,0.5363,4397990.0,3154068.0,4397990.0
LN_001662,Retail,0.01901,0.4372,3064978.0,2431670.0,3064978.0
LN_001663,Retail,0.00894,0.4768,2068004.0,1508199.0,2068004.0
LN_001664,Retail,0.02224,0.4675,646173.0,457405.0,646173.0
LN_001665,Retail,0.01462,0.3726,1318377.0,868761.0,1318377.0
LN_001666,Retail,0.02697,0.5955,4120305.0,3376086.0,4120305.0
LN_001667,Retail,0.01372,0.4686,6332575.0,3942702.0,6332575.0
LN_001668,Retail,1.23%,0.2113,475193.0,299952.0,475193.0
LN_001669,Retail,0.02083,0.3444,1280150.0,943172.0,1280150.0
LN_001670,Retail,0.03144,0.5434,2135072.0,1660898.0,2135072.0
LN_001671,Retail,0.00616,0.7747,2687466.0,2250544.0,2687466.0
LN_001672,Retail,0.01814,0.4665,1943464.0,1240161.0,1943464.0
LN_001673,Retail,0.02329,0.3887,3640088.0,2750394.0,3640088.0
LN_001674,Retail,0.00849,0.1322,488406.0,230544.0,488406.0
LN_001675,Retail,0.01108,0.6204,8470960.0,6308728.0,8470960.0
LN_001676,Retail,0.02348,0.5359,650439.0,550603.0,650439.0
LN_001677,Retail,0.01138,0.3795,2042207.0,1283307.0,2042207.0
LN_001678,Retail,0.01248,0.243,3173502.0,1736382.0,3173502.0
LN_001679,Retail,0.03986,0.3066,5854797.0,4697409.0,5854797.0
LN_001680,Retail,1.07%,0.4521,4566423.0,2966123.0,4566423.0
LN_001681,Retail,0.01117,0.2136,4432073.0,2557716.0,4432073.0
LN_001682,Retail,0.00546,0.3099,6522113.0,3614969.0,6522113.0
LN_001683,Retail,0.00996,n.a.,1675682.0,1259240.0,1675682.0
LN_001684,Retail,0.00932,0.4962,3952902.0,2805408.0,3952902.0
LN_001685,Retail,0.0398,0.3985,8393549.0,7106742.0,8393549.0
LN_001686,Retail,0.03113,0.4143,943405.0,676902.0,943405.0
LN_001687,Retail,0.92%,0.5275,512461.0,402781.0,512461.0
LN_001688,Retail,0.04503,0.4209,746112.0,630405.0,746112.0
LN_001689,Retail,0.02498,0.3537,7449849.0,5807767.0,7449849.0
LN_001690,Retail,0.01563,0.609,6338281.0,4761102.0,6338281.0
LN_001691,Retail,0.02545,0.6149,1383363.0,1146503.0,1383363.0
LN_001692,Retail,0.02061,0.1979,2455265.0,1401784.0,2455265.0
LN_001693,Retail,0.01172,0.7499,3055606.0,2716715.0,3055606.0
LN_001694,Retail,0.00718,0.4601,5290654.0,3315443.0,5290654.0
LN_001695,Retail,0.01091,0.6219,324376.0,252496.0,324376.0
LN_001696,Retail,0.01704,0.6702,1144359.0,854531.0,1144359.0
LN_001697,Retail,0.01433,0.6693,1520707.0,1189315.0,1520707.0
LN_001698,Retail,0.01186,0.3453,2642262.0,1645576.0,2642262.0
LN_001699,Retail,0.02761,0.3,2097051.0,1418543.0,2097051.0
LN_001700,Retail ,0.0101,0.3229,1443027.0,720601.0,1443027.0
LN_001701,Retail,0.02649,0.5567,2573854.0,2162304.0,2573854.0
LN_001702,Retail,0.01346,0.6329,168467.0,123572.0,168467.0
LN_001703,Retail,0.01802,0.521,36652214.0,30738224.0,36652214.0
LN_001704,Retail,0.00983,0.5421,4282681.0,2993369.0,4282681.0
LN_001705,Retail,0.017,NA,4548663.0,4425594.0,4548663.0
LN_001706,Retail,0.01161,0.5938,1044894.0,814055.0,1044894.0
LN_001707,Retail,0.00722,0.3582,2908602.0,1784255.0,2908602.0
LN_001708,Retail,0.01691,0.3941,13900177.0,8980638.0,13900177.0
LN_001709,Retail,0.01664,0.6274,11108875.0,8778977.0,11108875.0
LN_001710,Retail,0.02568,0.4574,2105460.0,1638858.0,2105460.0
LN_001711,Retail,0.01963,0.543,599931.0,404226.0,599931.0
LN_001712,Retial,0.01035,0.3496,2289214.0,1495411.0,2289214.0
LN_001713,Retail,0.01261,0.7276,1472609.0,1134642.0,1472609.0
LN_001714,Retail,0.00501,0.4883,4426703.0,2820746.0,4426703.0
LN_001715,Retail,0.00982,0.3209,578477.0,263128.0,578477.0
LN_001716,Retail,3.23%,0.5915,1639937.0,1463150.0,1639937.0
LN_001717,Retail,0.036,0.4871,2540952.0,2212687.0,2540952.0
LN_001718,Retail,0.02485,0.1868,1256981.0,774831.0,1256981.0
LN_001719,Retail,0.0198,0.4714,5382289.0,4007309.0,5382289.0
LN_001720,Retail,0.02279,0.4613,663488.0,480038.0,663488.0
LN_001721,Retail,0.02168,0.5934,603599.0,491781.0,603599.0
LN_001722,Retail,0.00725,NA,1405525.0,862061.0,1405525.0
LN_001723,Retail,0.01109,0.4859,4344620.0,2885699.0,4344620.0
LN_001724,Retail,0.0306,0.5384,1471040.0,1257542.0,1471040.0
LN_001725,Retail,0.03052,0.5684,1116203.0,984230.0,1116203.0
LN_001726,Retail,0.0192,0.6794,4246024.0,3517786.0,4246024.0
LN_001727,Retail,0.01463,-,2435951.0,1686283.0,2435951.0
LN_001728,Retail,0.0141,0.3291,1187983.0,744964.0,1187983.0
LN_001729,Retail,0.01304,0.6258,2212696.0,1658375.0,2212696.0
LN_001730,Retail,0.0108,0.6951,1564363.0,1432061.0,1564363.0
LN_001731,Retail,0.00659,0.4934,3521220.0,2256875.0,3521220.0
LN_001732,Retial,0.01835,0.5567,2254337.0,1915744.0,2254337.0
LN_001733,Retail,0.01364,0.5643,915631.0,727709.0,915631.0
LN_001734,Retail,0.01534,0.59,1244589.0,832878.0,1244589.0
LN_001735,Retail,0.03973,0.468,1322090.0,1135491.0,1322090.0
LN_001736,Retail,0.02283,0.465,2803561.0,2224647.0,2803561.0
LN_001737,Retail,0.01206,0.291,2815828.0,1753411.0,2815828.0
LN_001738,Retail,0.0227,0.4905,887149.0,632767.0,887149.0
LN_001739,Retail,0.00811,0.3885,1639395.0,1025865.0,1639395.0
LN_001740,Retail,0.02865,0.4739,2640856.0,1915974.0,2640856.0
LN_001741,Retail,0.01941,0.6906,5621959.0,4480585.0,5621959.0
LN_001742,Retail,0.01549,0.5606,2497365.0,1849489.0,2497365.0
LN_001743,Retail,0.0226,0.4395,12719487.0,9378945.0,12719487.0
LN_001744,Retail ,0.03499,0.8258,"2,013,725",2200270.0,2013725.0
LN_001745,Retail,0.01355,0.4791,3971679.0,2831835.0,3971679.0
LN_001746,Retail,0.01046,0.5191,1437718.0,1078935.0,1437718.0
LN_001747,Retail,0.04845,0.3079,758246.0,570839.0,758246.0
LN_001748,Retail,0.01718,0.1725,2175429.0,1072175.0,2175429.0
LN_001749,Retail,0.03567,0.4925,3119436.0,2533606.0,3119436.0
LN_001750,Retail,0.0122,0.4106,2678283.0,1967898.0,2678283.0
LN_001751,Retail,0.02055,0.2136,2257695.0,1189349.0,2257695.0
LN_001752,Retail,0.01241,0.5897,1429032.0,961717.0,1429032.0
LN_001753,Retail,0.02331,0.3147,896079.0,591509.0,896079.0
LN_001754,Retail,0.01486,0.3932,1472865.0,1051527.0,1472865.0
LN_001755,Retail,0.01224,0.2275,3075059.0,1446393.0,3075059.0
LN_001756,Retail,0.0367,0.4692,4902334.0,4004380.0,4902334.0
LN_001757,Retial,0.02016,0.3442,84142.0,50087.0,84142.0
LN_001758,Retail,0.00624,0.1598,3520054.0,1923431.0,3520054.0
LN_001759,Retail,0.01516,0.4544,5536950.0,4015849.0,5536950.0
LN_001760,Retail,NULL,0.4102,6583599.0,4309607.0,6583599.0
LN_001761,Retail,0.00932,0.4579,2832079.0,1858506.0,2832079.0
LN_001762,Retail,0.01276,0.4293,3729469.0,2431629.0,3729469.0
LN_001763,Retail,0.01345,0.559,1282611.0,956294.0,1282611.0
LN_001764,Retail,0.01732,0.5677,1804680.0,1327211.0,1804680.0
LN_001765,Retail,0.0115,0.3652,3251110.0,1878225.0,3251110.0
LN_001766,Retail,0.00677,0.4155,687237.0,388940.0,687237.0
LN_001767,Retail,0.01306,0.3195,920513.0,557295.0,920513.0
LN_001768,Retail,0.02633,0.5152,2371231.0,1786430.0,2371231.0
LN_001769,Retail,0.00866,0.4874,546963.0,390081.0,546963.0
LN_001770,Retail,0.02313,0.2064,2064721.0,1034272.0,2064721.0
LN_001771,Retail,0.02137,0.3853,473665.0,340299.0,473665.0
LN_001772,Retail,0.01363,0.4617,2366193.0,1685578.0,2366193.0
LN_001773,Retail,0.01985,0.3638,2016371.0,1469784.0,2016371.0
LN_001774,Retail,0.01174,0.4478,1145301.0,750387.0,1145301.0
LN_001775,Retail,0.01396,0.4725,795951.0,494567.0,795951.0
LN_001776,Retail,0.01026,0.5494,1207549.0,808426.0,1207549.0
LN_001777,Retail,0.02144,0.6937,229486.0,210162.0,229486.0
LN_001778,Retail,0.03358,0.3636,1341898.0,989372.0,1341898.0
LN_001779,Retail,0.01215,0.4204,2198518.0,1395421.0,2198518.0
LN_001780,Retail,0.03082,0.6688,6228213.0,5449142.0,6228213.0
LN_001781,Retail,0.0059,0.3103,1205463.0,667250.0,1205463.0
LN_001782,Retail,0.01097,0.3048,1659751.0,950937.0,1659751.0
LN_001783,Retail,0.0103,0.2083,7433693.0,3353932.0,7433693.0
LN_001784,Retail,0.03999,0.5345,10367931.0,8869450.0,10367931.0
LN_001785,Retail,0.01269,0.3834,1229990.0,844444.0,1229990.0
LN_001786,Retail,0.02506,0.3477,5357474.0,4085568.0,5357474.0
LN_001787,Retail,0.00615,0.5763,6060549.0,4233280.0,6060549.0
LN_001788,Retail,0.01801,0.5354,3218362.0,2342854.0,3218362.0
LN_001789,Retail,0.02254,0.5345,762483.0,644856.0,762483.0
LN_001790,Retail,0.0167,0.5267,"795,842",582432.0,795842.0
LN_001791,Retail,0.00439,0.2373,3413310.0,1536452.0,3413310.0
LN_001792,Retail,-,0.53,18373804.0,13731358.0,18373804.0
LN_001793,Retail,0.02546,0.3874,1652932.0,1239927.0,1652932.0
LN_001794,Retail,0.03281,0.468,8827162.0,7773076.0,8827162.0
LN_001795,Retail,0.02074,0.5353,12077140.0,9005468.0,12077140.0
LN_001796,Retail,0.00734,0.356,592599.0,365409.0,592599.0
LN_001797,Retail,0.01533,0.46,1104922.0,750704.0,1104922.0
LN_001798,Retail,0.02666,0.5007,8354241.0,7028807.0,8354241.0
LN_001799,Retail,0.01132,0.324,5004603.0,3048727.0,5004603.0
LN_001800,Retail,0.02253,0.4797,3322711.0,2532812.0,3322711.0
LN_001801,Retail,0.0134,0.324,1941225.0,1089512.0,1941225.0
LN_001802,Retail,0.01781,0.4845,3591829.0,2543951.0,3591829.0
LN_001803,Retail,0.0248,0.5307,1070873.0,830369.0,1070873.0
LN_001804,Retail,0.01195,0.3989,21667226.0,10105485.0,21667226.0
LN_001805,Retail,0.07082,0.3702,649450.0,662889.0,649450.0
LN_001806,Retail,-,0.4329,350017.0,244354.0,350017.0
LN_001807,Retail,0.02017,0.373,2264030.0,1509015.0,2264030.0
LN_001808,Retail,0.01175,0.3345,7847931.0,4609718.0,7847931.0
LN_001809,Retail,0.01754,0.3378,1224149.0,786815.0,1224149.0
LN_001810,Retail,0.01488,0.4865,1864128.0,1340356.0,1864128.0
LN_001811,Retail,0.00821,0.4851,"736,496",444073.0,736496.0
LN_001812,Retail,0.00792,0.5054,1828037.0,1246789.0,1828037.0
LN_001813,Retail,0.01962,0.3243,739718.0,482314.0,739718.0
LN_001814,Retail,0.01627,0.3212,749653.0,469350.0,749653.0
LN_001815,Retail,0.00458,0.5442,477244.0,288698.0,477244.0
LN_001816,Retail,0.00583,0.3397,1159514.0,655631.0,1159514.0
LN_001817,Retail,0.01457,0.2103,11729063.0,5760477.0,11729063.0
LN_001818,Retail,0.01643,0.5358,1855519.0,1411376.0,1855519.0
LN_001819,Retail,0.02303,0.4249,2361429.0,1856839.0,2361429.0
LN_001820,Retail,0.00916,0.3006,16775375.0,10284191.0,16775375.0
LN_001821,Retail,0.02285,0.1936,1067661.0,616558.0,1067661.0
LN_001822,Retail,0.01458,0.2232,752689.0,402172.0,752689.0
LN_001823,Retail,0.01319,0.5005,3239709.0,2194230.0,3239709.0
LN_001824,Retail,0.01584,0.4907,601275.0,440310.0,601275.0
LN_001825,Retail,0.02782,0.6963,2701059.0,2344274.0,2701059.0
LN_001826,Retail,0.02246,0.4284,5956679.0,4138579.0,5956679.0
LN_001827,Retail,0.02651,0.2936,"695,050",381584.0,695050.0
LN_001828,Retial,0.01205,0.4246,1189382.0,731350.0,1189382.0
LN_001829,Retail,0.01475,0.2391,10029012.0,5338135.0,10029012.0
LN_001830,Retail,0.00951,0.3918,708816.0,422950.0,708816.0
LN_001831,Retail,0.01289,0.6015,1019608.0,833615.0,1019608.0
LN_001832,Retail,0.01394,0.4084,2465698.0,1461333.0,2465698.0
LN_001833,Retail,0.01347,0.8045,1447813.0,1171286.0,1447813.0
LN_001834,Retail,0.02428,0.2152,864783.0,556583.0,864783.0
LN_001835,Retail,0.02103,0.4064,9128390.0,5954174.0,9128390.0
LN_001836,Retail,0.02485,0.4815,1121684.0,848315.0,1121684.0
LN_001837,Retail,0.01813,0.3185,2697555.0,1733701.0,2697555.0
LN_001838,Retail,0.02906,0.5514,1321220.0,1094958.0,1321220.0
LN_001839,Retail,0.01799,0.4364,1572743.0,1038937.0,1572743.0
LN_001840,Retail,0.02755,0.2326,523748.0,360450.0,523748.0
LN_001841,Retail,0.02186,0.4136,4780691.0,3737618.0,4780691.0
LN_001842,Retail,0.02455,0.439,1297392.0,895567.0,1297392.0
LN_001843,Retail,0.01644,0.6743,6686429.0,5393437.0,6686429.0
LN_001844,Retail,0.00915,0.6547,640102.0,519134.0,640102.0
LN_001845,Retail,0.00826,0.5233,1231514.0,834448.0,1231514.0
LN_001846,Retail,0.04524,0.59,3107257.0,2788969.0,3107257.0
LN_001847,Retail,0.02064,0.4081,2180231.0,1477537.0,2180231.0
LN_001848,Retail,0.02122,0.551,1043024.0,856426.0,1043024.0
LN_001849,Retail,0.01564,0.4904,1720383.0,1144875.0,1720383.0
LN_001850,Retail,0.01352,0.4489,563047.0,388858.0,563047.0
LN_001851,Retail,0.07146,0.4328,2067464.0,2141166.0,2067464.0
LN_001852,Retail,0.00971,0.3979,153126.0,91222.0,153126.0
LN_001853,Retail,0.01648,0.4798,2315890.0,1714895.0,2315890.0
LN_001854,Retail,0.01657,0.2492,7231739.0,4477810.0,7231739.0
LN_001855,Retail,0.00966,0.2453,4633249.0,2741273.0,4633249.0
LN_001856,Retail,0.009,0.6383,4448796.0,3562011.0,4448796.0
LN_001857,Retail,0.01196,0.4637,1309294.0,791677.0,1309294.0
LN_001858,Retail,0.01432,0.3371,3143072.0,2090289.0,3143072.0
LN_001859,Retail,0.01334,0.4255,1331658.0,922337.0,1331658.0
LN_001860,Retail,0.02553,0.5099,1797240.0,1494215.0,1797240.0
LN_001861,Retail,0.00943,0.4151,1780584.0,1057494.0,1780584.0
LN_001862,Retail,0.02081,0.3622,76812.0,55173.0,76812.0
LN_001863,Retail,0.03543,0.7249,4773560.0,4676378.0,4773560.0
LN_001864,Retail,0.02657,0.3829,3038924.0,2017974.0,3038924.0
LN_001865,Retail,0.00962,0.4913,4410285.0,3263831.0,4410285.0
LN_001866,Retail,0.00388,0.3457,785422.0,413041.0,785422.0
LN_001867,Retail,0.02594,0.5086,3822283.0,2814882.0,3822283.0
LN_001868,Retail,0.02179,0.3793,3116726.0,2209741.0,3116726.0
LN_001869,RETAIL,0.01268,0.5187,228568.0,155976.0,228568.0
LN_001870,Retail,0.03225,0.5967,359243.0,319570.0,359243.0
LN_001871,Retail,0.01389,0.4226,2062151.0,1348980.0,2062151.0
LN_001872,Retail,0.01794,0.5428,1034878.0,797118.0,1034878.0
LN_001873,Retail,0.01012,0.2447,1929701.0,1129383.0,1929701.0
LN_001874,Retail,0.01994,0.3183,1059216.0,681575.0,1059216.0
LN_001875,Retail,0.01371,0.5895,8274631.0,6611546.0,8274631.0
LN_001876,RETAIL,0.01322,0.3384,314975.0,206912.0,314975.0
LN_001877,Retail,0.02917,0.4177,528011.0,377281.0,528011.0
LN_001878,Retail,0.01892,0.4532,766011.0,578122.0,766011.0
LN_001879,Retail,0.00805,0.5318,526778.0,379913.0,526778.0
LN_001880,Retail,0.02402,0.4696,1123638.0,853214.0,1123638.0
LN_001881,Retail,2.58%,0.4387,1903582.0,1524658.0,1903582.0
LN_001882,Retail,0.01121,,539468.0,433467.0,539468.0
LN_001883,Retail,--,0.417,2786297.0,1951734.0,2786297.0
LN_001884,Retail,0.01746,0.5281,6942449.0,4682795.0,6942449.0
LN_001885,Retail,0.01501,0.384,5627894.0,3789372.0,5627894.0
LN_001886,Retail,--,0.5852,13546787.0,10492157.0,13546787.0
LN_001887,Retail,0.02353,0.5875,5854558.0,4693764.0,5854558.0
LN_001888,Retail,0.01329,0.4274,1906873.0,1300608.0,1906873.0
LN_001889,Retail,0.04812,0.4763,10918441.0,9666521.0,10918441.0
LN_001890,Retail,1.19%,0.383,3879343.0,2761149.0,3879343.0
LN_001891,Retail,0.01298,0.1752,11967194.0,6440760.0,11967194.0
LN_001892,Retail,0.0455,0.3239,1634717.0,1312075.0,1634717.0
LN_001893,Retail,5.60%,0.332,260067.0,235947.0,260067.0
LN_001894,Retail,0.01732,0.7249,640272.0,571178.0,640272.0
LN_001895,Retail,0.01548,0.375,2342002.0,1656056.0,2342002.0
LN_001896,Retail,0.00994,0.4813,3345205.0,2360882.0,3345205.0
LN_001897,Retail,0.0301,0.3906,1618400.0,1204728.0,1618400.0
LN_001898,Retail,0.01854,0.3283,5173027.0,3357617.0,5173027.0
LN_001899,Retail,0.01114,0.268,652585.0,300356.0,652585.0
LN_001900,Retail,0.02083,0.3639,1003485.0,606748.0,1003485.0
LN_001901,Retail,0.03373,0.476,5117833.0,4428309.0,5117833.0
LN_001902,Retail,0.02395,0.4431,2079647.0,1502158.0,2079647.0
LN_001903,Retail,0.05128,0.3351,2171207.0,2020467.0,2171207.0
LN_001904,Retail,0.03036,0.4505,7680891.0,6666957.0,7680891.0
LN_001905,Retail,0.02119,0.4012,5689528.0,3629026.0,5689528.0
LN_001906,Retail,0.01672,0.5939,921977.0,730905.0,921977.0
LN_001907,Retail,None,0.3768,2406097.0,2002419.0,2406097.0
LN_001908,Retail,n/a,0.4118,385053.0,279772.0,385053.0
LN_001909,Retail,0.02612,0.3892,1961524.0,1452837.0,1961524.0
LN_001910,Retail,0.02881,0.5744,2893196.0,2396688.0,2893196.0
LN_001911,Retail,0.019,0.1253,374099.0,195296.0,374099.0
LN_001912,Retail,0.02494,0.3586,8933787.0,6112064.0,8933787.0
LN_001913,Retail ,0.03121,0.3196,13622885.0,9713436.0,13622885.0
LN_001914,Retail,0.01565,0.5884,3206207.0,2581840.0,3206207.0
LN_001915,Retail,0.00889,0.3856,4847412.0,2798211.0,4847412.0
LN_001916,RETAIL,0.0403,0.3281,8450770.0,6739432.0,8450770.0
LN_001917,Retail,0.02276,0.4063,1686180.0,1140854.0,1686180.0
LN_001918,Retail,0.01365,0.2541,5434091.0,3248606.0,5434091.0
LN_001919,Retail,0.01911,0.3186,2887192.0,1894085.0,2887192.0
LN_001920,Retail,0.01502,0.4031,457024.0,285649.0,457024.0
LN_001921,Retail,0.00725,0.3823,837008.0,511748.0,837008.0
LN_001922,Retail,0.01551,0.3364,1157229.0,686521.0,1157229.0
LN_001923,Retail,0.00834,0.3622,5600767.0,3131317.0,5600767.0
LN_001924,Retail,0.01881,0.4774,2198025.0,1720994.0,2198025.0
LN_001925,Retail,0.0161,0.3822,5170467.0,2943762.0,5170467.0
LN_001926,Retail,0.02996,0.3845,1269404.0,976408.0,1269404.0
LN_001927,Retail,0.01601,0.2747,584527.0,369552.0,584527.0
LN_001928,Retail,0.0205,0.65,14603631.0,11720342.0,14603631.0
LN_001929,Retail,0.01464,0.5859,27584905.0,22446355.0,27584905.0
LN_001930,Retail,0.01406,0.5641,2895096.0,2285764.0,2895096.0
LN_001931,Retail,0.00845,0.4255,1653972.0,947397.0,1653972.0
LN_001932,Retail,0.02789,0.1449,6285270.0,3917940.0,6285270.0
LN_001933,Retail,0.01851,0.8624,689426.0,661101.0,689426.0
LN_001934,Retail,0.0127,0.5326,1638416.0,1121087.0,1638416.0
LN_001935,Retail,0.01887,0.6908,503248.0,438801.0,503248.0
LN_001936,Retail,0.01382,0.5435,3188690.0,2452349.0,3188690.0
LN_001937,Retail ,0.01184,0.5552,2542277.0,1760001.0,2542277.0
LN_001938,Retail,0.01926,0.4997,1360214.0,876732.0,1360214.0
LN_001939,RETAIL, ,0.5864,1070599.0,942234.0,1070599.0
LN_001940,Retail,0.01486,0.5114,464219.0,318125.0,464219.0
LN_001941,Retail,0.00834,0.3847,903946.0,478233.0,903946.0
LN_001942,Retail,0.0125,0.3563,6551675.0,3951877.0,6551675.0
LN_001943,Retail,0.04176,0.3704,1426889.0,983918.0,1426889.0
LN_001944,Retail,0.01133,0.1575,6740178.0,3296329.0,6740178.0
LN_001945,Retail,0.03079,0.632,869750.0,831515.0,869750.0
LN_001946,Retail,0.01509,0.3331,1853213.0,901161.0,1853213.0
LN_001947,Retail,2.46%,0.3317,1287285.0,905245.0,1287285.0
LN_001948,Retail,0.01612,0.5316,1559389.0,1084022.0,1559389.0
LN_001949,Retail,0.00773,0.4466,4206501.0,2620094.0,4206501.0
LN_001950,Retail,0.01384,0.3166,277504.0,156435.0,277504.0
LN_001951,Retail,0.04887,0.4958,4089546.0,3875735.0,4089546.0
LN_001952,Retail,0.01592,0.5966,3912057.0,3027837.0,3912057.0
LN_001953,Retail,0.02255,0.4262,2009115.0,1371376.0,2009115.0
LN_001954,Retail,0.01437,0.4422,2157290.0,1330506.0,2157290.0
LN_001955,Retail,0.01592,0.2996,1620437.0,956722.0,1620437.0
LN_001956,Retail,0.01997,0.3682,3903309.0,2846161.0,3903309.0
LN_001957,Retail,0.02155,0.4145,2119537.0,1375865.0,2119537.0
LN_001958,Retail,0.05158,,886592.0,796704.0,886592.0
LN_001959,Retail,0.01687,0.5366,2320096.0,1771745.0,2320096.0
LN_001960,Retail,0.01554,0.2873,5021328.0,2535464.0,5021328.0
LN_001961,Retail,0.01221,0.1704,2862923.0,1636112.0,2862923.0
LN_001962,Retail,0.00882,0.5982,2062453.0,1507317.0,2062453.0
LN_001963,Retail,0.00761,0.4231,2441409.0,1800987.0,2441409.0
LN_001964,Retail,0.0237,0.2523,1244698.0,891597.0,1244698.0
LN_001965,Retail,0.00671,0.69,1287201.0,976309.0,1287201.0
LN_001966,Retail,0.03436,0.3354,327513.0,240393.0,327513.0
LN_001967,Retail,0.02614,0.5851,1680499.0,1311671.0,1680499.0
LN_001968,Retail,0.01468,0.465,5167756.0,3244437.0,5167756.0
LN_001969,Retail,0.00955,0.5953,1378703.0,1067626.0,1378703.0
LN_001970,Retail,0.01726,0.5555,839440.0,627631.0,839440.0
LN_001971,Retail,0.01721,0.7923,4746700.0,4130886.0,4746700.0
LN_001972,Retail,0.0299,0.5399,2347257.0,1922123.0,2347257.0
LN_001973,Retail,0.01175,0.4032,2297490.0,1553643.0,2297490.0
LN_001974,Retail,0.01409,0.3703,3153058.0,2159812.0,3153058.0
LN_001975,Retail,0.01658,0.4657,3921610.0,2770774.0,3921610.0
LN_001976,Retail,0.01482,0.5456,"1,924,307",1405557.0,1924307.0
LN_001977,Retail,0.01246,0.4443,902216.0,609022.0,902216.0
LN_001978,Retail,n/a,0.374,10651235.0,7465989.0,10651235.0
LN_001979,Retail,0.0075,0.4922,2116995.0,1196708.0,2116995.0
LN_001980,Retail,1.21%,0.5035,955892.0,615764.0,955892.0
LN_001981,Retail,0.01522,0.6951,2394733.0,2030028.0,2394733.0
LN_001982,Retail,0.02805,0.4265,6289319.0,4786380.0,6289319.0
LN_001983,Retail,0.05402,0.2604,516085.0,453293.0,516085.0
LN_001984,Retail,0.04012,0.6953,7038052.0,7306336.0,7038052.0
LN_001985,Retail,0.02075,0.7204,1761117.0,1705366.0,1761117.0
LN_001986,Retail,0.04355,0.2956,13567285.0,9982916.0,13567285.0
LN_001987,Retail,0.01607,0.2593,3799443.0,2355514.0,3799443.0
LN_001988,Retail,0.01309,0.3679,"1,813,256",1124720.0,1813256.0
LN_001989,Retail,0.05414,0.372,6666969.0,6186325.0,6666969.0
LN_001990,Retail,0.00999,0.3462,6785824.0,4142396.0,6785824.0
LN_001991,Retail,0.01384,0.5027,1434731.0,1081583.0,1434731.0
LN_001992,Retail,0.01493,0.4586,"2,508,883",1647297.0,2508883.0
LN_001993,Retail,0.03533,0.3602,1225310.0,942503.0,1225310.0
LN_001994,Retail,0.01265,0.4326,4830122.0,3090336.0,4830122.0
LN_001995,Retail,0.02517,0.3179,522939.0,347320.0,522939.0
LN_001996,Retail,0.0139,0.411,1695577.0,1082294.0,1695577.0
LN_001997,Retail,0.00924,0.3131,261817.0,138324.0,261817.0
LN_001998,Retail,0.01916,,3527891.0,2300194.0,3527891.0
LN_001999,Retail,0.01853,0.5748,238733.0,189290.0,238733.0
LN_002000,Retail,0.00956,0.4975,730548.0,537364.0,730548.0
LN_002001,Retail,0.01105,0.4412,2584938.0,1580503.0,2584938.0
LN_002002,Retail,0.01146,0.5042,1433718.0,862456.0,1433718.0
LN_002003,Retail,0.02758,0.3683,1313693.0,903178.0,1313693.0
LN_002004,Retail,0.02146,0.5039,797653.0,597961.0,797653.0
LN_002005,Retail,0.01919,0.494,1284640.0,997805.0,1284640.0
LN_002006,Retail,0.02177,0.2919,376489.0,261328.0,376489.0
LN_002007,Retail,0.01343,0.4316,2731561.0,1991200.0,2731561.0
LN_002008,Retail,0.02163,0.5283,4331156.0,3668232.0,4331156.0
LN_002009,Retail,0.0126,0.4407,4157665.0,2930571.0,4157665.0
LN_002010,Retail,0.00876,0.3185,1938419.0,1132853.0,1938419.0
LN_002011,Telecom,0.00627,0.312,3104075.0,1851079.0,3104075.0
LN_002012,Telecom,0.01275,0.6304,1193489.0,935355.0,1193489.0
LN_002013,Telecom,0.00713,0.5651,740532.0,467198.0,740532.0
LN_002014,Telcom,0.00614,0.5731,4738771.0,3308227.0,4738771.0
LN_002015,Telecom,0.01215,0.7092,691004.0,557994.0,691004.0
LN_002016,Telecom,0.01015,0.5947,3089254.0,2335556.0,3089254.0
LN_002017,Telecom,0.01386,0.7051,1225998.0,1008373.0,1225998.0
LN_002018,Telecom,0.00641,0.452,367075.0,232202.0,367075.0
LN_002019,Telecom,0.01619,0.6345,9977482.0,8449932.0,9977482.0
LN_002020,Telecom,0.01087,0.2909,3652849.0,1900737.0,3652849.0
LN_002021,Telecomm,0.00839,0.5416,3409603.0,2750609.0,3409603.0
LN_002022,Telecom,0.00629,0.5188,480104.0,309391.0,480104.0
LN_002023,Telecom,0.00537,0.3514,1739943.0,910568.0,1739943.0
LN_002024,Telecom,0.00467,0.4286,2615320.0,1706542.0,2615320.0
LN_002025,Telecom,0.01812,0.1558,935672.0,559317.0,935672.0
LN_002026,Telecom,0.00454,0.3717,10294485.0,6628187.0,10294485.0
LN_002027,Telecom,0.01242,0.4049,260686.0,187658.0,260686.0
LN_002028,Telecom,0.00807,0.3526,3984067.0,2453989.0,3984067.0
LN_002029,Telecom,0.00687,0.4151,296311.0,184441.0,296311.0
LN_002030,Telecom,0.00723,0.4513,409031.0,270021.0,409031.0
LN_002031,Telecom,0.00869,0.61,543585.0,400757.0,543585.0
LN_002032,Telecom,0.01421,0.7243,3466691.0,2794990.0,3466691.0
LN_002033,Telecom,0.01202,0.5407,955665.0,764074.0,955665.0
LN_002034,Telecom,0.00911,0.3094,995370.0,662409.0,995370.0
LN_002035,Telecom,0.00465,0.5463,784632.0,532468.0,784632.0
LN_002036,Telecom,0.0038,0.4606,441817.0,271503.0,441817.0
LN_002037,Telecom,0.02279,0.217,789147.0,458810.0,789147.0
LN_002038,Telecom,0.00556,0.4548,721329.0,396135.0,721329.0
LN_002039,Telecom,0.00422,0.4961,"1,400,701",860281.0,1400701.0
LN_002040,Telecom,0.01581,0.3589,1317815.0,812237.0,1317815.0
LN_002041,Telecom,0.44%,0.7163,173722.0,133603.0,173722.0
LN_002042,Telecom,0.01312,0.4798,1002757.0,644259.0,1002757.0
LN_002043,Telecom,0.01439,0.6122,6444425.0,4368637.0,6444425.0
LN_002044,Telecom,0.01029,0.4502,1187839.0,821946.0,1187839.0
LN_002045,Telecom,0.01462,-,1766078.0,1101397.0,1766078.0
LN_002046,Telecom,0.0046,0.6217,919867.0,563964.0,919867.0
LN_002047,Telecom,0.005,0.8411,949878.0,793847.0,949878.0
LN_002048,Telecom,0.00828,0.5817,1748531.0,1333161.0,1748531.0
LN_002049,Telecom,0.0091,0.6338,486013.0,337728.0,486013.0
LN_002050,Telecom,0.00874,0.4911,1584107.0,951667.0,1584107.0
LN_002051,Telecom,0.01145,0.5086,352468.0,246785.0,352468.0
LN_002052,Telecom,0.00634,0.6143,2604078.0,1860200.0,2604078.0
LN_002053,Telecom,0.0032,0.211,384177.0,174232.0,384177.0
LN_002054,Telecom,0.01111,0.5229,3566300.0,2805055.0,3566300.0
LN_002055,Telecom,0.00814,0.5795,5102556.0,4044670.0,5102556.0
LN_002056,Telecom,0.01357,0.5795,363743.0,284862.0,363743.0
LN_002057,Telecom,0.02527,0.292,3625063.0,2389297.0,3625063.0
ln_002058,Telecom,0.00947,0.4415,1223259.0,775155.0,1223259.0
LN_002059,Telecom,0.01211,0.1954,5883812.0,3381644.0,5883812.0
LN_002060,Telecom,0.00587,0.4017,1076805.0,640559.0,1076805.0
LN_002061,Telecom,0.01422,0.7411,1378737.0,1265484.0,1378737.0
LN_002062,Telecom,0.01076,0.2957,1364612.0,873521.0,1364612.0
LN_002063,Telecom,0.01029,0.7619,6425934.0,5148532.0,6425934.0
LN_002064,Telecom,1.43%,0.6512,262530.0,218552.0,262530.0
LN_002065,Telecom,0.00522,0.4764,3918206.0,2831037.0,3918206.0
LN_002066,Telecom,0.012,0.4765,1995755.0,1432480.0,1995755.0
LN_002067,Telecom,0.01139,0.4334,1113785.0,679847.0,1113785.0
LN_002068,Telecom,0.01986,0.5843,1430518.0,1113141.0,1430518.0
LN_002069,Telecom,0.00375,0.6157,4618746.0,3211333.0,4618746.0
LN_002070,Telecom,0.00871,0.6373,4139383.0,3146069.0,4139383.0
LN_002071,Telecom,0.02669,0.4092,9877893.0,7290192.0,9877893.0
LN_002072,Telecom,0.00745,0.2846,952806.0,509755.0,952806.0
LN_002073,Telecom,0.00734,0.4358,272617.0,184870.0,272617.0
LN_002074,Telecom,0.02183,0.6288,1040033.0,931955.0,1040033.0
LN_002075,Telecom,0.03113,0.4528,1489210.0,1130732.0,1489210.0
LN_002076,Telecom,0.00963,0.3742,1165259.0,631063.0,1165259.0
LN_002077,Telecom,0.00641,0.2374,6132140.0,3307783.0,6132140.0
LN_002078,Telecom,MISSING,0.3166,17660274.0,10016083.0,17660274.0
LN_002079,Telecom,0.00749,0.5078,2640704.0,1841432.0,2640704.0
LN_002080,Telecom,0.00601,0.7694,303012.0,235487.0,303012.0
LN_002081,Telecom,0.00612,0.3861,5103493.0,3142776.0,5103493.0
LN_002082,Telecom,0.00991,0.45,946202.0,580649.0,946202.0
LN_002083,Telecom,0.00927,0.532,1882102.0,1421181.0,1882102.0
LN_002084,telecom,0.01149,0.1781,4177132.0,2520558.0,4177132.0
LN_002085,Telecom,0.00921,0.6516,2603613.0,1873733.0,2603613.0
LN_002086,Telecom,0.00502,0.4646,1683120.0,855669.0,1683120.0
LN_002087,Telecom,0.01306,0.595,2399970.0,1761194.0,2399970.0
LN_002088,Telecom,0.01026,0.4426,3845828.0,2428288.0,3845828.0
LN_002089,Telecom,0.00683,0.5826,3373564.0,2442573.0,3373564.0
LN_002090,Telecom,0.00796,0.4791,14292992.0,9507947.0,14292992.0
LN_002091,Telecom,0.01064,0.4262,89999.0,60836.0,89999.0
LN_002092,Telecom,0.00945,0.5811,822406.0,711435.0,822406.0
LN_002093,Telecom,0.00853,0.5809,1001675.0,697091.0,1001675.0
LN_002094,Telecom,0.01324,0.2971,4103084.0,2368869.0,4103084.0
LN_002095,Telecom,0.01532,0.5687,2244256.0,1749615.0,2244256.0
LN_002096,Telecom,0.00779,0.506,4213038.0,2467920.0,4213038.0
LN_002097,Telecom,0.009,0.3046,431386.0,264950.0,431386.0
LN_002098,Telecom,0.00528,0.57,1443752.0,963565.0,1443752.0
LN_002099,Telecom,0.00836,0.4038,3426299.0,1897560.0,3426299.0
LN_002100,Telecom,0.01148,0.5219,1706573.0,1138457.0,1706573.0
LN_002101,Telecom,0.01389,0.5872,1204891.0,945794.0,1204891.0
LN_002102,Telecom,0.00986,0.5869,2360331.0,1835476.0,2360331.0
LN_002103,Telecom,0.0087,0.6344,9337358.0,7629845.0,9337358.0
LN_002104,Telecom,0.00639,0.5574,218093.0,157145.0,218093.0
LN_002105,Telecom,0.0101,0.6718,8794183.0,6575449.0,8794183.0
LN_002106,Telecom,0.00532,0.4918,2372715.0,1622907.0,2372715.0
LN_002107,Telecom,0.00967,0.3487,762662.0,457376.0,762662.0
LN_002108,Telecom,0.00917,0.4183,3469113.0,2622562.0,3469113.0
LN_002109,Telecom,0.00582,0.577,1869984.0,1128155.0,1869984.0
LN_002110,Telecom,0.01067,0.3753,6013961.0,4240264.0,6013961.0
LN_002111,Telecom,0.00818,0.5256,802224.0,586231.0,802224.0
LN_002112,Telecom,0.01219,0.6734,4723404.0,3864126.0,4723404.0
LN_002113,Telecom,0.00716,0.6588,725412.0,547624.0,725412.0
LN_002114,Telecom,0.01151,0.5689,2470519.0,1749368.0,2470519.0
LN_002115,Telcom,0.01954,0.643,3600511.0,2797503.0,3600511.0
LN_002116,Telecom,0.00992,0.4909,1655095.0,1002787.0,1655095.0
LN_002117,Telecom,0.01337,0.4959,3407398.0,2757631.0,3407398.0
LN_002118,Telecom,0.00663,0.4002,989437.0,654237.0,989437.0
LN_002119,Telecom,0.00764,0.5502,5194114.0,3826124.0,5194114.0
LN_002120,Telecom,0.0036,0.8001,1085701.0,905898.0,1085701.0
LN_002121,Telecom,0.84%,0.6125,888218.0,573975.0,888218.0
LN_002122,Telecom,0.00522,0.5226,1599182.0,1054608.0,1599182.0
LN_002123,Telecom,0.0096,0.4563,1705889.0,1141924.0,1705889.0
LN_002124,Telecom,0.0033,0.5039,776893.0,551372.0,776893.0
LN_002125,Telecom,0.00595,0.5116,3986170.0,2478359.0,3986170.0
LN_002126,Telecom,0.00945,0.2796,1587857.0,919245.0,1587857.0
LN_002127,Telecom,NA,0.575,3291830.0,2387068.0,3291830.0
LN_002128,Telecom,0.00403,0.6816,403749.0,305034.0,403749.0
LN_002129,Telecom,-,0.5472,482577.0,319162.0,482577.0
LN_002130,Telecom,0.03185,0.5039,1377455.0,1158926.0,1377455.0
LN_002131,Telecom,0.01335,0.5189,666237.0,482754.0,666237.0
LN_002132,Telecom,0.00982,0.4324,1573919.0,878667.0,1573919.0
LN_002133,Telecom,0.00235,0.5435,3148566.0,2294864.0,3148566.0
LN_002134,Telecom,0.00578,0.6569,5479918.0,4718307.0,5479918.0
LN_002135,Telecom, ,0.5122,7814491.0,5182644.0,7814491.0
LN_002136,Telecom,0.01018,0.5173,3945071.0,2991856.0,3945071.0
LN_002137,Telecom,0.01133,0.5059,887002.0,578820.0,887002.0
LN_002138,Telecom,0.0145,0.5466,3116663.0,2233126.0,3116663.0
LN_002139,Telecom,0.00951,0.6484,1065431.0,913221.0,1065431.0
LN_002140,Telecom,0.01376,0.5789,3092075.0,2369709.0,3092075.0
LN_002141,Telecom,0.00377,0.646,626948.0,507331.0,626948.0
LN_002142,Telecom,0.03087,0.287,6905492.0,4925578.0,6905492.0
LN_002143,Telecom,0.00784,0.7716,2721680.0,2388552.0,2721680.0
LN_002144,Telecomm,0.00661,0.3658,1351972.0,795218.0,1351972.0
LN_002145,Telecom,1.89%,0.399,461907.0,351201.0,461907.0
LN_002146,Telecom,0.01219,0.6604,2385265.0,2102722.0,2385265.0
LN_002147,Telecom,0.01459,0.3647,1064179.0,721475.0,1064179.0
LN_002148,Telecom,0.0067,0.4732,2315497.0,1454225.0,2315497.0
LN_002149,Telecom,0.0104,0.6659,883558.0,676968.0,883558.0
LN_002150,Telecom,0.01284,0.4549,1047003.0,665881.0,1047003.0
LN_002151,Telecom,999,0.4537,3354093.0,2237152.0,3354093.0
LN_002152,Telecom,0.00814,0.5883,7904750.0,5964756.0,7904750.0
LN_002153,Telecom,0.00804,0.3772,508941.0,293625.0,508941.0
LN_002154,Telecom,0.00786,0.3529,1484193.0,954814.0,1484193.0
LN_002155,Telecom,0.00643,0.6,2664204.0,1854075.0,2664204.0
LN_002156,Telecom,0.00489,0.3485,1546422.0,1033391.0,1546422.0
LN_002157,Telecom,0.01118,0.8091,1162524.0,1057509.0,1162524.0
LN_002158,Telecom,0.0102,0.5926,15710720.0,12930420.0,15710720.0
LN_002159,Telecom,0.01594,0.5852,778952.0,575067.0,778952.0
LN_002160,Telecom,0.88%,0.5512,2588140.0,1714210.0,2588140.0
LN_002161,Telecom,0.00652,0.5257,1107710.0,657394.0,1107710.0
LN_002162,Telecom,0.00445,0.6007,1638874.0,1222493.0,1638874.0
LN_002163,Telecom,0.00944,0.4592,183591.0,111907.0,183591.0
LN_002164,Telecom,0.00777,0.62,4382720.0,3556321.0,4382720.0
LN_002165,Telecom, ,0.3732,1462537.0,1045127.0,1462537.0
LN_002166,Telecom,0.02779,0.3211,687499.0,507533.0,687499.0
LN_002167,Telecom,0.01958,0.6655,9526731.0,7394098.0,9526731.0
LN_002168,Telecom,0.00581,0.6754,1369347.0,1004456.0,1369347.0
LN_002169,Telecom,0.00457,0.4607,978363.0,632791.0,978363.0
LN_002170,Telecom,0.00806,0.6166,775474.0,605794.0,775474.0
LN_002171,Tele Com,0.00584,0.5441,5250405.0,3291280.0,5250405.0
LN_002172,Telecom,0.01813,0.5113,1860647.0,1421592.0,1860647.0
LN_002173,Telecom,0.00958,0.4663,1326201.0,834860.0,1326201.0
LN_002174,Telecom,0.00741,0.6251,480779.0,377782.0,480779.0
LN_002175,Telecom,0.00898,0.7022,732631.0,575597.0,732631.0
LN_002176,Telecom,0.01673,0.5176,2552411.0,1855907.0,2552411.0
LN_002177,Telecom,0.0057,0.596,1769575.0,1310778.0,1769575.0
LN_002178,telecom,0.01148,0.3936,241506.0,169072.0,241506.0
LN_002179,Telecom,0.00473,0.4424,754314.0,465146.0,754314.0
LN_002180,Telecom,0.82%,0.5477,2267675.0,1742470.0,2267675.0
LN_002181,Telecom,0.00655,0.3429,26451008.0,14153556.0,26451008.0
LN_002182,Telecom,0.01055,0.5411,851218.0,623131.0,851218.0
LN_002183,Telecom,0.00975,0.6372,195712.0,138986.0,195712.0
LN_002184,Telecom,1.62%,0.7041,3888364.0,3314455.0,3888364.0
LN_002185,Telecom,0.01265,0.4213,1118923.0,692706.0,1118923.0
LN_002186,Telecom,0.00673,0.4677,482328.0,316560.0,482328.0
LN_002187,Telecom,0.00473,0.376,3174836.0,1978475.0,3174836.0
LN_002188,Telecom,0.00607,0.6363,1432820.0,996066.0,1432820.0
LN_002189,Telecom,0.00733,0.5954,689576.0,441981.0,689576.0
LN_002190,Telecom,0.00808,0.6453,486801.0,365889.0,486801.0
LN_002191,Telecom,0.00623,0.4205,1598079.0,1041264.0,1598079.0
LN_002192,Telecom,0.01534,0.3496,1971107.0,1286685.0,1971107.0
LN_002193,Telecom,0.01427,0.3952,305427.0,187697.0,305427.0
LN_002194,Telecom,0.00791,0.541,4842207.0,3600275.0,4842207.0
LN_002195,Telecom,0.00709,0.7501,508129.0,405224.0,508129.0
LN_002196,Telecom,0.00804,0.6381,7336115.0,5826301.0,7336115.0
LN_002197,Telecom,0.00884,0.7444,2518812.0,1952744.0,2518812.0
LN_002198,Telecom,0.00893,0.4244,1499962.0,998638.0,1499962.0
LN_002199,Telecom,0.00409,0.7782,2528750.0,2194787.0,2528750.0
LN_002200,Telecom,0.00732,0.3664,999187.0,568668.0,999187.0
LN_002201,Telecom,0.00361,0.6309,1693262.0,1203633.0,1693262.0
LN_002202,Telecom,0.00919,0.3685,9384070.0,6056462.0,9384070.0
LN_002203,Telecomm,0.01257,0.7166,1021113.0,870237.0,1021113.0
LN_002204,Telecom,0.00537,0.3281,4092793.0,2402676.0,4092793.0
LN_002205,Telecom,0.00979,0.502,736925.0,505059.0,736925.0
LN_002206,Telecom,0.00669,0.384,1773417.0,940019.0,1773417.0
LN_002207,Telecom,None,0.6812,4741471.0,3648432.0,4741471.0
LN_002208,Telecom,0.0236,0.4236,543739.0,362555.0,543739.0
LN_002209,Telecom,-,0.7869,2529735.0,2219036.0,2529735.0
LN_002210,telecom,0.01144,0.6095,210587.0,135597.0,210587.0
LN_002211,Telecom,0.0073,0.1717,574372.0,325149.0,574372.0
LN_002212,Telecom,0.01104,0.6568,1190242.0,1045523.0,1190242.0
LN_002213,Telecom,0.00822,0.6163,4370761.0,3351298.0,4370761.0
LN_002214,Telecom,0.01127,0.4087,3703732.0,2246764.0,3703732.0
LN_002215,Telecom,0.00581,0.4234,724811.0,441407.0,724811.0
LN_002216,Telecom,0.00871,0.4205,1585776.0,1084650.0,1585776.0
LN_002217,Telecom,0.00744,0.412,2177987.0,1437904.0,2177987.0
LN_002218,Telecom,0.00452,0.2792,378502.0,190109.0,378502.0
LN_002219,Telecom,0.02064,0.3622,2761663.0,2040724.0,2761663.0
LN_002220,Telecom,0.01346,0.3081,6981021.0,4484564.0,6981021.0
LN_002221,Telecom,0.00613,0.3567,6271735.0,3861636.0,6271735.0
LN_002222,Telecom,0.0044,0.447,1001341.0,611743.0,1001341.0
LN_002223,Telecom,0.00632,0.4972,1202419.0,802590.0,1202419.0
LN_002224,Telecom,0.00599,0.3385,709377.0,385150.0,709377.0
LN_002225,Telecom,0.0067,0.6325,1101894.0,830295.0,1101894.0
LN_002226,Telecom,0.0043,0.4665,1408760.0,853307.0,1408760.0
LN_002227,Telecom,0.00601,0.4912,3576419.0,2576892.0,3576419.0
LN_002228,Telecom, ,0.6168,1964041.0,1479168.0,1964041.0
LN_002229,Tele Com,0.01104,n.a.,714780.0,457908.0,714780.0
LN_002230,Telecom,0.00342,0.3804,4105016.0,2471995.0,4105016.0
LN_002231,Telecom,0.00901,0.58,4363639.0,3251155.0,4363639.0
LN_002232,Telecom,0.00556,0.4555,982337.0,559248.0,982337.0
LN_002233,Telecom,0.00541,0.7174,1413274.0,1196406.0,1413274.0
LN_002234,Telecom,0.00771,0.6912,1633048.0,1285610.0,1633048.0
LN_002235,Telecom,0.00644,0.5095,349483.0,226328.0,349483.0
LN_002236,Telecom,0.01269,0.3531,2071583.0,1197986.0,2071583.0
LN_002237,Telecom,0.01271,0.4979,3545412.0,2383583.0,3545412.0
LN_002238,telecom,0.00776,0.4626,12685296.0,7949003.0,12685296.0
LN_002239,Telecom,0.00657,0.6002,2193574.0,1592804.0,2193574.0
LN_002240,Telecom,0.0217,0.5296,1361259.0,1000184.0,1361259.0
LN_002241,Telecom,0.02254,0.7692,1562103.0,1436506.0,1562103.0
LN_002242,Telecom,0.0109,0.6515,3337763.0,2626172.0,3337763.0
LN_002243,Telecom,0.00836,0.804,4017299.0,3269926.0,4017299.0
LN_002244,Telecom,0.01478,0.4022,767668.0,595160.0,767668.0
LN_002245,Telecom,0.01837,0.4747,2196864.0,1584461.0,2196864.0
LN_002246,Telecom,0.00696,0.3494,3485321.0,2113364.0,3485321.0
LN_002247,Telecom,0.02188,0.7747,243394.0,223579.0,243394.0
LN_002248,Telecom,0.00834,0.4522,7147078.0,4620707.0,7147078.0
LN_002249,Telecom,0.01542,0.5269,1465081.0,1130041.0,1465081.0
LN_002250,Telecom,0.007,0.3911,4336496.0,2953256.0,4336496.0
LN_002251,Telecom,0.00932,0.6449,1733305.0,1321732.0,1733305.0
LN_002252,Telecom,0.00721,0.1852,1419977.0,650464.0,1419977.0
LN_002253,Telecom,0.00913,0.3318,1684092.0,1043827.0,1684092.0
LN_002254,Telecom,0.01487,0.6488,2421932.0,1682755.0,2421932.0
LN_002255,Telecom,0.0058,0.6118,4332876.0,3182221.0,4332876.0
LN_002256,Telecom,0.00778,0.2885,"1,395,812",769607.0,1395812.0
LN_002257,Telecom,0.01178,0.7229,592955.0,497889.0,592955.0
LN_002258,Telecom,N/A,0.674,904049.0,627526.0,904049.0
LN_002259,Telecom,0.02455,0.4991,685121.0,517493.0,685121.0
LN_002260,Telecom,0.00438,0.4245,3891030.0,2194628.0,3891030.0
LN_002261,Telecom,0.03146,0.2856,698099.0,470578.0,698099.0
LN_002262,Telecom,-,0.6347,8327282.0,6430132.0,8327282.0
LN_002263,Telecom,0.01456,0.7351,2075399.0,1736514.0,2075399.0
LN_002264,Telecom,0.01999,0.5634,1668401.0,1259568.0,1668401.0
LN_002265,Telecom,0.01172,0.2837,6728291.0,4302807.0,6728291.0
LN_002266,Telecom,0.0045,0.5224,1263648.0,845978.0,1263648.0
LN_002267,telecom,0.00764,0.6201,1358147.0,870723.0,1358147.0
LN_002268,Telecom,0.00932,0.3791,3980272.0,2257420.0,3980272.0
LN_002269,Telecom,0.01192,0.5411,3826653.0,2845676.0,3826653.0
LN_002270,Telecom,0.01464,0.4555,673963.0,481286.0,673963.0
LN_002271,Telecom,0.01571,0.4785,21350326.0,15422655.0,21350326.0
LN_002272,Telecom,1.87%,0.3958,3227712.0,2247870.0,3227712.0
LN_002273,Telecom,0.00563,0.5065,521740.0,324374.0,521740.0
LN_002274,Telecom,0.01471,0.4084,1537572.0,1017690.0,1537572.0
LN_002275,Telecom,null,0.4176,4622559.0,2530366.0,4622559.0
LN_002276,Telecom,0.0097,0.2564,2282599.0,1167131.0,2282599.0
LN_002277,Telecom,0.00531,0.7775,4318027.0,3315301.0,4318027.0
LN_002278,Telecom,0.00373,0.2791,19543225.0,9529944.0,19543225.0
LN_002279,Telecom,0.01419,0.5425,4657235.0,3352043.0,4657235.0
LN_002280,Telecom,0.00888,0.5929,13682698.0,9866489.0,13682698.0
LN_002281,Telecom,0.0147,0.5186,3632250.0,2494431.0,3632250.0
LN_002282,Telecom,0.00411,0.664,946610.0,753400.0,946610.0
LN_002283,Telecom,0.49%,0.4173,8352523.0,4921175.0,8352523.0
LN_002284,Telecom,0.00858,0.8053,916013.0,845186.0,916013.0
LN_002285,Telecom,0.00648,0.6074,4808683.0,3725385.0,4808683.0
LN_002286,Telecom,0.00933,0.4064,3554555.0,2033104.0,3554555.0
LN_002287,Telecom,0.00662,0.3595,794200.0,503018.0,794200.0
LN_002288,Telecom,0.00761,0.338,916892.0,471907.0,916892.0
LN_002289,Telecom,0.00511,0.4467,1557095.0,1089429.0,1557095.0
LN_002290,Telecom,0.01701,0.4768,2777649.0,2034041.0,2777649.0
LN_002291,Telecom,0.00769,0.3844,7063626.0,3957595.0,7063626.0
LN_002292,Telecom,0.00502,0.6329,2013603.0,1251967.0,2013603.0
LN_002293,Telecom,0.01262,0.5545,12526128.0,8923653.0,12526128.0
LN_002294,Telecom,0.01145,0.5403,4495309.0,2923979.0,4495309.0
LN_002295,Telecom,0.01003,0.3072,990658.0,628409.0,990658.0
LN_002296,Telecom,0.01006,0.6347,1014864.0,709519.0,1014864.0
LN_002297,Telecom,0.00741,0.6634,2054808.0,1538850.0,2054808.0
LN_002298,Telecom,0.00844,,1123737.0,898316.0,1123737.0
LN_002299,Telecom,0.003,0.3739,1731040.0,995240.0,1731040.0
LN_002300,Telecom,0.00416,0.3844,4121237.0,2472347.0,4121237.0
LN_002301,Telecom,0.00489,0.5741,2467011.0,1686034.0,2467011.0
LN_002302,Telecom,0.01038,0.3375,5045924.0,3199121.0,5045924.0
LN_002303,Telecom,0.01651,0.5327,"956,833",666448.0,956833.0
LN_002304,Telecom,0.0083,0.3751,805142.0,510885.0,805142.0
LN_002305,Telecom,0.00789,0.5034,471418.0,290012.0,471418.0
LN_002306,Telecom,0.01576,0.464,321904.0,228145.0,321904.0
LN_002307,Telecom,0.00752,0.4139,1223709.0,693679.0,1223709.0
LN_002308,Telecom,N/A,0.5994,2052243.0,1528275.0,2052243.0
LN_002309,Telecom,0.01116,0.4775,1571739.0,1113747.0,1571739.0
LN_002310,Telecom,n/a,0.443,1933341.0,1319671.0,1933341.0
LN_002311,Telecom,0.01053,0.6051,14851062.0,9761560.0,14851062.0
LN_002312,Telecom,0.00997,0.421,646735.0,390329.0,646735.0
LN_002313,Telecom,0.00509,0.3635,1471816.0,783560.0,1471816.0
LN_002314,Telecom,0.00539,0.4534,1183121.0,817923.0,1183121.0
LN_002315,Telecom,0.00478,0.3664,778075.0,418146.0,778075.0
LN_002316,Telecom,0.0178,0.478,7467087.0,5632012.0,7467087.0
LN_002317,Telecom,0.02571,0.5163,1871692.0,1427344.0,1871692.0
LN_002318,Telecom,0.0128,0.4246,6767545.0,3985922.0,6767545.0
LN_002319,Telecom,0.01964,0.5743,626665.0,494385.0,626665.0
LN_002320,Telecom,0.00461,0.4015,12645034.0,6854146.0,12645034.0
LN_002321,Telecom,0.01812,0.7585,18675316.0,17025022.0,18675316.0
LN_002322,Telecom,0.02401,0.7018,811679.0,747159.0,811679.0
LN_002323,Telecom,0.02011,0.6724,1921291.0,1740249.0,1921291.0
LN_002324,Telecom,0.00565,0.7716,1706664.0,1293424.0,1706664.0
LN_002325,Telecom,0.01545,0.4406,3398998.0,2590778.0,3398998.0
LN_002326,Telecom,0.00851,0.6791,529857.0,435433.0,529857.0
LN_002327,Telecom,0.01538,0.4771,3105746.0,1912591.0,3105746.0
LN_002328,Telecom,0.00655,0.5791,4026958.0,3288302.0,4026958.0
LN_002329,Telecom,0.00907,0.543,1068931.0,839795.0,1068931.0
LN_002330,Telecom,0.00678,0.6228,202431.0,137972.0,202431.0
LN_002331,Telecom,0.01142,0.5897,987230.0,748839.0,987230.0
LN_002332,Telecom,0.00857,0.3333,1313525.0,680429.0,1313525.0
LN_002333,Telecom,0.01567,0.562,4188918.0,3124769.0,4188918.0
LN_002334,Telecom,0.01358,0.4027,1050808.0,695173.0,1050808.0
LN_002335,Telecom,0.01108,0.469,618073.0,435390.0,618073.0
LN_002336,Telecom,0.00885,0.2169,3620072.0,1741845.0,3620072.0
LN_002337,Telecom,0.00775,0.6028,2831270.0,2055989.0,2831270.0
LN_002338,Telecom,0.00903,0.5544,4071019.0,2697351.0,4071019.0
LN_002339,Telecomm,0.01309,0.4257,2048280.0,1394912.0,2048280.0
LN_002340,Telecom,0.00961,0.5692,5627563.0,4237238.0,5627563.0
LN_002341,Telecom,0.01042,0.621,3266806.0,2473158.0,3266806.0
LN_002342,Telecom,0.00885,0.3204,328378.0,208657.0,328378.0
LN_002343,Telecom,0.00868,0.4101,"2,388,835",1586981.0,2388835.0
LN_002344,Telecom,0.00647,0.5874,4243527.0,3096466.0,4243527.0
LN_002345,Telecom,0.00354,0.5053,2033114.0,1435153.0,2033114.0
LN_002346,Telecom,0.01199,0.7509,8449206.0,6531190.0,8449206.0
LN_002347,Telecom,0.01191,0.4864,1243515.0,853763.0,1243515.0
LN_002348,Telecom,0.00556,0.3684,3941823.0,1962457.0,3941823.0
LN_002349,Telecom,0.02336,0.5974,573931.0,469013.0,573931.0
LN_002350,Telecom,0.00504,0.3404,1962323.0,1066761.0,1962323.0
LN_002351,Telecom,0.01482,0.1479,1133148.0,635101.0,1133148.0
LN_002352,Telecom,-999,0.7496,721585.0,578125.0,721585.0
LN_002353,Telecom,0.01055,0.5764,531599.0,371094.0,531599.0
LN_002354,Telecom,0.01589,0.1499,2455700.0,1283060.0,2455700.0
LN_002355,Telecom,0.01427,0.5086,3013328.0,2133993.0,3013328.0
LN_002356,Telecom,0.00913,0.5753,1041201.0,776755.0,1041201.0
LN_002357,Telecom,0.00532,0.6469,570006.0,395546.0,570006.0
LN_002358,Telecom,0.00491,0.5148,817512.0,480601.0,817512.0
LN_002359,Telecom,0.00991,0.4084,4202038.0,2331426.0,4202038.0
LN_002360,Telecom,1.98%,0.7033,590380.0,538398.0,590380.0
LN_002361,Telcom,0.01397,0.5415,6132854.0,4101238.0,6132854.0
LN_002362,Telecom,0.89%,0.2279,370315.0,187045.0,370315.0
LN_002363,Telecom,0.01063,0.4387,2599429.0,1559305.0,2599429.0
LN_002364,Telecom,0.01269,0.571,3829814.0,2999282.0,3829814.0
LN_002365,Telecom,-999,0.5843,6670756.0,5138866.0,6670756.0
LN_002366,Telecom,0.00617,0.5582,1281164.0,966209.0,1281164.0
LN_002367,Telecom,0.01294,0.3162,915987.0,518585.0,915987.0
LN_002368,Tele Com,0.01036,0.5295,474503.0,340445.0,474503.0
LN_002369,Telecom,0.00618,0.3826,4888467.0,3101162.0,4888467.0
LN_002370,Telecom,0.00543,0.455,1731214.0,1177476.0,1731214.0
LN_002371,Telecom,0.01698,0.368,1244450.0,740098.0,1244450.0
LN_002372,Telecom,0.01063,0.7341,1295508.0,1034971.0,1295508.0
LN_002373,Telecom,0.00812,0.7592,2539216.0,2061336.0,2539216.0
LN_002374,Telecom,0.00948,0.5023,2036150.0,1205870.0,2036150.0
LN_002375,Telecom,0.01472,0.6516,6413376.0,5332286.0,6413376.0
LN_002376,telecom,0.95%,0.4828,229361.0,158507.0,229361.0
LN_002377,Telecom,0.02009,0.5935,4589903.0,3771616.0,4589903.0
LN_002378,Telecom,0.00793,0.409,1158517.0,640831.0,1158517.0
LN_002379,Telecom,0.0061,0.7558,1825056.0,1480027.0,1825056.0
ln_002380,Telecom,0.00853,0.2744,1441661.0,826495.0,1441661.0
LN_002381,Telecom,0.00565,0.7003,1813657.0,1486429.0,1813657.0
LN_002382,Consumer,0.01,0.2744,8557838.0,5004858.0,8557838.0
LN_002383,Consumer,0.01811,0.4859,6140423.0,3979762.0,6140423.0
LN_002384,Consumer,0.03421,0.456,622024.0,531375.0,622024.0
LN_002385,Consumer,0.01045,0.407,1866721.0,1195906.0,1866721.0
LN_002386,Consumer,0.01057,0.5724,3859203.0,3136140.0,3859203.0
LN_002387,Consumer,0.01104,0.5484,890698.0,670510.0,890698.0
LN_002388,Consumer,0.0062,0.4415,937426.0,609039.0,937426.0
LN_002389,Consumer,0.01083,0.5517,1449030.0,1056180.0,1449030.0
LN_002390,Consumer,0.02896,0.5216,4127979.0,3111030.0,4127979.0
LN_002391,Consumer,0.00819,0.7144,4855752.0,3833088.0,4855752.0
LN_002392,Consumer,0.01178,0.2819,1289823.0,763297.0,1289823.0
LN_002393,Consumer,0.02343,0.2708,4487774.0,3093980.0,4487774.0
LN_002394,Consumer,0.01715,0.543,8535635.0,6608527.0,8535635.0
LN_002395,Consumer,0.01452,0.3036,4918393.0,3146615.0,4918393.0
ln_002396,Consumer,0.01099,0.4185,947801.0,645880.0,947801.0
LN_002397,Consumer,0.01226,0.5388,850891.0,591703.0,850891.0
LN_002398,Consumer,0.01305,0.3508,2614448.0,1667372.0,2614448.0
LN_002399,Consumer,0.01823,0.1856,4460971.0,2464203.0,4460971.0
LN_002400,Consumer,None,0.6955,3017768.0,2273527.0,3017768.0
LN_002401,Consumer,0.02066,0.6463,1342125.0,1015536.0,1342125.0
LN_002402,Consumer,0.00516,0.3417,781635.0,477771.0,781635.0
LN_002403,Consumer,0.01947,0.54,6973631.0,5830777.0,6973631.0
LN_002404,Consumer,0.01,0.3621,1699180.0,1156858.0,1699180.0
LN_002405,Consumer,0.01306,0.596,12625039.0,9040596.0,12625039.0
LN_002406,Consumer,0.01053,0.3165,630099.0,417683.0,630099.0
LN_002407,Consumer,0.01784,0.469,1419417.0,1126344.0,1419417.0
LN_002408,Consumer,0.01225,0.5243,1042781.0,705172.0,1042781.0
LN_002409,Consumer,0.0177,0.6909,12356442.0,10650399.0,12356442.0
LN_002410,Consumer,0.00873,0.4158,6760834.0,4847534.0,6760834.0
LN_002411,Consumr,0.01427,0.4074,1208335.0,804837.0,1208335.0
LN_002412,Consumer,0.02384,0.4197,290596.0,227828.0,290596.0
LN_002413,Consumer,0.02254,0.4294,6224502.0,4312114.0,6224502.0
LN_002414,Consumer,0.0109,0.5457,2253055.0,1578812.0,2253055.0
LN_002415,Consumer,0.01395,0.6438,644695.0,536973.0,644695.0
LN_002416,Consumer,0.01083,0.2995,444502.0,254930.0,444502.0
LN_002417,Consumer,1.23%,0.6859,2948600.0,2385420.0,2948600.0
LN_002418,Consumer,0.01312,0.5356,1614628.0,1178347.0,1614628.0
LN_002419,Consumer,0.02365,0.518,2286855.0,1665694.0,2286855.0
LN_002420,Consumer,0.01735,0.391,2935292.0,2185498.0,2935292.0
LN_002421,Consumer,--,0.4614,1371797.0,1041780.0,1371797.0
LN_002422,Consumer,0.02778,0.4823,1511580.0,1160489.0,1511580.0
LN_002423,Consumer,0.00696,0.3182,"3,820,851",2089202.0,3820851.0
LN_002424,Consumer,0.01515,0.3774,1777724.0,1161931.0,1777724.0
LN_002425,Consumer,unknown,0.4044,1505739.0,890163.0,1505739.0
LN_002426,Consumer,0.00586,0.4276,3746510.0,2491273.0,3746510.0
LN_002427,Consumer,0.00764,0.3055,278071.0,152670.0,278071.0
LN_002428,Consumer,0.01016,0.3024,6824274.0,4218573.0,6824274.0
LN_002429,Consumer,0.0297,0.5367,3091008.0,2417673.0,3091008.0
LN_002430,Consumr,0.01359,0.5806,929062.0,652794.0,929062.0
LN_002431,Consumer,0.01188,0.5534,1667833.0,1137780.0,1667833.0
LN_002432,Consumer,0.01284,0.5421,6736310.0,4973820.0,6736310.0
LN_002433,Consumer,0.009,0.5627,3445697.0,2240590.0,3445697.0
LN_002434,Consumer,0.01418,0.5691,339766.0,268870.0,339766.0
LN_002435,Consumer,0.01245,0.4471,725931.0,476339.0,725931.0
LN_002436,Consumer,0.00583,0.3908,2386595.0,1541499.0,2386595.0
LN_002437,Consumer,0.01003,0.4264,11726247.0,7359856.0,11726247.0
LN_002438,Consumer,0.06811,0.5276,4253859.0,4639139.0,4253859.0
LN_002439,Consumer,0.01778,0.4894,"1,637,687",1108748.0,1637687.0
LN_002440,Consumer,0.01242,0.3133,3540527.0,1927700.0,3540527.0
LN_002441,Consumer,0.01809,0.6279,2026290.0,1691481.0,2026290.0
LN_002442,Consumer,0.00808,0.3561,1477308.0,840415.0,1477308.0
LN_002443,Consumer,0.01362,0.3806,2913978.0,2024890.0,2913978.0
LN_002444,Consumr,0.02007,0.4538,238992.0,164306.0,238992.0
LN_002445,consumer,0.00592,0.3739,5445176.0,3364795.0,5445176.0
LN_002446,Consumer,0.00908,0.2948,3402069.0,1796052.0,3402069.0
LN_002447,Consumer,0.01071,0.5413,1290526.0,810208.0,1290526.0
LN_002448,Consumer,0.01135,0.2815,854820.0,551388.0,854820.0
LN_002449,Consumer,0.01014,0.3345,603362.0,353638.0,603362.0
LN_002450,Consumer,0.0149,-,2617998.0,1599895.0,2617998.0
LN_002451,Consumer,0.02151,0.521,2315709.0,1796680.0,2315709.0
LN_002452,Consumer,0.01544,0.4441,2381717.0,1438457.0,2381717.0
LN_002453,Consumer,0.02157,0.2359,10921015.0,6881514.0,10921015.0
LN_002454,Consumer,0.02178,0.5348,225085.0,186730.0,225085.0
LN_002455,Consumer,0.00973,0.2924,977908.0,620322.0,977908.0
LN_002456,Consumer,0.01491,0.5638,928149.0,771950.0,928149.0
LN_002457,Consumer,0.01085,0.5069,5119019.0,3658260.0,5119019.0
LN_002458,Consumer,0.01801,0.5386,1558419.0,1169782.0,1558419.0
LN_002459,Consumer,0.01099,0.4348,784982.0,518020.0,784982.0
LN_002460,Consumer,0.01191,0.6096,2457768.0,1722366.0,2457768.0
LN_002461,Consumer,0.03,0.2888,2992326.0,2173818.0,2992326.0
LN_002462,Consumer,0.01196,0.417,9894811.0,6809106.0,9894811.0
LN_002463,Consumer,0.00608,0.6009,2574527.0,1893555.0,2574527.0
LN_002464,Consumer,0.01384,0.5259,1293260.0,886517.0,1293260.0
LN_002465,Consumer,0.01509,0.5666,1215226.0,954247.0,1215226.0
LN_002466,Consumer,0.01019,0.6835,893586.0,680195.0,893586.0
LN_002467,Consumer,0.01351,0.3681,3247113.0,2260976.0,3247113.0
LN_002468,Consumer,0.02152,0.5703,4500276.0,3438710.0,4500276.0
LN_002469,Consumer,0.01013,0.4687,1598352.0,1029096.0,1598352.0
LN_002470,Consumer,0.01191,0.3714,1749627.0,1069406.0,1749627.0
LN_002471,Consumer,0.92%,0.4473,7855704.0,4727506.0,7855704.0
LN_002472,Consumer,0.01536,0.3604,2211293.0,1321009.0,2211293.0
LN_002473,Consumer,0.01229,0.3714,3279944.0,2017892.0,3279944.0
LN_002474,Consumer,0.00832,0.2608,682142.0,288656.0,682142.0
LN_002475,Consumer,0.01211,0.5451,1097974.0,902795.0,1097974.0
LN_002476,Consumer,0.03198,0.4466,240428.0,194030.0,240428.0
LN_002477,Consumer,0.00568,0.6296,515743.0,384651.0,515743.0
LN_002478,Consumer,0.00664,0.6959,2883084.0,2105112.0,2883084.0
LN_002479,Consumer,0.01541,0.7158,6890440.0,5833885.0,6890440.0
LN_002480,Consumer,0.00664,0.2251,1535663.0,789634.0,1535663.0
LN_002481,Consumer,0.03395,0.5642,612641.0,532882.0,612641.0
LN_002482,Consumer,0.00631,NA,2194535.0,1197568.0,2194535.0
LN_002483,Consumer,0.00691,0.4383,6226447.0,3908183.0,6226447.0
LN_002484,Consumer,0.01017,0.5368,1701867.0,1044786.0,1701867.0
LN_002485,Consumer,0.02217,0.7576,4979952.0,4435922.0,4979952.0
LN_002486,Consumer,0.01936,0.4792,1880116.0,1291127.0,1880116.0
LN_002487,Consumer,0.01728,0.2667,590285.0,337150.0,590285.0
LN_002488,Consumer,0.01513,0.5327,814361.0,585131.0,814361.0
LN_002489,Consumer,0.0247,0.6692,1552751.0,1410798.0,1552751.0
LN_002490,Consumer,0.00538,0.5256,"19,237,481",14090777.0,19237481.0
LN_002491,Consumer,0.01498,0.256,3575140.0,2084096.0,3575140.0
LN_002492,Consumer,None,0.5357,1580692.0,1185535.0,1580692.0
LN_002493,Consumer,unknown,0.5359,2669985.0,2043977.0,2669985.0
LN_002494,Consumer,0.0153,0.3712,2472284.0,1427182.0,2472284.0
LN_002495,Consumer,0.02378,0.4908,1290752.0,950076.0,1290752.0
LN_002496,Consumer,0.02411,0.482,1804111.0,1352695.0,1804111.0
LN_002497,Consumer,0.01225,0.3043,1555954.0,863605.0,1555954.0
LN_002498,Consumer,0.03248,0.3218,4180061.0,3295569.0,4180061.0
LN_002499,Consumer,0.01675,0.5269,9405342.0,7155977.0,9405342.0
LN_002500,Consumer,0.02208,0.3988,7474001.0,5648160.0,7474001.0
LN_002501,Consumer,0.00776,0.4919,1460403.0,953697.0,1460403.0
LN_002502,Consumer,NA,0.3726,3468323.0,2264197.0,3468323.0
LN_002503,Consumer,0.00903,0.473,976621.0,642007.0,976621.0
LN_002504,Consumer,0.03099,0.395,677924.0,506042.0,677924.0
LN_002505,Consumer,0.0042,0.2476,2159816.0,1137467.0,2159816.0
LN_002506,Consumer,0.00535,0.4424,3665233.0,2365086.0,3665233.0
LN_002507,Consumer,0.01932,0.8154,1883066.0,1776055.0,1883066.0
LN_002508,Consumer,0.01406,0.454,4554513.0,3069554.0,4554513.0
LN_002509,Consumer,0.00309,0.7176,4556469.0,3141127.0,4556469.0
LN_002510,Consumer,0.01079,0.4822,4246928.0,2822746.0,4246928.0
LN_002511,Consumer,0.01128,0.4564,1720404.0,922673.0,1720404.0
LN_002512,Consumer,0.02362,0.698,520017.0,448108.0,520017.0
LN_002513,Consumer,0.00515,0.7546,11958909.0,9040832.0,11958909.0
LN_002514,Consumer,0.01011,0.5194,1250000.0,921512.0,1250000.0
LN_002515,Consumer,0.02201,0.1588,4143717.0,1804051.0,4143717.0
LN_002516,Consumer,0.01899,0.2751,3247024.0,2320535.0,3247024.0
LN_002517,Consumer,0.00837,0.6828,1421835.0,1079099.0,1421835.0
LN_002518,Consumer,0.01139,0.7415,12267231.0,9168867.0,12267231.0
LN_002519,Consumer,0.00638,0.62,3912447.0,2936043.0,3912447.0
LN_002520,Consumer,0.02546,0.3374,1978122.0,1409724.0,1978122.0
LN_002521,Consumer,0.01063,0.2854,1325841.0,784871.0,1325841.0
LN_002522,consumer,0.02435,0.6645,768363.0,745061.0,768363.0
LN_002523,Consumer Goods,0.01935,0.5973,571823.0,430916.0,571823.0
LN_002524,Consumer,0.00852,0.8352,3532173.0,3091299.0,3532173.0
LN_002525,Consumr,0.01222,0.5235,1295507.0,931164.0,1295507.0
LN_002526,Consumer,,0.4971,1279793.0,892810.0,1279793.0
LN_002527,Consumer,0.01627,0.2575,3308231.0,1997130.0,3308231.0
LN_002528,Consumer,0.02755,0.4971,1420563.0,1209183.0,1420563.0
LN_002529,Consumer,0.0226,0.5235,3823729.0,2796645.0,3823729.0
LN_002530,Consumer,0.01538,0.7624,1063608.0,940196.0,1063608.0
LN_002531,Consumer,None,0.4347,1198553.0,898034.0,1198553.0
LN_002532,Consumer,0.0093,0.4941,4976384.0,3533124.0,4976384.0
LN_002533,Consumer,0.00983,0.3686,1021310.0,543917.0,1021310.0
LN_002534,Consumer,0.01761,0.3454,3671095.0,2421889.0,3671095.0
LN_002535,Consumer,0.01547,0.5521,3308218.0,2406349.0,3308218.0
LN_002536,Consumer,0.00768,0.2795,2020173.0,1233550.0,2020173.0
LN_002537,Consumer,0.01265,0.3638,389782.0,241582.0,389782.0
LN_002538,Consumer,0.00892,0.1923,548305.0,332648.0,548305.0
LN_002539,Consumer,0.01004,0.1752,678573.0,302379.0,678573.0
LN_002540,Consumer,0.02464,0.2811,560662.0,379706.0,560662.0
LN_002541,Consumer,0.00832,0.3269,4702456.0,2522283.0,4702456.0
LN_002542,Consumer,0.00958,0.4913,846727.0,648293.0,846727.0
LN_002543,Consumer,0.01733,0.3318,587210.0,419484.0,587210.0
LN_002544,Consumer,0.01365,0.2346,1213223.0,625065.0,1213223.0
LN_002545,Consumer,0.01429,,1818654.0,1392248.0,1818654.0
LN_002546,Consumer,0.00654,0.4898,384608.0,252534.0,384608.0
LN_002547,Consumer,0.013,0.7378,3640155.0,2742483.0,3640155.0
LN_002548,Consumer,0.01101,0.5062,4089892.0,2628868.0,4089892.0
LN_002549,Consumer,0.0089,0.4725,1110734.0,742279.0,1110734.0
LN_002550,Consumer,0.01004,0.4665,4446243.0,3078794.0,4446243.0
LN_002551,Consumer,0.01143,0.5146,430648.0,294197.0,430648.0
LN_002552,Consumer,0.01982,0.5032,1159539.0,881643.0,1159539.0
LN_002553,Consumer,0.03282,0.3969,1701738.0,1328754.0,1701738.0
LN_002554,Consumer,0.01392,0.5532,2143622.0,1612269.0,2143622.0
LN_002555,Consumer Goods,0.02708,0.3812,6215437.0,4123811.0,6215437.0
LN_002556,Consumer,0.01395,0.4627,1443941.0,1003651.0,1443941.0
LN_002557,Consumer,0.00644,0.4128,737513.0,473562.0,737513.0
LN_002558,Consumer,0.01359,0.6015,"2,471,609",1701695.0,-2471609.0
LN_002559,Consumer,0.02458,0.238,2330251.0,1642349.0,2330251.0
LN_002560,Consumer,0.02604,0.3599,3109132.0,2414356.0,3109132.0
LN_002561,Consumer,0.00862,0.7325,1438104.0,1168829.0,1438104.0
LN_002562,Consumer,0.03902,0.393,2369788.0,2142049.0,2369788.0
LN_002563,Consumer Goods,0.00925,0.2468,1138369.0,570899.0,1138369.0
LN_002564,Consumer,0.00928,0.5021,3481970.0,2211235.0,3481970.0
LN_002565,Consumer,0.01027,0.5718,1040769.0,723658.0,1040769.0
LN_002566,Consumer,0.02668,0.4229,1084359.0,766974.0,1084359.0
LN_002567,Consumer,0.01607,0.5932,6308591.0,5452406.0,6308591.0
LN_002568,Consumer,0.02056,0.3641,944080.0,638333.0,944080.0
LN_002569,Consumer,0.00452,0.544,2004746.0,1350424.0,2004746.0
LN_002570,Consumer,0.01291,0.3534,3494772.0,2236692.0,3494772.0
LN_002571,Consumer,0.01254,0.4946,1460356.0,1133598.0,1460356.0
LN_002572,Consumer,0.01857,0.5307,4868852.0,3709004.0,4868852.0
LN_002573,consumer,0.01056,0.2546,1127546.0,603036.0,1127546.0
LN_002574,Consumer,0.02361,0.4891,5457699.0,4225756.0,5457699.0
LN_002575,Consumer Goods,0.0095,0.6213,430843.0,349542.0,430843.0
LN_002576,Consumer,0.00675,0.5079,527265.0,347971.0,527265.0
LN_002577,Consumer,0.00599,0.2044,2132463.0,1212361.0,2132463.0
LN_002578,Consumer,0.02445,0.2993,8155600.0,5518833.0,8155600.0
LN_002579,Consumer,0.01914,0.3559,9760720.0,6363942.0,9760720.0
LN_002580,Consumer,0.00909,0.2958,856924.0,507136.0,856924.0
LN_002581,Consumer,NULL,0.4483,1938726.0,1610040.0,1938726.0
LN_002582,Consumer,0.01222,0.6217,1230402.0,926979.0,1230402.0
LN_002583,Consumer,0.01252,0.7652,242464.0,221707.0,242464.0
LN_002584,consumer,0.00654,0.4077,4070596.0,2612012.0,4070596.0
LN_002585,Consumer,0.01018,0.2359,1379459.0,757119.0,1379459.0
LN_002586,Consumer,0.014,0.7003,7681105.0,6313340.0,7681105.0
LN_002587,Consumer,0.01466,0.4341,2624671.0,1883323.0,2624671.0
LN_002588,Consumer,0.01012,0.3337,1183371.0,739570.0,1183371.0
LN_002589,Consumer,0.02149,not available,1010950.0,844173.0,1010950.0
LN_002590,Consumer,0.02666,0.3764,1658344.0,1243404.0,1658344.0
LN_002591,Consumer,0.00899,0.6652,3120626.0,2269927.0,3120626.0
LN_002592,Consumer,0.01614,0.3566,1232544.0,753012.0,1232544.0
LN_002593,Consumer,0.00636,0.7502,31495714.0,23670260.0,31495714.0
LN_002594,Consumer,0.01624,0.4852,2449048.0,1708173.0,2449048.0
LN_002595,Consumer,0.00834,0.3505,652616.0,380226.0,652616.0
LN_002596,Consumer,0.01234,0.5651,2160919.0,1549122.0,2160919.0
LN_002597,Consumer,0.01446,0.3575,6154955.0,4062456.0,6154955.0
LN_002598,Consumer,0.01183,0.447,3045006.0,1888781.0,3045006.0
LN_002599,Consumer,0.02205,0.5882,1441016.0,1144329.0,1441016.0
LN_002600,Consumer,0.00914,0.5087,1039598.0,756551.0,1039598.0
LN_002601,Consumer,0.01062,0.5025,917850.0,710034.0,917850.0
LN_002602,Consumer,-999,0.3404,622619.0,394504.0,622619.0
LN_002603,Consumer,0.0131,0.4749,1201866.0,900662.0,1201866.0
LN_002604,Consumer,0.01506,0.2386,2583924.0,1652656.0,2583924.0
LN_002605,Consumer,0.01203,0.6043,1144010.0,806057.0,1144010.0
LN_002606,Consumer,0.00902,0.2045,9887673.0,5229037.0,9887673.0
LN_002607,Consumer,0.01836,0.3717,2892558.0,1773557.0,2892558.0
LN_002608,Consumer,0.01384,0.4373,1290292.0,844674.0,1290292.0
LN_002609,Consumer,0.02059,0.3803,1932495.0,1358594.0,1932495.0
LN_002610,Consumer,0.02537,0.5563,8444150.0,6298650.0,8444150.0
LN_002611,Consumer,0.01124,0.5508,373391.0,278894.0,373391.0
LN_002612,Consumer,0.00933,0.2169,2519783.0,1306796.0,2519783.0
LN_002613,Consumer,0.01071,0.4666,27831202.0,18347184.0,27831202.0
LN_002614,Consumer,0.00975,0.3463,5347086.0,3345110.0,5347086.0
LN_002615,Consumer,0.00511,0.4648,819720.0,488535.0,819720.0
LN_002616,Consumer,0.02947,0.2674,2256505.0,1332684.0,2256505.0
LN_002617,Consumer,0.01627,0.3879,1583116.0,1048861.0,1583116.0
LN_002618,Consumer Goods,0.04111,0.5464,30847037.0,26586471.0,30847037.0
LN_002619,Consumer,0.01019,0.5831,1030426.0,744217.0,1030426.0
LN_002620,Consumer,0.01776,0.5917,1526154.0,1110975.0,1526154.0
LN_002621,Consumer,0.01524,0.4397,1441629.0,918584.0,1441629.0
LN_002622,Consumer,0.01291,0.3275,491337.0,273677.0,491337.0
LN_002623,Consumer,0.02143,0.4698,77698.0,52368.0,77698.0
LN_002624,Consumer,0.01338,0.6232,1579651.0,1157861.0,1579651.0
LN_002625,Consumer, ,0.3196,3311253.0,1868910.0,3311253.0
LN_002626,Consumer,0.01444,0.2579,1303317.0,755642.0,1303317.0
LN_002627,Consumer,0.00455,0.2365,3245870.0,2152218.0,3245870.0
LN_002628,Consumer,0.00945,0.4752,4185372.0,2668524.0,4185372.0
LN_002629,Consumer,0.00937,0.5379,3965581.0,2473719.0,3965581.0
LN_002630,Consumer,0.02959,0.3568,375410.0,282333.0,375410.0
LN_002631,Consumer,0.01773,0.5291,8804107.0,6044484.0,8804107.0
LN_002632,Consumer,0.01951,0.2594,4647966.0,2629038.0,4647966.0
LN_002633,Consumer,0.01809,0.6401,4397862.0,3489714.0,4397862.0
LN_002634,Consumer,0.01219,0.3533,2015332.0,1247945.0,2015332.0
LN_002635,Consumer,0.02963,not available,1989624.0,1517719.0,1989624.0
LN_002636,Consumer,0.0121,0.4925,1170441.0,825302.0,1170441.0
LN_002637,Consumer,0.00677,0.5972,3017379.0,2151189.0,3017379.0
LN_002638,Consumer,0.01811,0.3824,4951682.0,3580126.0,4951682.0
LN_002639,Consumer,0.02361,0.4006,1138114.0,856795.0,1138114.0
LN_002640,Consumer,0.01407,0.234,4465278.0,2393451.0,4465278.0
LN_002641,Consumer,0.01595,0.2723,1261614.0,737438.0,1261614.0
LN_002642,Consumer,0.02124,0.3303,3578468.0,2118789.0,3578468.0
LN_002643,Consumer,0.02797,0.61,1729974.0,1531385.0,1729974.0
LN_002644,Consumer,0.01773,NA,4651479.0,3144956.0,4651479.0
LN_002645,Consumer,0.03009,0.5784,13315060.0,12537453.0,13315060.0
LN_002646,Consumer,missing,0.5995,2495569.0,1842339.0,2495569.0
LN_002647,Consumer,0.03674,0.3699,1230441.0,1043156.0,1230441.0
LN_002648,Consumer,0.0069,0.6853,"1,311,722",948026.0,1311722.0
LN_002649,Consumer,0.02112,0.3677,3688489.0,2197765.0,3688489.0
LN_002650,Consumer,0.01539,0.5128,1226952.0,836450.0,1226952.0
LN_002651,Consumer,0.01419,0.4764,5236318.0,3735360.0,5236318.0
LN_002652,Consumer,0.00724,0.5396,2678171.0,1980294.0,2678171.0
LN_002653,Consumer,0.02248,0.6763,4872239.0,3962506.0,4872239.0
LN_002654,Consumer,0.0122,0.3859,1160609.0,791789.0,1160609.0
LN_002655,Consumer,0.00831,0.2306,779281.0,389971.0,779281.0
LN_002656,Consumer,0.00989,0.523,"960,261",644469.0,960261.0
LN_002657,Consumer,0.01199,0.3521,2957154.0,1774603.0,2957154.0
LN_002658,Consumer,0.01408,0.4454,922618.0,700842.0,922618.0
LN_002659,Consumer,0.00866,0.4401,3963029.0,2584703.0,3963029.0
LN_002660,Consumer,0.0086,0.3783,263840.0,164598.0,263840.0
LN_002661,Consumer,0.01637,0.3291,1038147.0,575667.0,1038147.0
LN_002662,Consumer,0.01295,0.6368,1701269.0,1336005.0,1701269.0
LN_002663,Consumer,0.03454,0.6443,330600.0,305628.0,330600.0
LN_002664,Consumer,0.01094,0.4377,1096074.0,806134.0,1096074.0
LN_002665,Consumer,0.01918,0.7654,458152.0,386061.0,458152.0
LN_002666,Consumer,0.031,0.3811,1867219.0,1326200.0,1867219.0
LN_002667,consumer,0.01218,0.6544,1577680.0,1163156.0,1577680.0
LN_002668,Consumer,0.02154,0.3067,4159058.0,2559005.0,4159058.0
LN_002669,Consumer,0.01551,0.5343,874431.0,672349.0,874431.0
LN_002670,Consumer,0.01375,0.501,402494.0,268940.0,402494.0
LN_002671,Consumer,0.02901,0.3717,1171804.0,925813.0,1171804.0
LN_002672,Consumer,0.00832,0.3901,2276880.0,1400627.0,2276880.0
LN_002673,Consumer,0.01003,0.5373,2198515.0,1451226.0,2198515.0
LN_002674,consumer,0.00572,0.3876,2365404.0,1335642.0,2365404.0
LN_002675,Consumer,0.01265,0.1605,6667419.0,2973859.0,6667419.0
LN_002676,Consumer,0.02152,0.4158,1412294.0,897998.0,1412294.0
LN_002677,Consumer,0.01186,0.4092,1627434.0,1141670.0,1627434.0
LN_002678,Consumer,0.01989,0.467,872301.0,670085.0,872301.0
LN_002679,Consumer,0.00931,0.2958,1118719.0,581018.0,1118719.0
LN_002680,Consumer,0.02322,0.4507,5610979.0,4006179.0,5610979.0
LN_002681,Consumer,0.0127,0.3511,2864845.0,1995677.0,2864845.0
LN_002682,Consumer,0.01066,0.5901,152682.0,107156.0,152682.0
LN_002683,Consumer,0.02947,0.5207,6589289.0,5422143.0,6589289.0
LN_002684,Consumer,0.01334,0.4015,282439.0,190490.0,282439.0
LN_002685,Consumer,0.01765,0.5311,1339801.0,987358.0,1339801.0
LN_002686,Consumer,0.0142,0.2477,5232635.0,2935145.0,5232635.0
LN_002687,Consumer,0.01879,0.655,2284815.0,1839517.0,2284815.0
LN_002688,Consumer,0.01421,0.5258,3482988.0,2538563.0,3482988.0
LN_002689,Consumer,0.00752,0.3594,4729625.0,2435488.0,4729625.0
LN_002690,Consumer,0.01535,0.1353,2697471.0,1395801.0,2697471.0
LN_002691,Consumer,0.01685,0.3541,582776.0,380740.0,582776.0
LN_002692,Consumer,0.01614,0.7231,2892353.0,2250861.0,2892353.0
LN_002693,Consumer,0.01201,0.299,1011657.0,614159.0,1011657.0
LN_002694,Consumer,0.032,0.6139,185826.0,154711.0,185826.0
LN_002695,Consumr,0.00944,0.2838,1508530.0,652895.0,1508530.0
LN_002696,Consumer,0.01421,0.1364,3454115.0,1429417.0,3454115.0
LN_002697,Consumer,0.01483,0.6001,2264239.0,1748383.0,2264239.0
LN_002698,Consumer,0.00796,0.1962,2029158.0,1078592.0,2029158.0
LN_002699,Consumer,0.00756,0.288,11157549.0,5926632.0,11157549.0
LN_002700,Consumer,0.01843,0.5507,2633924.0,1818986.0,2633924.0
LN_002701,Consumer,0.01852,0.3537,4955757.0,3201547.0,4955757.0
LN_002702,Consumer,0.01433,0.3981,2783001.0,1942613.0,2783001.0
LN_002703,Consumer,0.0062,0.5539,10191558.0,7009948.0,10191558.0
LN_002704,Consumer,0.01165,0.3416,1401607.0,748446.0,1401607.0
LN_002705,Consumer,0.01503,0.5017,6446425.0,4751956.0,6446425.0
LN_002706,Consumer,0.01805,0.2031,12129542.0,6771938.0,12129542.0
LN_002707,Consumer,0.02369,0.67,1396677.0,1187527.0,1396677.0
LN_002708,Consumer,0.01666,0.6019,5663639.0,4429590.0,5663639.0
LN_002709,Consumer,0.02127,0.4431,531212.0,396752.0,531212.0
LN_002710,Consumer,0.02972,0.5721,2759480.0,2306174.0,2759480.0
LN_002711,Consumer,0.00437,0.6503,4174734.0,2858850.0,4174734.0
LN_002712,Consumer,0.02156,0.4096,891637.0,621704.0,891637.0
LN_002713,Consumer,0.01086,0.6655,345394.0,271399.0,345394.0
LN_002714,Consumer,0.01687,0.3536,2124544.0,1490451.0,2124544.0
LN_002715,Consumer,0.0148,0.4895,1465629.0,946979.0,1465629.0
LN_002716,Consumer,0.0082,0.654,2433112.0,1825199.0,2433112.0
LN_002717,Consumer,0.00868,0.251,2706295.0,1340251.0,2706295.0
LN_002718,Consumer,0.0165,0.2558,4610608.0,2770151.0,4610608.0
LN_002719,Consumer,0.01227,0.6123,9473558.0,6931920.0,9473558.0
LN_002720,Consumer,0.019,0.7281,3109406.0,2213067.0,3109406.0
LN_002721,Consumer,0.01112,0.5524,449807.0,344171.0,449807.0
LN_002722,Consumer,0.03745,0.5956,3946824.0,3425033.0,3946824.0
LN_002723,Consumer,0.01184,0.6031,2986564.0,2082128.0,2986564.0
LN_002724,Consumer,0.03616,0.2901,2350466.0,1529351.0,2350466.0
LN_002725,Consumer,0.00929,0.6108,9705241.0,6670555.0,9705241.0
LN_002726,Consumr,0.01749,0.3572,2645097.0,1549559.0,2645097.0
LN_002727,Consumer,0.02294,0.4302,1434029.0,1025366.0,1434029.0
LN_002728,Utilities,0.00631,0.3179,828581.0,490351.0,828581.0
LN_002729,Utilities,0.00565,0.2974,5026407.0,2881035.0,5026407.0
LN_002730,Utilities,0.007,0.2764,945493.0,526160.0,945493.0
LN_002731,Utilities,0.00391,0.3383,1206448.0,647990.0,1206448.0
LN_002732,Utilities,0.00789,0.4161,392887.0,247242.0,392887.0
LN_002733,Utilities,0.00558,0.2201,688759.0,306249.0,688759.0
LN_002734,Utilities,0.0073,0.3221,1211821.0,735529.0,1211821.0
LN_002735,UTILITIES,0.00793,0.1537,1241494.0,626697.0,1241494.0
LN_002736,Utilities,0.00491,0.2303,460476.0,236934.0,460476.0
LN_002737,Utilities,0.01078,0.3702,1098896.0,632642.0,1098896.0
LN_002738,Utilities,0.00869,0.0975,1741262.0,770359.0,1741262.0
LN_002739,Utilities,0.00481,0.3181,157473.0,82718.0,157473.0
LN_002740,Utility,0.0139,0.2913,3488835.0,2121349.0,3488835.0
LN_002741,Utilities,1.33%,0.4855,1520354.0,1037142.0,1520354.0
LN_002742,Utilities,0.00277,0.5492,540781.0,370958.0,540781.0
LN_002743,Utilities,0.00196,0.3543,1521508.0,915603.0,1521508.0
LN_002744,Utilties,0.00434,0.2842,"3,038,517",1805129.0,3038517.0
LN_002745,Utilities,0.00739,0.151,1969818.0,840737.0,1969818.0
LN_002746,Utilities,0.0093,0.0858,2061500.0,899213.0,2061500.0
LN_002747,Utilities,0.00814,0.2925,2001101.0,1012050.0,2001101.0
LN_002748,Utilities,0.00585,0.3036,3710253.0,2273879.0,3710253.0
LN_002749,Utilities,0.00945,-,530842.0,278991.0,530842.0
LN_002750,Utilities,0.00835,0.2941,1118512.0,701951.0,1118512.0
LN_002751,Utilities,0.00476,0.2741,2862624.0,1443879.0,2862624.0
LN_002752,Utilities,0.00645,0.2707,2027671.0,1191356.0,2027671.0
LN_002753,Utilities,0.00992,0.3481,706672.0,405692.0,706672.0
LN_002754,Utilities,0.00432,0.2694,1501579.0,770067.0,1501579.0
LN_002755,Utilities,0.00434,0.4941,1004393.0,656442.0,1004393.0
LN_002756,Utilities,0.00392,0.2441,2012551.0,1030271.0,2012551.0
LN_002757,Utilities,0.01205,0.443,396599.0,261156.0,396599.0
LN_002758,Utilities,0.0082,0.2124,410293.0,225020.0,410293.0
LN_002759,Utilities,0.00892,0.2936,487937.0,304166.0,487937.0
LN_002760,Utilities,0.00493,0.05,1728896.0,776298.0,1728896.0
LN_002761,Utilities,0.00583,0.5139,21491478.0,13836946.0,21491478.0
LN_002762,Utilities,0.01069,0.4824,5086650.0,2993758.0,5086650.0
LN_002763,Utilities,0.00516,0.2355,6423777.0,3313412.0,6423777.0
LN_002764,Utilities,0.01053,0.375,1986458.0,954016.0,1986458.0
LN_002765,Utilities,0.00586,0.2727,9170537.0,5208189.0,9170537.0
LN_002766,Utilities,0.00585,0.4079,2772926.0,1773705.0,2772926.0
LN_002767,Utilities,0.00775,0.1744,2097440.0,907579.0,2097440.0
LN_002768,Utilities,0.00899,0.2792,5614116.0,3289046.0,5614116.0
LN_002769,Utilities,0.01393,0.159,606449.0,296241.0,606449.0
LN_002770,Utilities,0.005,0.3487,235984.0,149530.0,235984.0
LN_002771,Utility,0.01348,0.4679,620304.0,403570.0,620304.0
LN_002772,Utilities,NULL,0.4426,7655933.0,4417389.0,7655933.0
LN_002773,Utilities,0.0039,0.3627,4680015.0,2530196.0,4680015.0
LN_002774,Utilities,0.00199,0.2609,2354070.0,1217068.0,2354070.0
LN_002775,Utilities,0.00893,0.6026,1559284.0,1066652.0,1559284.0
LN_002776,Utilities,0.0122,0.3303,1661621.0,1188261.0,1661621.0
LN_002777,Utilities,0.00331,0.3537,2857362.0,1560129.0,2857362.0
LN_002778,Utilities,0.00506,0.2354,850711.0,506572.0,850711.0
LN_002779,Utilities,0.00523,0.3997,4139229.0,2430263.0,4139229.0
LN_002780,Utilities,0.00278,0.5745,764723.0,510091.0,764723.0
LN_002781,Utilities,0.00614,0.1961,7208143.0,3314530.0,7208143.0
LN_002782,Utilities,0.00687,0.5019,1414023.0,890736.0,1414023.0
LN_002783,utilities,0.00465,0.591,801035.0,580161.0,801035.0
LN_002784,Utilities,0.00361,0.3194,1483092.0,898611.0,1483092.0
LN_002785,Utilities,NA,0.5584,797279.0,558302.0,797279.0
LN_002786,UTILITIES,0.79%,0.3787,1719827.0,966676.0,1719827.0
LN_002787,Utilities,0.00298,0.242,340302.0,173997.0,340302.0
LN_002788,Utilities,0.00566,,1214247.0,630621.0,1214247.0
LN_002789,Utilities,0.0078,0.1838,2104064.0,771337.0,2104064.0
LN_002790,Utilities,0.00151,0.5032,2838065.0,1821725.0,2838065.0
LN_002791,Utilities,0.00695,0.3344,1340299.0,656753.0,1340299.0
LN_002792,Utilities,0.01373,0.5038,6321467.0,4288367.0,6321467.0
LN_002793,Utilities,0.32%,0.2119,378990.0,184975.0,378990.0
LN_002794,Utilities,0.01124,0.3621,1580443.0,943225.0,1580443.0
LN_002795,Utilities,0.00515,0.21,1219517.0,589543.0,1219517.0
LN_002796,Utilities,0.00798,0.3683,1936757.0,1309432.0,1936757.0
LN_002797,Utilities,0.0055,0.2051,1512353.0,820467.0,1512353.0
LN_002798,Utilities,0.0034,0.1225,7466384.0,3822260.0,7466384.0
LN_002799,Utilities,0.00258,0.2905,1943750.0,1041042.0,1943750.0
LN_002800,Utilities,0.01904,0.4284,793429.0,564031.0,793429.0
LN_002801,Utilities,0.00309,0.4146,21868592.0,14935879.0,21868592.0
LN_002802,Utilities,0.00521,0.4551,2025287.0,1216929.0,2025287.0
LN_002803,Utilities,0.01193,0.2755,1667901.0,982892.0,1667901.0
LN_002804,Utilities,0.0069,0.1975,4606659.0,2332989.0,4606659.0
LN_002805,Utilities,0.65%,0.3513,1092176.0,651318.0,1092176.0
LN_002806,Utilities,0.00223,0.5105,1565997.0,1054267.0,1565997.0
LN_002807,Utilities,0.0044,0.474,4507050.0,2897299.0,4507050.0
LN_002808,Utilities,0.00311,0.3907,616636.0,384210.0,616636.0
LN_002809,Utilities,0.00248,0.3085,1254685.0,618663.0,1254685.0
LN_002810,Utilities,0.00711,0.4521,4861974.0,3235253.0,4861974.0
LN_002811,Utilities,0.00893,0.1355,11176990.0,4772706.0,11176990.0
LN_002812,Utilities,0.00409,0.3676,1802560.0,1134161.0,1802560.0
LN_002813,Utilities,0.00433,0.4438,"1,759,092",1174765.0,1759092.0
LN_002814,Utilities,0.00735,0.3541,5611977.0,3246073.0,5611977.0
LN_002815,Utilities,0.00915,0.38,463678.0,273017.0,463678.0
LN_002816,Utilities,0.00355,0.5601,991273.0,671807.0,991273.0
LN_002817,Utilities,0.01055,,900181.0,602622.0,900181.0
LN_002818,Utilities,0.00941,0.2249,263733.0,120254.0,263733.0
LN_002819,Utilities,0.00597,0.1844,116086.0,50825.0,116086.0
LN_002820,Utilities,0.00346,0.3523,1310613.0,799300.0,1310613.0
LN_002821,Utilities,0.00786,0.4612,"4,714,196",3016179.0,4714196.0
LN_002822,Utilities,0.00835,0.2767,3722791.0,1820579.0,3722791.0
LN_002823,Utilties,0.01407,0.2381,6663833.0,3041461.0,6663833.0
LN_002824,Utilities,0.00444,0.2205,136568.0,64966.0,136568.0
LN_002825,Utilities,0.01293,0.2255,1687937.0,785578.0,1687937.0
LN_002826,Utilities,0.00501,0.3069,7131771.0,3953245.0,7131771.0
LN_002827,Utilities,0.00771,0.2386,836300.0,437154.0,836300.0
LN_002828,Utilities,0.00564,0.2699,548118.0,340385.0,548118.0
LN_002829,Utilities,0.00621,0.2206,2731539.0,1220133.0,2731539.0
LN_002830,Utilities,0.01222,0.4447,1972332.0,1376576.0,1972332.0
LN_002831,Utilities,0.00426,0.2674,3622802.0,1678404.0,3622802.0
LN_002832,Utilities,0.00894,0.2223,1937061.0,919208.0,1937061.0
LN_002833,Utilities,0.00523,0.3736,6534147.0,3760910.0,6534147.0
LN_002834,UTILITIES,0.58%,0.5507,3831329.0,2473575.0,3831329.0
LN_002835,Utilities,0.0042,0.5585,2503187.0,1927047.0,2503187.0
LN_002836,Utilities,0.00657,0.4558,1351709.0,859982.0,1351709.0
LN_002837,Utilities,0.00224,0.2547,3882838.0,1807968.0,3882838.0
LN_002838,Utilities,0.00525,0.5176,1022514.0,794871.0,1022514.0
LN_002839,Utilities,0.00978,0.1855,4968243.0,2338227.0,4968243.0
LN_002840,Utilities,0.009,0.5182,5991609.0,4010742.0,5991609.0
LN_002841,Utilities,0.00269,0.1964,4911720.0,2271453.0,4911720.0
LN_002842,Utilities,0.00344,0.2999,563066.0,279405.0,563066.0
LN_002843,Utilities,0.00487,0.1495,3005418.0,1470320.0,3005418.0
LN_002844,Utilities,0.01494,0.3073,2807435.0,1867019.0,2807435.0
LN_002845,utilities,0.00484,0.5845,4580079.0,2913349.0,4580079.0
LN_002846,Utilties,0.59%,0.2887,429035.0,222662.0,429035.0
LN_002847,Utilities,0.00529,0.257,"1,090,308",548310.0,1090308.0
LN_002848,Utilities,0.00693,0.1959,1815696.0,779570.0,1815696.0
LN_002849,Utilities,0.00382,0.4329,7633265.0,4159705.0,7633265.0
LN_002850,Utilities,0.00678,0.3082,1094265.0,590965.0,1094265.0
LN_002851,Utilities,0.00754,0.3548,4687949.0,2552523.0,4687949.0
LN_002852,Utilities,1.00%,0.1777,2263154.0,1177927.0,2263154.0
LN_002853,Utilities,0.00387,0.4536,12929661.0,8537301.0,12929661.0
LN_002854,Utilities,0.0093,0.258,2695840.0,1494688.0,2695840.0
LN_002855,Utilities,0.01535,0.1824,406955.0,225465.0,406955.0
LN_002856,Utilities,0.0088,0.3567,1496026.0,825842.0,1496026.0
LN_002857,Utilities,0.00836,0.1699,2520200.0,1164456.0,2520200.0
LN_002858,Utilities,0.0018,0.172,6775910.0,3197315.0,6775910.0
LN_002859,Utilities,0.01154,0.2875,3752054.0,2261128.0,3752054.0
LN_002860,Utilities,0.01533,0.4038,1491451.0,980361.0,1491451.0
LN_002861,Utilities,0.01089,0.1006,570601.0,282208.0,570601.0
LN_002862,Utilities,0.00767,0.3398,2029180.0,1153080.0,2029180.0
LN_002863,Utilities,0.009,0.4899,1745335.0,1072328.0,1745335.0
LN_002864,Utilities,0.02622,0.4824,7218377.0,5667134.0,7218377.0
LN_002865,Utilities,0.42%,0.3497,4872220.0,2653107.0,4872220.0
LN_002866,Utilities,0.0049,0.168,499422.0,193183.0,499422.0
LN_002867,Utilities,0.01029,0.2382,203679.0,118302.0,203679.0
LN_002868,Utilities,0.00679,0.144,1312831.0,637815.0,1312831.0
LN_002869,Utility,0.00206,0.2085,2562835.0,1306150.0,2562835.0
LN_002870,Utilities,0.00668,0.3033,761395.0,404640.0,761395.0
LN_002871,Utilities,0.0071,0.4218,1186190.0,822859.0,1186190.0
LN_002872,Utilities,0.00378,0.3778,6291416.0,3781010.0,6291416.0
LN_002873,Utilities,0.00722,0.3129,4047869.0,2469136.0,4047869.0
LN_002874,Utilities,0.00676,0.4561,363918.0,220976.0,363918.0
LN_002875,Utilities,0.00246,0.3287,2766268.0,1460216.0,2766268.0
LN_002876,Utilities,0.00772,0.5631,2301434.0,1761387.0,2301434.0
LN_002877,Utilities,0.01731,0.0664,1615791.0,786096.0,1615791.0
LN_002878,Utilities,0.01418,0.2263,3424532.0,1911328.0,3424532.0
LN_002879,Utilities,0.00342,0.1361,3495702.0,1799254.0,3495702.0
LN_002880,Utilities,0.00311,0.0723,22485933.0,10381124.0,22485933.0
LN_002881,Utilities,0.00616,0.3444,2469389.0,1444346.0,2469389.0
LN_002882,Utilities,0.00688,0.2289,964387.0,584993.0,964387.0
LN_002883,Utilities,0.00309,0.497,1210120.0,686888.0,1210120.0
LN_002884,Utilities,0.00415,0.51,3987371.0,2590727.0,3987371.0
LN_002885,Utilities,0.01172,0.4574,13101190.0,8422158.0,13101190.0
LN_002886,Financials,0.01985,0.6261,724977.0,642554.0,724977.0
LN_002887,Financials,0.02087,0.4432,1414236.0,1021668.0,1414236.0
LN_002888,Financials,0.00775,0.4551,961459.0,581800.0,961459.0
LN_002889,Financials,0.01048,0.4695,474496.0,354721.0,474496.0
LN_002890,Financials,0.01535,0.6085,926124.0,759509.0,926124.0
LN_002891,Financials,0.01256,0.2403,1347050.0,703593.0,1347050.0
LN_002892,Financials,0.01111,0.325,3084157.0,1686886.0,3084157.0
LN_002893,Financial,0.0158,0.527,1605914.0,1168847.0,1605914.0
LN_002894,Financials,0.02494,0.3611,2979070.0,2194758.0,2979070.0
LN_002895,Financials,0.01038,0.3944,8212246.0,4615815.0,8212246.0
LN_002896,Financials,0.00576,0.3514,5666769.0,3611622.0,5666769.0
LN_002897,Financials,0.0093,0.2961,1474224.0,813875.0,1474224.0
LN_002898,Financials,0.00962,0.315,381521.0,238390.0,381521.0
LN_002899,Financials,0.00817,0.217,1852184.0,951951.0,1852184.0
LN_002900,Financials,0.01372,0.3225,2425628.0,1543516.0,2425628.0
LN_002901,Financials,0.01394,0.4679,6049823.0,4388064.0,6049823.0
LN_002902,Financials,0.01515,0.5186,2565377.0,2033551.0,2565377.0
LN_002903,Financials,0.01234,0.4469,36195721.0,23063550.0,36195721.0
LN_002904,Financials,0.01112,0.4349,1609957.0,1211237.0,1609957.0
LN_002905,Financials,0.00601,0.6804,4302628.0,3011418.0,4302628.0
LN_002906,Financials, ,0.4946,890023.0,614303.0,890023.0
LN_002907,Financials,0.0065,0.3812,812110.0,515632.0,812110.0
LN_002908,Financials,0.01145,0.4347,1644957.0,1088705.0,1644957.0
LN_002909,Financials,0.00928,0.3114,2713302.0,1692026.0,2713302.0
LN_002910,Financials,0.00963,0.5773,4409353.0,2857923.0,4409353.0
LN_002911,Financials,0.01263,0.4076,94475.0,61462.0,94475.0
LN_002912,Financials,0.00853,0.5247,6804140.0,5048940.0,6804140.0
LN_002913,Financials,0.01635,0.3002,9869160.0,6086760.0,9869160.0
LN_002914,Financials,0.01619,0.3337,8538024.0,4943389.0,8538024.0
LN_002915,Financials,0.00626,0.3032,5156736.0,2914169.0,5156736.0
LN_002916,Finance,0.01836,0.6035,1943554.0,1563425.0,1943554.0
LN_002917,Financials,0.00836,0.2491,3844220.0,1888378.0,3844220.0
LN_002918,Financials,0.00695,0.3867,7985513.0,5372585.0,7985513.0
LN_002919,Financials,0.00845,0.4928,829650.0,537815.0,829650.0
LN_002920,Financials,0.00536,0.5521,4290704.0,2737710.0,4290704.0
LN_002921,Financials,0.01155,0.4399,3634948.0,2433968.0,3634948.0
LN_002922,Financials,0.01745,0.284,1906017.0,1108805.0,1906017.0
LN_002923,Financials,0.00477,0.2992,13172829.0,7071040.0,13172829.0
LN_002924,Financials,0.01203,0.58,1089517.0,823570.0,1089517.0
LN_002925,Financails,0.01296,0.2737,818795.0,459282.0,818795.0
LN_002926,Financials,0.01344,0.1454,2083885.0,1131465.0,2083885.0
LN_002927,Financials,0.01335,0.4612,1162211.0,815209.0,1162211.0
LN_002928,Financials,0.01208,0.3133,"8,320,841",5474605.0,8320841.0
LN_002929,Financials,0.00786,0.3666,412410.0,227961.0,412410.0
LN_002930,Financials,0.01502,0.3727,585471.0,381464.0,585471.0
LN_002931,Financials,0.01151,0.2707,2965092.0,1731130.0,2965092.0
LN_002932,Financials,0.01435,0.4232,4577961.0,3141705.0,4577961.0
LN_002933,Financials,0.01139,0.4198,661363.0,362968.0,661363.0
LN_002934,Financials,0.00867,0.3133,7953505.0,4176248.0,7953505.0
LN_002935,Financials,0.00961,0.3792,317212.0,201625.0,317212.0
LN_002936,Financials,0.01312,0.3063,6051378.0,3804685.0,6051378.0
LN_002937,Financials,0.01611,0.5616,886026.0,673752.0,886026.0
LN_002938,Financials,0.00395,0.6677,1340847.0,1010129.0,1340847.0
LN_002939,Financials,0.00534,0.5449,13014116.0,9701470.0,13014116.0
LN_002940,Financials,0.00451,0.7045,2018732.0,1515201.0,2018732.0
LN_002941,Financials,0.00762,0.3801,1125895.0,642337.0,1125895.0
LN_002942,Financials,0.00714,0.5889,2726129.0,2164214.0,2726129.0
LN_002943,Financials,0.01079,0.3909,14157097.0,9390625.0,14157097.0
LN_002944,Financial,0.85%,0.3988,2289346.0,1409317.0,2289346.0
LN_002945,Financials,0.01849,0.4675,988389.0,678285.0,988389.0
LN_002946,Financials,0.00732,0.1664,2628875.0,1493346.0,2628875.0
LN_002947,Financials,0.007,0.3421,617827.0,352167.0,617827.0
LN_002948,Financials,0.00663,0.4373,1072000.0,636538.0,1072000.0
LN_002949,Financials,0.0085,0.269,1206439.0,742004.0,1206439.0
LN_002950,Financials,0.01059,0.3685,4060429.0,2221824.0,4060429.0
LN_002951,Financials,0.00779,0.3461,1305094.0,761089.0,1305094.0
LN_002952,Financials,0.00631,0.42,"3,435,456",2244303.0,3435456.0
LN_002953,Financials,0.00512,0.7738,6707981.0,5338224.0,6707981.0
LN_002954,Financials,N/A,0.4181,10271779.0,6390476.0,10271779.0
LN_002955,Financials,0.00754,0.3931,391713.0,249334.0,391713.0
LN_002956,Financials,0.00613,0.3616,2007420.0,1062626.0,2007420.0
LN_002957,Financials,0.00861,0.5356,669662.0,461494.0,669662.0
LN_002958,Financials,0.01146,0.5873,4014776.0,3134588.0,4014776.0
LN_002959,Financials,0.02592,,2716199.0,1913400.0,2716199.0
LN_002960,Financials,0.0212,0.1746,2092992.0,1349998.0,2092992.0
LN_002961,Financials,0.00641,0.3916,1243550.0,742416.0,1243550.0
LN_002962,Financials,0.0079,0.3436,805065.0,471900.0,805065.0
LN_002963,Financial,0.00386,0.4991,389549.0,244533.0,389549.0
LN_002964,Finance,0.00385,0.4394,5541143.0,3583181.0,5541143.0
LN_002965,Financials,0.00406,0.3541,1728776.0,949482.0,1728776.0
LN_002966,Financials,0.01507,0.3212,2177732.0,1375859.0,2177732.0
LN_002967,Financials,0.00909,0.3833,2904350.0,1977238.0,2904350.0
LN_002968,Financials,0.00486,0.5285,4647751.0,3415892.0,4647751.0
LN_002969,Financials,0.00709,0.5816,13860675.0,8886841.0,13860675.0
LN_002970,Financials,0.00768,0.3064,"1,764,158",1119276.0,1764158.0
LN_002971,Financials,0.00712,0.2173,4049338.0,1990376.0,4049338.0
LN_002972,Financials,0.0196,0.3617,412086.0,282233.0,412086.0
LN_002973,Financials,0.00389,0.5106,1423546.0,943520.0,1423546.0
LN_002974,Financials,0.00786,0.3679,1038558.0,640517.0,1038558.0
LN_002975,Financials,0.01096,0.5512,1126304.0,780313.0,1126304.0
LN_002976,Financials,0.01225,0.3581,6687879.0,4365604.0,6687879.0
LN_002977,Financials,0.00346,0.2312,2346730.0,1293682.0,2346730.0
LN_002978,Financials,0.01065,NA,2249100.0,1143867.0,2249100.0
LN_002979,Financials,0.00535,0.373,2277573.0,1343525.0,2277573.0
LN_002980,Financials,0.0074,0.3849,1685146.0,1094636.0,1685146.0
LN_002981,Financials,0.00458,0.3365,1691255.0,1046640.0,1691255.0
LN_002982,Financials,0.01407,0.4434,1105950.0,772157.0,1105950.0
LN_002983,Financials,0.0429,0.428,1234177.0,1060770.0,1234177.0
LN_002984,Financials,0.01579,0.4584,1373741.0,994726.0,1373741.0
LN_002985,Financials,0.00846,0.3966,1755981.0,1063634.0,1755981.0
LN_002986,Financials,0.00423,0.1233,325752.0,150866.0,325752.0
LN_002987,Financials,0.01477,0.5592,2250037.0,1655983.0,2250037.0
LN_002988,Financials,0.01726,0.3456,2027776.0,1277719.0,2027776.0
LN_002989,Financials,0.00578,0.5357,3183551.0,1805148.0,3183551.0
LN_002990,Financials,0.01528,0.1615,692574.0,308563.0,692574.0
LN_002991,Financials,0.00416,0.2013,830123.0,421017.0,830123.0
LN_002992,Financials,0.00532,0.5185,4659639.0,3293842.0,4659639.0
LN_002993,Financials,0.01046,0.4798,1026341.0,720372.0,1026341.0
LN_002994,Financials,0.00503,0.2049,3381542.0,1694628.0,3381542.0
LN_002995,Financials,0.014,0.433,1073855.0,709248.0,1073855.0
LN_002996,Financials,0.01929,0.5133,636944.0,496142.0,636944.0
LN_002997,Financials,0.01008,0.4861,493048.0,326010.0,493048.0
LN_002998,Financials,0.01237,0.4332,"1,144,625",761507.0,1144625.0
LN_002999,Financials,0.02099,n.a.,1312998.0,1062269.0,1312998.0
LN_003000,Financials,0.01254,0.4353,621077.0,372301.0,621077.0
LN_000944, Energy,0.00804,0.2426,"14,992,945",7502511.0,14992945.0
LN_001549,Industrials,0.01432,0.3613,1580628.0,901115.0,1580628.0
LN_001268,Energy,0.03148,0.5162,519110.0,398809.0,519110.0
LN_000389,Healthcare,0.01616,0.244,418835.0,248033.0,418835.0
LN_002445,consumer,0.00592,0.3739,5445176.0,3364795.0,5445176.0
LN_002104,Telecom,0.00639,0.5574,218093.0,157145.0,218093.0
